Datetime,Ticker,Open,High,Low,Close,Volume,RUN_JST,RUN_ET,BASE_SESSION,POS,CC2,SD20,SIG,C2,SRC2_CLOSE,ZEROV
2026-07-30 04:00:00-04:00,SOXL,91.24,94.75,90.2,94.11,0,2026-09-10 22:18 JST,2026-09-10 09:18 ET,2026-09-09,0.6443,7.1167,6.132,none,1,125.87000274658203,0
2026-07-30 05:00:00-04:00,SOXL,94.17,95.62,92.5,94.85,0,2026-09-10 22:18 JST,2026-09-10 09:18 ET,2026-09-09,0.6443,7.1167,6.132,none,1,125.87000274658203,0
2026-07-30 06:00:00-04:00,SOXL,94.84,96.95,93.41,96.81,0,2026-09-10 22:18 JST,2026-09-10 09:18 ET,2026-09-09,0.6443,7.1167,6.132,none,1,125.87000274658203,0
2026-07-30 07:00:00-04:00,SOXL,96.78,100.0,91.99,99.9,0,2026-09-10 22:18 JST,2026-09-10 09:18 ET,2026-09-09,0.6443,7.1167,6.132,none,1,125.87000274658203,0
2026-07-30 08:00:00-04:00,SOXL,99.91,102.0753,98.22,101.71,0,2026-09-10 22:18 JST,2026-09-10 09:18 ET,2026-09-09,0.6443,7.1167,6.132,none,1,125.87000274658203,0
2026-07-30 09:00:00-04:00,SOXL,101.72,105.79,101.71,105.2639,0,2026-09-10 22:18 JST,2026-09-10 09:18 ET,2026-09-09,0.6443,7.1167,6.132,none,1,125.87000274658203,0
2026-07-30 09:30:00-04:00,SOXL,107.37999725341797,117.33000183105469,105.12000274658203,117.23999786376953,50704096,2026-09-10 22:18 JST,2026-09-10 09:18 ET,2026-09-09,0.6443,7.1167,6.132,none,1,125.87000274658203,0
2026-07-30 10:30:00-04:00,SOXL,117.23999786376953,118.0,111.68000030517578,113.0,15679911,2026-09-10 22:18 JST,2026-09-10 09:18 ET,2026-09-09,0.6443,7.1167,6.132,none,1,125.87000274658203,0
2026-07-30 11:30:00-04:00,SOXL,113.04000091552734,116.30999755859375,112.66000366210938,114.88999938964844,6627044,2026-09-10 22:18 JST,2026-09-10 09:18 ET,2026-09-09,0.6443,7.1167,6.132,none,1,125.87000274658203,0
2026-07-30 12:30:00-04:00,SOXL,114.86000061035156,115.95999908447266,112.51899719238281,114.95999908447266,5017538,2026-09-10 22:18 JST,2026-09-10 09:18 ET,2026-09-09,0.6443,7.1167,6.132,none,1,125.87000274658203,0
2026-07-30 13:30:00-04:00,SOXL,114.98999786376953,115.3499984741211,113.318603515625,114.06999969482422,3224411,2026-09-10 22:18 JST,2026-09-10 09:18 ET,2026-09-09,0.6443,7.1167,6.132,none,1,125.87000274658203,0
2026-07-30 14:30:00-04:00,SOXL,114.11000061035156,116.58000183105469,112.62000274658203,114.66000366210938,7012399,2026-09-10 22:18 JST,2026-09-10 09:18 ET,2026-09-09,0.6443,7.1167,6.132,none,1,125.87000274658203,0
2026-07-30 15:30:00-04:00,SOXL,114.6500015258789,115.80999755859375,114.44999694824219,115.06999969482422,11194224,2026-09-10 22:18 JST,2026-09-10 09:18 ET,2026-09-09,0.6443,7.1167,6.132,none,1,125.87000274658203,0
2026-07-30 16:00:00-04:00,SOXL,114.72,119.83,114.01,119.35,0,2026-09-10 22:18 JST,2026-09-10 09:18 ET,2026-09-09,0.6443,7.1167,6.132,none,1,125.87000274658203,0
2026-07-30 17:00:00-04:00,SOXL,119.39,122.94,118.72,121.4,0,2026-09-10 22:18 JST,2026-09-10 09:18 ET,2026-09-09,0.6443,7.1167,6.132,none,1,125.87000274658203,0
2026-07-30 18:00:00-04:00,SOXL,121.4,123.9,121.0,123.1,0,2026-09-10 22:18 JST,2026-09-10 09:18 ET,2026-09-09,0.6443,7.1167,6.132,none,1,125.87000274658203,0
2026-07-30 19:00:00-04:00,SOXL,123.1098,124.6,121.55,124.5841,0,2026-09-10 22:18 JST,2026-09-10 09:18 ET,2026-09-09,0.6443,7.1167,6.132,none,1,125.87000274658203,0
2026-07-31 04:00:00-04:00,SOXL,126.65,128.43,121.17,128.23,0,2026-09-10 22:18 JST,2026-09-10 09:18 ET,2026-09-09,0.6443,7.1167,6.132,none,1,125.87000274658203,0
2026-07-31 05:00:00-04:00,SOXL,128.2042,129.25,127.16,127.55,0,2026-09-10 22:18 JST,2026-09-10 09:18 ET,2026-09-09,0.6443,7.1167,6.132,none,1,125.87000274658203,0
2026-07-31 06:00:00-04:00,SOXL,127.51,128.1,125.6,127.3574,0,2026-09-10 22:18 JST,2026-09-10 09:18 ET,2026-09-09,0.6443,7.1167,6.132,none,1,125.87000274658203,0
2026-07-31 07:00:00-04:00,SOXL,127.3,129.39,126.512,128.08,0,2026-09-10 22:18 JST,2026-09-10 09:18 ET,2026-09-09,0.6443,7.1167,6.132,none,1,125.87000274658203,0
2026-07-31 08:00:00-04:00,SOXL,128.17,128.9,124.15,126.12,0,2026-09-10 22:18 JST,2026-09-10 09:18 ET,2026-09-09,0.6443,7.1167,6.132,none,1,125.87000274658203,0
2026-07-31 09:00:00-04:00,SOXL,126.26,127.75,124.4,127.4096,0,2026-09-10 22:18 JST,2026-09-10 09:18 ET,2026-09-09,0.6443,7.1167,6.132,none,1,125.87000274658203,0
2026-07-31 09:30:00-04:00,SOXL,129.89999389648438,133.8800048828125,112.41999816894531,119.69000244140625,55080692,2026-09-10 22:18 JST,2026-09-10 09:18 ET,2026-09-09,0.6443,7.1167,6.132,none,1,125.87000274658203,0
2026-07-31 10:30:00-04:00,SOXL,119.62000274658203,121.59989929199219,114.08000183105469,115.81999969482422,12663538,2026-09-10 22:18 JST,2026-09-10 09:18 ET,2026-09-09,0.6443,7.1167,6.132,none,1,125.87000274658203,0
2026-07-31 11:30:00-04:00,SOXL,115.73999786376953,119.0,114.58979797363281,119.0,7273473,2026-09-10 22:18 JST,2026-09-10 09:18 ET,2026-09-09,0.6443,7.1167,6.132,none,1,125.87000274658203,0
2026-07-31 12:30:00-04:00,SOXL,119.0,120.97000122070312,116.7699966430664,120.5199966430664,6304004,2026-09-10 22:18 JST,2026-09-10 09:18 ET,2026-09-09,0.6443,7.1167,6.132,none,1,125.87000274658203,0
2026-07-31 13:30:00-04:00,SOXL,120.44010162353516,121.9000015258789,117.60050201416016,118.59500122070312,5304598,2026-09-10 22:18 JST,2026-09-10 09:18 ET,2026-09-09,0.6443,7.1167,6.132,none,1,125.87000274658203,0
2026-07-31 14:30:00-04:00,SOXL,118.6500015258789,119.56950378417969,117.33000183105469,118.68000030517578,4857491,2026-09-10 22:18 JST,2026-09-10 09:18 ET,2026-09-09,0.6443,7.1167,6.132,none,1,125.87000274658203,0
2026-07-31 15:30:00-04:00,SOXL,118.63999938964844,119.0,114.61000061035156,114.61000061035156,7384941,2026-09-10 22:18 JST,2026-09-10 09:18 ET,2026-09-09,0.6443,7.1167,6.132,none,1,125.87000274658203,0
2026-07-31 16:00:00-04:00,SOXL,114.72,118.2065,112.86,112.92,0,2026-09-10 22:18 JST,2026-09-10 09:18 ET,2026-09-09,0.6443,7.1167,6.132,none,1,125.87000274658203,0
2026-07-31 17:00:00-04:00,SOXL,112.93,113.97,112.11,112.39,0,2026-09-10 22:18 JST,2026-09-10 09:18 ET,2026-09-09,0.6443,7.1167,6.132,none,1,125.87000274658203,0
2026-07-31 18:00:00-04:00,SOXL,112.39,114.12,112.37,113.7,0,2026-09-10 22:18 JST,2026-09-10 09:18 ET,2026-09-09,0.6443,7.1167,6.132,none,1,125.87000274658203,0
2026-07-31 19:00:00-04:00,SOXL,113.7,114.08,112.6587,112.6587,0,2026-09-10 22:18 JST,2026-09-10 09:18 ET,2026-09-09,0.6443,7.1167,6.132,none,1,125.87000274658203,0
2026-08-03 04:00:00-04:00,SOXL,116.99,121.18,112.1,112.61,0,2026-09-10 22:18 JST,2026-09-10 09:18 ET,2026-09-09,0.6443,7.1167,6.132,none,1,125.87000274658203,0
2026-08-03 05:00:00-04:00,SOXL,112.62,116.82,112.12,114.0,0,2026-09-10 22:18 JST,2026-09-10 09:18 ET,2026-09-09,0.6443,7.1167,6.132,none,1,125.87000274658203,0
2026-08-03 06:00:00-04:00,SOXL,114.01,114.6517,108.53,109.99,0,2026-09-10 22:18 JST,2026-09-10 09:18 ET,2026-09-09,0.6443,7.1167,6.132,none,1,125.87000274658203,0
2026-08-03 07:00:00-04:00,SOXL,109.99,111.75,107.91,107.99,0,2026-09-10 22:18 JST,2026-09-10 09:18 ET,2026-09-09,0.6443,7.1167,6.132,none,1,125.87000274658203,0
2026-08-03 08:00:00-04:00,SOXL,107.93,109.36,103.96,106.47,0,2026-09-10 22:18 JST,2026-09-10 09:18 ET,2026-09-09,0.6443,7.1167,6.132,none,1,125.87000274658203,0
2026-08-03 09:00:00-04:00,SOXL,106.39,107.4,105.07,105.93,0,2026-09-10 22:18 JST,2026-09-10 09:18 ET,2026-09-09,0.6443,7.1167,6.132,none,1,125.87000274658203,0
2026-08-03 09:30:00-04:00,SOXL,106.1500015258789,111.6500015258789,102.08999633789062,111.45999908447266,36283990,2026-09-10 22:18 JST,2026-09-10 09:18 ET,2026-09-09,0.6443,7.1167,6.132,none,1,125.87000274658203,0
2026-08-03 10:30:00-04:00,SOXL,111.51499938964844,116.94000244140625,110.59010314941406,110.88999938964844,14580969,2026-09-10 22:18 JST,2026-09-10 09:18 ET,2026-09-09,0.6443,7.1167,6.132,none,1,125.87000274658203,0
2026-08-03 11:30:00-04:00,SOXL,110.9000015258789,115.69000244140625,110.75,114.10040283203125,6802139,2026-09-10 22:18 JST,2026-09-10 09:18 ET,2026-09-09,0.6443,7.1167,6.132,none,1,125.87000274658203,0
2026-08-03 12:30:00-04:00,SOXL,114.1500015258789,115.0989990234375,112.60009765625,114.98999786376953,4223416,2026-09-10 22:18 JST,2026-09-10 09:18 ET,2026-09-09,0.6443,7.1167,6.132,none,1,125.87000274658203,0
2026-08-03 13:30:00-04:00,SOXL,114.98999786376953,118.87000274658203,114.75980377197266,116.0,5977361,2026-09-10 22:18 JST,2026-09-10 09:18 ET,2026-09-09,0.6443,7.1167,6.132,none,1,125.87000274658203,0
2026-08-03 14:30:00-04:00,SOXL,116.01499938964844,117.37999725341797,115.4000015258789,116.48999786376953,4316430,2026-09-10 22:18 JST,2026-09-10 09:18 ET,2026-09-09,0.6443,7.1167,6.132,none,1,125.87000274658203,0
2026-08-03 15:30:00-04:00,SOXL,116.48999786376953,117.38999938964844,115.93000030517578,116.72000122070312,5757924,2026-09-10 22:18 JST,2026-09-10 09:18 ET,2026-09-09,0.6443,7.1167,6.132,none,1,125.87000274658203,0
2026-08-03 16:00:00-04:00,SOXL,116.71,118.28,116.1955,117.73,0,2026-09-10 22:18 JST,2026-09-10 09:18 ET,2026-09-09,0.6443,7.1167,6.132,none,1,125.87000274658203,0
2026-08-03 17:00:00-04:00,SOXL,117.74,118.5,117.3,118.08,0,2026-09-10 22:18 JST,2026-09-10 09:18 ET,2026-09-09,0.6443,7.1167,6.132,none,1,125.87000274658203,0
2026-08-03 18:00:00-04:00,SOXL,118.08,119.66,118.02,119.28,0,2026-09-10 22:18 JST,2026-09-10 09:18 ET,2026-09-09,0.6443,7.1167,6.132,none,1,125.87000274658203,0
2026-08-03 19:00:00-04:00,SOXL,119.32,120.09,118.65,120.0,0,2026-09-10 22:18 JST,2026-09-10 09:18 ET,2026-09-09,0.6443,7.1167,6.132,none,1,125.87000274658203,0
2026-08-04 04:00:00-04:00,SOXL,122.44,126.3858,115.8712,125.47,0,2026-09-10 22:18 JST,2026-09-10 09:18 ET,2026-09-09,0.6443,7.1167,6.132,none,1,125.87000274658203,0
2026-08-04 05:00:00-04:00,SOXL,125.5,125.5,121.74,123.46,0,2026-09-10 22:18 JST,2026-09-10 09:18 ET,2026-09-09,0.6443,7.1167,6.132,none,1,125.87000274658203,0
2026-08-04 06:00:00-04:00,SOXL,123.47,127.5969,123.2,126.73,0,2026-09-10 22:18 JST,2026-09-10 09:18 ET,2026-09-09,0.6443,7.1167,6.132,none,1,125.87000274658203,0
2026-08-04 07:00:00-04:00,SOXL,126.73,130.7453,116.71,130.61,0,2026-09-10 22:18 JST,2026-09-10 09:18 ET,2026-09-09,0.6443,7.1167,6.132,none,1,125.87000274658203,0
2026-08-04 08:00:00-04:00,SOXL,130.52,133.09,129.2552,131.95,0,2026-09-10 22:18 JST,2026-09-10 09:18 ET,2026-09-09,0.6443,7.1167,6.132,none,1,125.87000274658203,0
2026-08-04 09:00:00-04:00,SOXL,131.9,132.95,130.36,132.91,0,2026-09-10 22:18 JST,2026-09-10 09:18 ET,2026-09-09,0.6443,7.1167,6.132,none,1,125.87000274658203,0
2026-08-04 09:30:00-04:00,SOXL,131.5050048828125,136.13999938964844,129.66000366210938,134.56210327148438,34329134,2026-09-10 22:18 JST,2026-09-10 09:18 ET,2026-09-09,0.6443,7.1167,6.132,none,1,125.87000274658203,0
2026-08-04 10:30:00-04:00,SOXL,134.57000732421875,137.9600067138672,133.44000244140625,136.91749572753906,7050589,2026-09-10 22:18 JST,2026-09-10 09:18 ET,2026-09-09,0.6443,7.1167,6.132,none,1,125.87000274658203,0
2026-08-04 11:30:00-04:00,SOXL,136.9593048095703,139.57000732421875,136.72000122070312,138.94000244140625,5141430,2026-09-10 22:18 JST,2026-09-10 09:18 ET,2026-09-09,0.6443,7.1167,6.132,none,1,125.87000274658203,0
2026-08-04 12:30:00-04:00,SOXL,138.9499969482422,141.0,138.61000061035156,140.7550048828125,3844385,2026-09-10 22:18 JST,2026-09-10 09:18 ET,2026-09-09,0.6443,7.1167,6.132,none,1,125.87000274658203,0
2026-08-04 13:30:00-04:00,SOXL,140.7100067138672,142.19000244140625,139.20030212402344,141.17999267578125,4786877,2026-09-10 22:18 JST,2026-09-10 09:18 ET,2026-09-09,0.6443,7.1167,6.132,none,1,125.87000274658203,0
2026-08-04 14:30:00-04:00,SOXL,141.17999267578125,142.41990661621094,140.2200927734375,141.3000030517578,5171589,2026-09-10 22:18 JST,2026-09-10 09:18 ET,2026-09-09,0.6443,7.1167,6.132,none,1,125.87000274658203,0
2026-08-04 15:30:00-04:00,SOXL,141.27000427246094,141.6999969482422,139.8000030517578,140.14999389648438,8970290,2026-09-10 22:18 JST,2026-09-10 09:18 ET,2026-09-09,0.6443,7.1167,6.132,none,1,125.87000274658203,0
2026-08-04 16:00:00-04:00,SOXL,140.19,143.19,131.71,134.8,0,2026-09-10 22:18 JST,2026-09-10 09:18 ET,2026-09-09,0.6443,7.1167,6.132,none,1,125.87000274658203,0
2026-08-04 17:00:00-04:00,SOXL,134.79,136.2,133.42,134.3331,0,2026-09-10 22:18 JST,2026-09-10 09:18 ET,2026-09-09,0.6443,7.1167,6.132,none,1,125.87000274658203,0
2026-08-04 18:00:00-04:00,SOXL,134.4,136.25,133.9797,135.755,0,2026-09-10 22:18 JST,2026-09-10 09:18 ET,2026-09-09,0.6443,7.1167,6.132,none,1,125.87000274658203,0
2026-08-04 19:00:00-04:00,SOXL,135.785,136.8,134.94,136.0504,0,2026-09-10 22:18 JST,2026-09-10 09:18 ET,2026-09-09,0.6443,7.1167,6.132,none,1,125.87000274658203,0
2026-08-05 04:00:00-04:00,SOXL,139.79,143.47,134.7042,135.8,0,2026-09-10 22:18 JST,2026-09-10 09:18 ET,2026-09-09,0.6443,7.1167,6.132,none,1,125.87000274658203,0
2026-08-05 05:00:00-04:00,SOXL,135.73,136.0,132.88,135.75,0,2026-09-10 22:18 JST,2026-09-10 09:18 ET,2026-09-09,0.6443,7.1167,6.132,none,1,125.87000274658203,0
2026-08-05 06:00:00-04:00,SOXL,135.71,136.93,134.51,134.8663,0,2026-09-10 22:18 JST,2026-09-10 09:18 ET,2026-09-09,0.6443,7.1167,6.132,none,1,125.87000274658203,0
2026-08-05 07:00:00-04:00,SOXL,134.8663,139.9,133.2,134.53,0,2026-09-10 22:18 JST,2026-09-10 09:18 ET,2026-09-09,0.6443,7.1167,6.132,none,1,125.87000274658203,0
2026-08-05 08:00:00-04:00,SOXL,134.54,135.76,131.44,134.4121,0,2026-09-10 22:18 JST,2026-09-10 09:18 ET,2026-09-09,0.6443,7.1167,6.132,none,1,125.87000274658203,0
2026-08-05 09:00:00-04:00,SOXL,134.42,135.18,132.05,132.21,0,2026-09-10 22:18 JST,2026-09-10 09:18 ET,2026-09-09,0.6443,7.1167,6.132,none,1,125.87000274658203,0
2026-08-05 09:30:00-04:00,SOXL,135.5399932861328,144.33999633789062,134.1887969970703,135.17999267578125,27445790,2026-09-10 22:18 JST,2026-09-10 09:18 ET,2026-09-09,0.6443,7.1167,6.132,none,1,125.87000274658203,0
2026-08-05 10:30:00-04:00,SOXL,135.11000061035156,135.25,130.0,133.27999877929688,10077919,2026-09-10 22:18 JST,2026-09-10 09:18 ET,2026-09-09,0.6443,7.1167,6.132,none,1,125.87000274658203,0
2026-08-05 11:30:00-04:00,SOXL,133.23500061035156,137.93260192871094,132.41000366210938,137.86000061035156,6045095,2026-09-10 22:18 JST,2026-09-10 09:18 ET,2026-09-09,0.6443,7.1167,6.132,none,1,125.87000274658203,0
2026-08-05 12:30:00-04:00,SOXL,137.9199981689453,138.0800018310547,134.2899932861328,134.7949981689453,3987160,2026-09-10 22:18 JST,2026-09-10 09:18 ET,2026-09-09,0.6443,7.1167,6.132,none,1,125.87000274658203,0
2026-08-05 13:30:00-04:00,SOXL,134.69000244140625,136.22999572753906,134.25,136.10000610351562,2127708,2026-09-10 22:18 JST,2026-09-10 09:18 ET,2026-09-09,0.6443,7.1167,6.132,none,1,125.87000274658203,0
2026-08-05 14:30:00-04:00,SOXL,136.08999633789062,137.7899932861328,134.60000610351562,137.11000061035156,4321907,2026-09-10 22:18 JST,2026-09-10 09:18 ET,2026-09-09,0.6443,7.1167,6.132,none,1,125.87000274658203,0
2026-08-05 15:30:00-04:00,SOXL,137.13999938964844,137.47999572753906,131.0500030517578,131.60499572753906,8074339,2026-09-10 22:18 JST,2026-09-10 09:18 ET,2026-09-09,0.6443,7.1167,6.132,none,1,125.87000274658203,0
2026-08-05 16:00:00-04:00,SOXL,132.07,135.27,129.31,132.4,0,2026-09-10 22:18 JST,2026-09-10 09:18 ET,2026-09-09,0.6443,7.1167,6.132,none,1,125.87000274658203,0
2026-08-05 17:00:00-04:00,SOXL,132.18,132.96,130.1,130.673,0,2026-09-10 22:18 JST,2026-09-10 09:18 ET,2026-09-09,0.6443,7.1167,6.132,none,1,125.87000274658203,0
2026-08-05 18:00:00-04:00,SOXL,130.74,133.95,130.651,132.5,0,2026-09-10 22:18 JST,2026-09-10 09:18 ET,2026-09-09,0.6443,7.1167,6.132,none,1,125.87000274658203,0
2026-08-05 19:00:00-04:00,SOXL,132.5,133.0,131.2,131.47,0,2026-09-10 22:18 JST,2026-09-10 09:18 ET,2026-09-09,0.6443,7.1167,6.132,none,1,125.87000274658203,0
2026-08-06 04:00:00-04:00,SOXL,129.04,131.15,126.1297,128.26,0,2026-09-10 22:18 JST,2026-09-10 09:18 ET,2026-09-09,0.6443,7.1167,6.132,none,1,125.87000274658203,0
2026-08-06 05:00:00-04:00,SOXL,128.24,129.5,127.2,128.33,0,2026-09-10 22:18 JST,2026-09-10 09:18 ET,2026-09-09,0.6443,7.1167,6.132,none,1,125.87000274658203,0
2026-08-06 06:00:00-04:00,SOXL,128.29,130.35,127.95,129.84,0,2026-09-10 22:18 JST,2026-09-10 09:18 ET,2026-09-09,0.6443,7.1167,6.132,none,1,125.87000274658203,0
2026-08-06 07:00:00-04:00,SOXL,129.83,129.91,126.0,129.15,0,2026-09-10 22:18 JST,2026-09-10 09:18 ET,2026-09-09,0.6443,7.1167,6.132,none,1,125.87000274658203,0
2026-08-06 08:00:00-04:00,SOXL,129.16,131.68,127.0,128.17,0,2026-09-10 22:18 JST,2026-09-10 09:18 ET,2026-09-09,0.6443,7.1167,6.132,none,1,125.87000274658203,0
2026-08-06 09:00:00-04:00,SOXL,128.1,129.24,125.45,125.57,0,2026-09-10 22:18 JST,2026-09-10 09:18 ET,2026-09-09,0.6443,7.1167,6.132,none,1,125.87000274658203,0
2026-08-06 09:30:00-04:00,SOXL,125.2300033569336,139.86000061035156,120.74659729003906,137.0050048828125,26355350,2026-09-10 22:18 JST,2026-09-10 09:18 ET,2026-09-09,0.6443,7.1167,6.132,none,1,125.87000274658203,0
2026-08-06 10:30:00-04:00,SOXL,137.07000732421875,140.0,134.33099365234375,138.3699951171875,7950434,2026-09-10 22:18 JST,2026-09-10 09:18 ET,2026-09-09,0.6443,7.1167,6.132,none,1,125.87000274658203,0
2026-08-06 11:30:00-04:00,SOXL,138.28390502929688,139.10000610351562,132.28700256347656,133.0699005126953,5392947,2026-09-10 22:18 JST,2026-09-10 09:18 ET,2026-09-09,0.6443,7.1167,6.132,none,1,125.87000274658203,0
2026-08-06 12:30:00-04:00,SOXL,132.96170043945312,137.5272979736328,132.8000030517578,136.05999755859375,3664560,2026-09-10 22:18 JST,2026-09-10 09:18 ET,2026-09-09,0.6443,7.1167,6.132,none,1,125.87000274658203,0
2026-08-06 13:30:00-04:00,SOXL,136.0,137.66000366210938,134.38999938964844,136.94700622558594,2656351,2026-09-10 22:18 JST,2026-09-10 09:18 ET,2026-09-09,0.6443,7.1167,6.132,none,1,125.87000274658203,0
2026-08-06 14:30:00-04:00,SOXL,136.9499053955078,137.5,134.36000061035156,134.9113006591797,3002649,2026-09-10 22:18 JST,2026-09-10 09:18 ET,2026-09-09,0.6443,7.1167,6.132,none,1,125.87000274658203,0
2026-08-06 15:30:00-04:00,SOXL,134.8699951171875,135.84730529785156,132.10000610351562,132.4600067138672,5196933,2026-09-10 22:18 JST,2026-09-10 09:18 ET,2026-09-09,0.6443,7.1167,6.132,none,1,125.87000274658203,0
2026-08-06 16:00:00-04:00,SOXL,132.5105,134.15,132.33,134.02,0,2026-09-10 22:18 JST,2026-09-10 09:18 ET,2026-09-09,0.6443,7.1167,6.132,none,1,125.87000274658203,0
2026-08-06 17:00:00-04:00,SOXL,134.0,134.6014,133.5,133.9206,0,2026-09-10 22:18 JST,2026-09-10 09:18 ET,2026-09-09,0.6443,7.1167,6.132,none,1,125.87000274658203,0
2026-08-06 18:00:00-04:00,SOXL,133.96,135.47,133.61,135.35,0,2026-09-10 22:18 JST,2026-09-10 09:18 ET,2026-09-09,0.6443,7.1167,6.132,none,1,125.87000274658203,0
2026-08-06 19:00:00-04:00,SOXL,135.35,135.82,134.6378,135.7,0,2026-09-10 22:18 JST,2026-09-10 09:18 ET,2026-09-09,0.6443,7.1167,6.132,none,1,125.87000274658203,0
2026-08-07 04:00:00-04:00,SOXL,136.24,138.7,132.38,138.35,0,2026-09-10 22:18 JST,2026-09-10 09:18 ET,2026-09-09,0.6443,7.1167,6.132,none,1,125.87000274658203,0
2026-08-07 05:00:00-04:00,SOXL,138.3959,138.9,137.27,137.79,0,2026-09-10 22:18 JST,2026-09-10 09:18 ET,2026-09-09,0.6443,7.1167,6.132,none,1,125.87000274658203,0
2026-08-07 06:00:00-04:00,SOXL,137.78,138.16,135.5,136.68,0,2026-09-10 22:18 JST,2026-09-10 09:18 ET,2026-09-09,0.6443,7.1167,6.132,none,1,125.87000274658203,0
2026-08-07 07:00:00-04:00,SOXL,136.7,138.0958,135.65,137.9174,0,2026-09-10 22:18 JST,2026-09-10 09:18 ET,2026-09-09,0.6443,7.1167,6.132,none,1,125.87000274658203,0
2026-08-07 08:00:00-04:00,SOXL,137.92,139.3,136.76,137.94,0,2026-09-10 22:18 JST,2026-09-10 09:18 ET,2026-09-09,0.6443,7.1167,6.132,none,1,125.87000274658203,0
2026-08-07 09:00:00-04:00,SOXL,138.4726,146.1,137.65,142.71,0,2026-09-10 22:18 JST,2026-09-10 09:18 ET,2026-09-09,0.6443,7.1167,6.132,none,1,125.87000274658203,0
2026-08-07 09:30:00-04:00,SOXL,141.97000122070312,143.9199981689453,131.55999755859375,137.24349975585938,27477059,2026-09-10 22:18 JST,2026-09-10 09:18 ET,2026-09-09,0.6443,7.1167,6.132,none,1,125.87000274658203,0
2026-08-07 10:30:00-04:00,SOXL,137.2086944580078,139.47999572753906,133.02000427246094,138.84500122070312,8688926,2026-09-10 22:18 JST,2026-09-10 09:18 ET,2026-09-09,0.6443,7.1167,6.132,none,1,125.87000274658203,0
2026-08-07 11:30:00-04:00,SOXL,138.7899932861328,140.55990600585938,136.6699981689453,137.42999267578125,5409322,2026-09-10 22:18 JST,2026-09-10 09:18 ET,2026-09-09,0.6443,7.1167,6.132,none,1,125.87000274658203,0
2026-08-07 12:30:00-04:00,SOXL,137.39999389648438,139.90499877929688,135.86000061035156,139.38009643554688,3179759,2026-09-10 22:18 JST,2026-09-10 09:18 ET,2026-09-09,0.6443,7.1167,6.132,none,1,125.87000274658203,0
2026-08-07 13:30:00-04:00,SOXL,139.43760681152344,139.55499267578125,137.46389770507812,137.63580322265625,1900173,2026-09-10 22:18 JST,2026-09-10 09:18 ET,2026-09-09,0.6443,7.1167,6.132,none,1,125.87000274658203,0
2026-08-07 14:30:00-04:00,SOXL,137.64999389648438,140.6497039794922,137.27000427246094,139.50999450683594,3821826,2026-09-10 22:18 JST,2026-09-10 09:18 ET,2026-09-09,0.6443,7.1167,6.132,none,1,125.87000274658203,0
2026-08-07 15:30:00-04:00,SOXL,139.5449981689453,140.6699981689453,137.6699981689453,140.25999450683594,7864183,2026-09-10 22:18 JST,2026-09-10 09:18 ET,2026-09-09,0.6443,7.1167,6.132,none,1,125.87000274658203,0
2026-08-07 16:00:00-04:00,SOXL,140.26,140.38,139.64,140.3452,0,2026-09-10 22:18 JST,2026-09-10 09:18 ET,2026-09-09,0.6443,7.1167,6.132,none,1,125.87000274658203,0
2026-08-07 17:00:00-04:00,SOXL,140.29,140.34,139.72,139.95,0,2026-09-10 22:18 JST,2026-09-10 09:18 ET,2026-09-09,0.6443,7.1167,6.132,none,1,125.87000274658203,0
2026-08-07 18:00:00-04:00,SOXL,139.96,140.18,139.9,140.02,0,2026-09-10 22:18 JST,2026-09-10 09:18 ET,2026-09-09,0.6443,7.1167,6.132,none,1,125.87000274658203,0
2026-08-07 19:00:00-04:00,SOXL,140.02,141.3,139.77,141.2383,0,2026-09-10 22:18 JST,2026-09-10 09:18 ET,2026-09-09,0.6443,7.1167,6.132,none,1,125.87000274658203,0
2026-08-10 04:00:00-04:00,SOXL,145.69,146.9953,141.51,145.73,0,2026-09-10 22:18 JST,2026-09-10 09:18 ET,2026-09-09,0.6443,7.1167,6.132,none,1,125.87000274658203,0
2026-08-10 05:00:00-04:00,SOXL,145.7042,146.55,145.41,145.95,0,2026-09-10 22:18 JST,2026-09-10 09:18 ET,2026-09-09,0.6443,7.1167,6.132,none,1,125.87000274658203,0
2026-08-10 06:00:00-04:00,SOXL,145.92,146.05,143.98,145.12,0,2026-09-10 22:18 JST,2026-09-10 09:18 ET,2026-09-09,0.6443,7.1167,6.132,none,1,125.87000274658203,0
2026-08-10 07:00:00-04:00,SOXL,145.16,145.5548,142.07,143.6,0,2026-09-10 22:18 JST,2026-09-10 09:18 ET,2026-09-09,0.6443,7.1167,6.132,none,1,125.87000274658203,0
2026-08-10 08:00:00-04:00,SOXL,143.59,144.26,140.3942,140.9,0,2026-09-10 22:18 JST,2026-09-10 09:18 ET,2026-09-09,0.6443,7.1167,6.132,none,1,125.87000274658203,0
2026-08-10 09:00:00-04:00,SOXL,140.9,141.9761,139.7,141.36,0,2026-09-10 22:18 JST,2026-09-10 09:18 ET,2026-09-09,0.6443,7.1167,6.132,none,1,125.87000274658203,0
2026-08-10 09:30:00-04:00,SOXL,142.8000030517578,143.4499969482422,135.8300018310547,137.11000061035156,20222302,2026-09-10 22:18 JST,2026-09-10 09:18 ET,2026-09-09,0.6443,7.1167,6.132,none,1,125.87000274658203,0
2026-08-10 10:30:00-04:00,SOXL,137.1300048828125,138.64999389648438,133.19000244140625,134.20620727539062,6254862,2026-09-10 22:18 JST,2026-09-10 09:18 ET,2026-09-09,0.6443,7.1167,6.132,none,1,125.87000274658203,0
2026-08-10 11:30:00-04:00,SOXL,134.10000610351562,136.49000549316406,133.25,135.05999755859375,3327072,2026-09-10 22:18 JST,2026-09-10 09:18 ET,2026-09-09,0.6443,7.1167,6.132,none,1,125.87000274658203,0
2026-08-10 12:30:00-04:00,SOXL,135.0,135.3773956298828,133.0,133.97999572753906,3153915,2026-09-10 22:18 JST,2026-09-10 09:18 ET,2026-09-09,0.6443,7.1167,6.132,none,1,125.87000274658203,0
2026-08-10 13:30:00-04:00,SOXL,133.98500061035156,134.52000427246094,133.1300048828125,133.9199981689453,1450636,2026-09-10 22:18 JST,2026-09-10 09:18 ET,2026-09-09,0.6443,7.1167,6.132,none,1,125.87000274658203,0
2026-08-10 14:30:00-04:00,SOXL,133.9600067138672,135.97999572753906,133.81239318847656,135.55999755859375,3094837,2026-09-10 22:18 JST,2026-09-10 09:18 ET,2026-09-09,0.6443,7.1167,6.132,none,1,125.87000274658203,0
2026-08-10 15:30:00-04:00,SOXL,135.55999755859375,135.8300018310547,130.0,130.0,8819897,2026-09-10 22:18 JST,2026-09-10 09:18 ET,2026-09-09,0.6443,7.1167,6.132,none,1,125.87000274658203,0
2026-08-10 16:00:00-04:00,SOXL,130.13,134.81,130.0,131.48,0,2026-09-10 22:18 JST,2026-09-10 09:18 ET,2026-09-09,0.6443,7.1167,6.132,none,1,125.87000274658203,0
2026-08-10 17:00:00-04:00,SOXL,131.49,131.52,130.68,131.0989,0,2026-09-10 22:18 JST,2026-09-10 09:18 ET,2026-09-09,0.6443,7.1167,6.132,none,1,125.87000274658203,0
2026-08-10 18:00:00-04:00,SOXL,131.08,131.68,130.5,130.86,0,2026-09-10 22:18 JST,2026-09-10 09:18 ET,2026-09-09,0.6443,7.1167,6.132,none,1,125.87000274658203,0
2026-08-10 19:00:00-04:00,SOXL,130.83,130.8499,129.41,129.75,0,2026-09-10 22:18 JST,2026-09-10 09:18 ET,2026-09-09,0.6443,7.1167,6.132,none,1,125.87000274658203,0
2026-08-11 04:00:00-04:00,SOXL,132.75,135.27,131.35,131.6,0,2026-09-10 22:18 JST,2026-09-10 09:18 ET,2026-09-09,0.6443,7.1167,6.132,none,1,125.87000274658203,0
2026-08-11 05:00:00-04:00,SOXL,131.78,132.17,130.4,131.89,0,2026-09-10 22:18 JST,2026-09-10 09:18 ET,2026-09-09,0.6443,7.1167,6.132,none,1,125.87000274658203,0
2026-08-11 06:00:00-04:00,SOXL,131.87,133.4101,130.97,132.9963,0,2026-09-10 22:18 JST,2026-09-10 09:18 ET,2026-09-09,0.6443,7.1167,6.132,none,1,125.87000274658203,0
2026-08-11 07:00:00-04:00,SOXL,133.0,135.44,132.6168,134.3673,0,2026-09-10 22:18 JST,2026-09-10 09:18 ET,2026-09-09,0.6443,7.1167,6.132,none,1,125.87000274658203,0
2026-08-11 08:00:00-04:00,SOXL,134.39,136.21,133.7,135.0655,0,2026-09-10 22:18 JST,2026-09-10 09:18 ET,2026-09-09,0.6443,7.1167,6.132,none,1,125.87000274658203,0
2026-08-11 09:00:00-04:00,SOXL,135.125,135.8958,134.61,135.49,0,2026-09-10 22:18 JST,2026-09-10 09:18 ET,2026-09-09,0.6443,7.1167,6.132,none,1,125.87000274658203,0
2026-08-11 09:30:00-04:00,SOXL,136.25999450683594,136.60000610351562,131.8000946044922,135.8300018310547,15648376,2026-09-10 22:18 JST,2026-09-10 09:18 ET,2026-09-09,0.6443,7.1167,6.132,none,1,125.87000274658203,0
2026-08-11 10:30:00-04:00,SOXL,135.72650146484375,136.07000732421875,132.92999267578125,133.3350067138672,3941971,2026-09-10 22:18 JST,2026-09-10 09:18 ET,2026-09-09,0.6443,7.1167,6.132,none,1,125.87000274658203,0
2026-08-11 11:30:00-04:00,SOXL,133.3350067138672,133.9250030517578,131.88999938964844,132.34019470214844,2718457,2026-09-10 22:18 JST,2026-09-10 09:18 ET,2026-09-09,0.6443,7.1167,6.132,none,1,125.87000274658203,0
2026-08-11 12:30:00-04:00,SOXL,132.26499938964844,132.8000030517578,130.07000732421875,130.6300048828125,3215563,2026-09-10 22:18 JST,2026-09-10 09:18 ET,2026-09-09,0.6443,7.1167,6.132,none,1,125.87000274658203,0
2026-08-11 13:30:00-04:00,SOXL,130.64999389648438,131.75929260253906,130.05999755859375,130.4311981201172,2623030,2026-09-10 22:18 JST,2026-09-10 09:18 ET,2026-09-09,0.6443,7.1167,6.132,none,1,125.87000274658203,0
2026-08-11 14:30:00-04:00,SOXL,130.4600067138672,131.97000122070312,130.30630493164062,131.8800048828125,2748377,2026-09-10 22:18 JST,2026-09-10 09:18 ET,2026-09-09,0.6443,7.1167,6.132,none,1,125.87000274658203,0
2026-08-11 15:30:00-04:00,SOXL,131.8800048828125,133.6199951171875,131.83999633789062,133.07000732421875,4982625,2026-09-10 22:18 JST,2026-09-10 09:18 ET,2026-09-09,0.6443,7.1167,6.132,none,1,125.87000274658203,0
2026-08-11 16:00:00-04:00,SOXL,133.0,133.96,132.75,133.35,0,2026-09-10 22:18 JST,2026-09-10 09:18 ET,2026-09-09,0.6443,7.1167,6.132,none,1,125.87000274658203,0
2026-08-11 17:00:00-04:00,SOXL,133.35,133.78,133.18,133.42,0,2026-09-10 22:18 JST,2026-09-10 09:18 ET,2026-09-09,0.6443,7.1167,6.132,none,1,125.87000274658203,0
2026-08-11 18:00:00-04:00,SOXL,133.42,133.79,132.93,133.65,0,2026-09-10 22:18 JST,2026-09-10 09:18 ET,2026-09-09,0.6443,7.1167,6.132,none,1,125.87000274658203,0
2026-08-11 19:00:00-04:00,SOXL,133.6897,134.19,133.34,134.1499,0,2026-09-10 22:18 JST,2026-09-10 09:18 ET,2026-09-09,0.6443,7.1167,6.132,none,1,125.87000274658203,0
2026-08-12 04:00:00-04:00,SOXL,138.0,139.93,135.3,139.72,0,2026-09-10 22:18 JST,2026-09-10 09:18 ET,2026-09-09,0.6443,7.1167,6.132,none,1,125.87000274658203,0
2026-08-12 05:00:00-04:00,SOXL,139.72,140.95,138.9,140.5,0,2026-09-10 22:18 JST,2026-09-10 09:18 ET,2026-09-09,0.6443,7.1167,6.132,none,1,125.87000274658203,0
2026-08-12 06:00:00-04:00,SOXL,140.5031,141.08,140.19,140.92,0,2026-09-10 22:18 JST,2026-09-10 09:18 ET,2026-09-09,0.6443,7.1167,6.132,none,1,125.87000274658203,0
2026-08-12 07:00:00-04:00,SOXL,140.91,140.9348,133.0,139.75,0,2026-09-10 22:18 JST,2026-09-10 09:18 ET,2026-09-09,0.6443,7.1167,6.132,none,1,125.87000274658203,0
2026-08-12 08:00:00-04:00,SOXL,139.7516,143.71,139.75,143.25,0,2026-09-10 22:18 JST,2026-09-10 09:18 ET,2026-09-09,0.6443,7.1167,6.132,none,1,125.87000274658203,0
2026-08-12 09:00:00-04:00,SOXL,143.43,146.84,139.3,145.9716,0,2026-09-10 22:18 JST,2026-09-10 09:18 ET,2026-09-09,0.6443,7.1167,6.132,none,1,125.87000274658203,0
2026-08-12 09:30:00-04:00,SOXL,147.3000030517578,147.6999969482422,142.63999938964844,146.0,27757687,2026-09-10 22:18 JST,2026-09-10 09:18 ET,2026-09-09,0.6443,7.1167,6.132,none,1,125.87000274658203,0
2026-08-12 10:30:00-04:00,SOXL,145.99989318847656,146.08999633789062,143.6300048828125,145.64999389648438,5256748,2026-09-10 22:18 JST,2026-09-10 09:18 ET,2026-09-09,0.6443,7.1167,6.132,none,1,125.87000274658203,0
2026-08-12 11:30:00-04:00,SOXL,145.64999389648438,145.7100067138672,143.3000030517578,144.95010375976562,3086795,2026-09-10 22:18 JST,2026-09-10 09:18 ET,2026-09-09,0.6443,7.1167,6.132,none,1,125.87000274658203,0
2026-08-12 12:30:00-04:00,SOXL,145.0010986328125,145.99000549316406,144.32000732421875,145.77000427246094,2533212,2026-09-10 22:18 JST,2026-09-10 09:18 ET,2026-09-09,0.6443,7.1167,6.132,none,1,125.87000274658203,0
2026-08-12 13:30:00-04:00,SOXL,145.8000030517578,147.10000610351562,145.5,145.9499969482422,2832162,2026-09-10 22:18 JST,2026-09-10 09:18 ET,2026-09-09,0.6443,7.1167,6.132,none,1,125.87000274658203,0
2026-08-12 14:30:00-04:00,SOXL,145.9583282470703,146.40020751953125,143.47000122070312,143.85000610351562,3155769,2026-09-10 22:18 JST,2026-09-10 09:18 ET,2026-09-09,0.6443,7.1167,6.132,none,1,125.87000274658203,0
2026-08-12 15:30:00-04:00,SOXL,143.82000732421875,143.82000732421875,141.8939971923828,142.22999572753906,7943246,2026-09-10 22:18 JST,2026-09-10 09:18 ET,2026-09-09,0.6443,7.1167,6.132,none,1,125.87000274658203,0
2026-08-12 16:00:00-04:00,SOXL,142.16,143.1,141.6,141.8,0,2026-09-10 22:18 JST,2026-09-10 09:18 ET,2026-09-09,0.6443,7.1167,6.132,none,1,125.87000274658203,0
2026-08-12 17:00:00-04:00,SOXL,141.8,142.9,141.7,142.8,0,2026-09-10 22:18 JST,2026-09-10 09:18 ET,2026-09-09,0.6443,7.1167,6.132,none,1,125.87000274658203,0
2026-08-12 18:00:00-04:00,SOXL,142.81,142.82,141.85,142.25,0,2026-09-10 22:18 JST,2026-09-10 09:18 ET,2026-09-09,0.6443,7.1167,6.132,none,1,125.87000274658203,0
2026-08-12 19:00:00-04:00,SOXL,142.25,143.25,142.25,143.21,0,2026-09-10 22:18 JST,2026-09-10 09:18 ET,2026-09-09,0.6443,7.1167,6.132,none,1,125.87000274658203,0
2026-08-13 04:00:00-04:00,SOXL,143.5,146.4272,141.0,142.26,0,2026-09-10 22:18 JST,2026-09-10 09:18 ET,2026-09-09,0.6443,7.1167,6.132,none,1,125.87000274658203,0
2026-08-13 05:00:00-04:00,SOXL,142.27,142.92,140.67,141.08,0,2026-09-10 22:18 JST,2026-09-10 09:18 ET,2026-09-09,0.6443,7.1167,6.132,none,1,125.87000274658203,0
2026-08-13 06:00:00-04:00,SOXL,141.08,143.13,141.02,142.66,0,2026-09-10 22:18 JST,2026-09-10 09:18 ET,2026-09-09,0.6443,7.1167,6.132,none,1,125.87000274658203,0
2026-08-13 07:00:00-04:00,SOXL,142.69,143.56,141.96,142.14,0,2026-09-10 22:18 JST,2026-09-10 09:18 ET,2026-09-09,0.6443,7.1167,6.132,none,1,125.87000274658203,0
2026-08-13 08:00:00-04:00,SOXL,142.2,142.8432,139.79,141.33,0,2026-09-10 22:18 JST,2026-09-10 09:18 ET,2026-09-09,0.6443,7.1167,6.132,none,1,125.87000274658203,0
2026-08-13 09:00:00-04:00,SOXL,141.32,143.4,140.51,143.0337,0,2026-09-10 22:18 JST,2026-09-10 09:18 ET,2026-09-09,0.6443,7.1167,6.132,none,1,125.87000274658203,0
2026-08-13 09:30:00-04:00,SOXL,142.16000366210938,150.91000366210938,141.83999633789062,150.7100067138672,21255104,2026-09-10 22:18 JST,2026-09-10 09:18 ET,2026-09-09,0.6443,7.1167,6.132,none,1,125.87000274658203,0
2026-08-13 10:30:00-04:00,SOXL,150.6999969482422,154.12989807128906,150.46859741210938,153.0500030517578,8210488,2026-09-10 22:18 JST,2026-09-10 09:18 ET,2026-09-09,0.6443,7.1167,6.132,none,1,125.87000274658203,0
2026-08-13 11:30:00-04:00,SOXL,153.0800018310547,153.35000610351562,148.72999572753906,152.25,6730754,2026-09-10 22:18 JST,2026-09-10 09:18 ET,2026-09-09,0.6443,7.1167,6.132,none,1,125.87000274658203,0
2026-08-13 12:30:00-04:00,SOXL,152.3000030517578,153.56410217285156,150.82000732421875,152.9600067138672,2892975,2026-09-10 22:18 JST,2026-09-10 09:18 ET,2026-09-09,0.6443,7.1167,6.132,none,1,125.87000274658203,0
2026-08-13 13:30:00-04:00,SOXL,152.9600067138672,153.19949340820312,150.61500549316406,150.8800048828125,2026280,2026-09-10 22:18 JST,2026-09-10 09:18 ET,2026-09-09,0.6443,7.1167,6.132,none,1,125.87000274658203,0
2026-08-13 14:30:00-04:00,SOXL,150.89999389648438,151.5,147.13999938964844,147.2899932861328,4423942,2026-09-10 22:18 JST,2026-09-10 09:18 ET,2026-09-09,0.6443,7.1167,6.132,none,1,125.87000274658203,0
2026-08-13 15:30:00-04:00,SOXL,147.27999877929688,147.35000610351562,144.13999938964844,145.49000549316406,6262091,2026-09-10 22:18 JST,2026-09-10 09:18 ET,2026-09-09,0.6443,7.1167,6.132,none,1,125.87000274658203,0
2026-08-13 16:00:00-04:00,SOXL,145.44,146.2,143.74,146.11,0,2026-09-10 22:18 JST,2026-09-10 09:18 ET,2026-09-09,0.6443,7.1167,6.132,none,1,125.87000274658203,0
2026-08-13 17:00:00-04:00,SOXL,146.1,146.31,145.45,146.1733,0,2026-09-10 22:18 JST,2026-09-10 09:18 ET,2026-09-09,0.6443,7.1167,6.132,none,1,125.87000274658203,0
2026-08-13 18:00:00-04:00,SOXL,146.2,146.38,145.7,146.18,0,2026-09-10 22:18 JST,2026-09-10 09:18 ET,2026-09-09,0.6443,7.1167,6.132,none,1,125.87000274658203,0
2026-08-13 19:00:00-04:00,SOXL,146.17,146.82,146.02,146.3999,0,2026-09-10 22:18 JST,2026-09-10 09:18 ET,2026-09-09,0.6443,7.1167,6.132,none,1,125.87000274658203,0
2026-08-14 04:00:00-04:00,SOXL,144.69,145.8248,142.44,145.15,0,2026-09-10 22:18 JST,2026-09-10 09:18 ET,2026-09-09,0.6443,7.1167,6.132,none,1,125.87000274658203,0
2026-08-14 05:00:00-04:00,SOXL,145.17,146.08,145.1,145.61,0,2026-09-10 22:18 JST,2026-09-10 09:18 ET,2026-09-09,0.6443,7.1167,6.132,none,1,125.87000274658203,0
2026-08-14 06:00:00-04:00,SOXL,145.6164,146.75,144.62,146.08,0,2026-09-10 22:18 JST,2026-09-10 09:18 ET,2026-09-09,0.6443,7.1167,6.132,none,1,125.87000274658203,0
2026-08-14 07:00:00-04:00,SOXL,146.08,147.5,145.66,146.73,0,2026-09-10 22:18 JST,2026-09-10 09:18 ET,2026-09-09,0.6443,7.1167,6.132,none,1,125.87000274658203,0
2026-08-14 08:00:00-04:00,SOXL,146.73,146.83,144.5,145.42,0,2026-09-10 22:18 JST,2026-09-10 09:18 ET,2026-09-09,0.6443,7.1167,6.132,none,1,125.87000274658203,0
2026-08-14 09:00:00-04:00,SOXL,145.4653,146.72,145.17,145.1726,0,2026-09-10 22:18 JST,2026-09-10 09:18 ET,2026-09-09,0.6443,7.1167,6.132,none,1,125.87000274658203,0
2026-08-14 09:30:00-04:00,SOXL,143.7899932861328,146.64999389648438,141.36000061035156,143.139892578125,18398363,2026-09-10 22:18 JST,2026-09-10 09:18 ET,2026-09-09,0.6443,7.1167,6.132,none,1,125.87000274658203,0
2026-08-14 10:30:00-04:00,SOXL,143.13999938964844,144.97999572753906,138.9199981689453,140.96530151367188,6662222,2026-09-10 22:18 JST,2026-09-10 09:18 ET,2026-09-09,0.6443,7.1167,6.132,none,1,125.87000274658203,0
2026-08-14 11:30:00-04:00,SOXL,140.97999572753906,142.25999450683594,138.89999389648438,141.9600067138672,4231577,2026-09-10 22:18 JST,2026-09-10 09:18 ET,2026-09-09,0.6443,7.1167,6.132,none,1,125.87000274658203,0
2026-08-14 12:30:00-04:00,SOXL,141.92999267578125,142.2100067138672,139.8000030517578,140.25140380859375,2277722,2026-09-10 22:18 JST,2026-09-10 09:18 ET,2026-09-09,0.6443,7.1167,6.132,none,1,125.87000274658203,0
2026-08-14 13:30:00-04:00,SOXL,140.30999755859375,141.3000030517578,139.8000030517578,140.80999755859375,1544524,2026-09-10 22:18 JST,2026-09-10 09:18 ET,2026-09-09,0.6443,7.1167,6.132,none,1,125.87000274658203,0
2026-08-14 14:30:00-04:00,SOXL,140.8000030517578,143.63999938964844,140.57000732421875,143.17999267578125,3640366,2026-09-10 22:18 JST,2026-09-10 09:18 ET,2026-09-09,0.6443,7.1167,6.132,none,1,125.87000274658203,0
2026-08-14 15:30:00-04:00,SOXL,143.19000244140625,145.17999267578125,142.8000030517578,145.0,6741173,2026-09-10 22:18 JST,2026-09-10 09:18 ET,2026-09-09,0.6443,7.1167,6.132,none,1,125.87000274658203,0
2026-08-14 16:00:00-04:00,SOXL,144.95,145.16,140.7,144.95,0,2026-09-10 22:18 JST,2026-09-10 09:18 ET,2026-09-09,0.6443,7.1167,6.132,none,1,125.87000274658203,0
2026-08-14 17:00:00-04:00,SOXL,144.97,145.1,144.7,144.92,0,2026-09-10 22:18 JST,2026-09-10 09:18 ET,2026-09-09,0.6443,7.1167,6.132,none,1,125.87000274658203,0
2026-08-14 18:00:00-04:00,SOXL,144.92,145.0,144.5546,144.59,0,2026-09-10 22:18 JST,2026-09-10 09:18 ET,2026-09-09,0.6443,7.1167,6.132,none,1,125.87000274658203,0
2026-08-14 19:00:00-04:00,SOXL,144.59,144.99,144.45,144.57,0,2026-09-10 22:18 JST,2026-09-10 09:18 ET,2026-09-09,0.6443,7.1167,6.132,none,1,125.87000274658203,0
2026-08-17 04:00:00-04:00,SOXL,150.6,152.19,148.03,152.04,0,2026-09-10 22:18 JST,2026-09-10 09:18 ET,2026-09-09,0.6443,7.1167,6.132,none,1,125.87000274658203,0
2026-08-17 05:00:00-04:00,SOXL,152.05,152.3674,150.33,150.68,0,2026-09-10 22:18 JST,2026-09-10 09:18 ET,2026-09-09,0.6443,7.1167,6.132,none,1,125.87000274658203,0
2026-08-17 06:00:00-04:00,SOXL,150.71,152.27,150.6,152.1877,0,2026-09-10 22:18 JST,2026-09-10 09:18 ET,2026-09-09,0.6443,7.1167,6.132,none,1,125.87000274658203,0
2026-08-17 07:00:00-04:00,SOXL,152.2,152.35,150.85,151.11,0,2026-09-10 22:18 JST,2026-09-10 09:18 ET,2026-09-09,0.6443,7.1167,6.132,none,1,125.87000274658203,0
2026-08-17 08:00:00-04:00,SOXL,151.12,151.86,149.51,149.89,0,2026-09-10 22:18 JST,2026-09-10 09:18 ET,2026-09-09,0.6443,7.1167,6.132,none,1,125.87000274658203,0
2026-08-17 09:00:00-04:00,SOXL,149.85,150.27,147.9,149.35,0,2026-09-10 22:18 JST,2026-09-10 09:18 ET,2026-09-09,0.6443,7.1167,6.132,none,1,125.87000274658203,0
2026-08-17 09:30:00-04:00,SOXL,150.60499572753906,153.8699951171875,148.89999389648438,152.8000030517578,15866374,2026-09-10 22:18 JST,2026-09-10 09:18 ET,2026-09-09,0.6443,7.1167,6.132,none,1,125.87000274658203,0
2026-08-17 10:30:00-04:00,SOXL,152.83999633789062,156.9241943359375,152.5800018310547,156.25,6406633,2026-09-10 22:18 JST,2026-09-10 09:18 ET,2026-09-09,0.6443,7.1167,6.132,none,1,125.87000274658203,0
2026-08-17 11:30:00-04:00,SOXL,156.27000427246094,156.3699951171875,154.62620544433594,155.52999877929688,2747048,2026-09-10 22:18 JST,2026-09-10 09:18 ET,2026-09-09,0.6443,7.1167,6.132,none,1,125.87000274658203,0
2026-08-17 12:30:00-04:00,SOXL,155.53500366210938,156.0,152.67750549316406,152.94000244140625,2648550,2026-09-10 22:18 JST,2026-09-10 09:18 ET,2026-09-09,0.6443,7.1167,6.132,none,1,125.87000274658203,0
2026-08-17 13:30:00-04:00,SOXL,152.9127960205078,154.58309936523438,152.13999938964844,153.17999267578125,2557094,2026-09-10 22:18 JST,2026-09-10 09:18 ET,2026-09-09,0.6443,7.1167,6.132,none,1,125.87000274658203,0
2026-08-17 14:30:00-04:00,SOXL,153.22000122070312,154.3780059814453,150.66000366210938,150.80999755859375,3948549,2026-09-10 22:18 JST,2026-09-10 09:18 ET,2026-09-09,0.6443,7.1167,6.132,none,1,125.87000274658203,0
2026-08-17 15:30:00-04:00,SOXL,150.8000030517578,152.99000549316406,150.64999389648438,151.56649780273438,6954562,2026-09-10 22:18 JST,2026-09-10 09:18 ET,2026-09-09,0.6443,7.1167,6.132,none,1,125.87000274658203,0
2026-08-17 16:00:00-04:00,SOXL,151.65,153.07,151.02,151.3389,0,2026-09-10 22:18 JST,2026-09-10 09:18 ET,2026-09-09,0.6443,7.1167,6.132,none,1,125.87000274658203,0
2026-08-17 17:00:00-04:00,SOXL,151.32,151.79,151.3,151.789,0,2026-09-10 22:18 JST,2026-09-10 09:18 ET,2026-09-09,0.6443,7.1167,6.132,none,1,125.87000274658203,0
2026-08-17 18:00:00-04:00,SOXL,151.78,152.47,151.77,152.26,0,2026-09-10 22:18 JST,2026-09-10 09:18 ET,2026-09-09,0.6443,7.1167,6.132,none,1,125.87000274658203,0
2026-08-17 19:00:00-04:00,SOXL,152.2,152.75,151.82,152.69,0,2026-09-10 22:18 JST,2026-09-10 09:18 ET,2026-09-09,0.6443,7.1167,6.132,none,1,125.87000274658203,0
2026-08-18 04:00:00-04:00,SOXL,143.2,146.84,137.89,138.53,0,2026-09-10 22:18 JST,2026-09-10 09:18 ET,2026-09-09,0.6443,7.1167,6.132,none,1,125.87000274658203,0
2026-08-18 05:00:00-04:00,SOXL,138.57,139.74,136.12,136.42,0,2026-09-10 22:18 JST,2026-09-10 09:18 ET,2026-09-09,0.6443,7.1167,6.132,none,1,125.87000274658203,0
2026-08-18 06:00:00-04:00,SOXL,136.42,136.62,134.4321,135.1679,0,2026-09-10 22:18 JST,2026-09-10 09:18 ET,2026-09-09,0.6443,7.1167,6.132,none,1,125.87000274658203,0
2026-08-18 07:00:00-04:00,SOXL,135.1679,137.45,135.0257,136.37,0,2026-09-10 22:18 JST,2026-09-10 09:18 ET,2026-09-09,0.6443,7.1167,6.132,none,1,125.87000274658203,0
2026-08-18 08:00:00-04:00,SOXL,136.35,137.1953,134.75,135.0284,0,2026-09-10 22:18 JST,2026-09-10 09:18 ET,2026-09-09,0.6443,7.1167,6.132,none,1,125.87000274658203,0
2026-08-18 09:00:00-04:00,SOXL,135.0254,135.24,134.12,134.21,0,2026-09-10 22:18 JST,2026-09-10 09:18 ET,2026-09-09,0.6443,7.1167,6.132,none,1,125.87000274658203,0
2026-08-18 09:30:00-04:00,SOXL,136.08999633789062,137.60000610351562,126.63999938964844,129.939697265625,35636088,2026-09-10 22:18 JST,2026-09-10 09:18 ET,2026-09-09,0.6443,7.1167,6.132,none,1,125.87000274658203,0
2026-08-18 10:30:00-04:00,SOXL,129.89999389648438,130.82000732421875,122.4000015258789,125.58899688720703,14168570,2026-09-10 22:18 JST,2026-09-10 09:18 ET,2026-09-09,0.6443,7.1167,6.132,none,1,125.87000274658203,0
2026-08-18 11:30:00-04:00,SOXL,125.58999633789062,127.95999908447266,124.79010009765625,124.87999725341797,7487313,2026-09-10 22:18 JST,2026-09-10 09:18 ET,2026-09-09,0.6443,7.1167,6.132,none,1,125.87000274658203,0
2026-08-18 12:30:00-04:00,SOXL,124.8499984741211,127.44999694824219,124.68499755859375,126.18000030517578,3667633,2026-09-10 22:18 JST,2026-09-10 09:18 ET,2026-09-09,0.6443,7.1167,6.132,none,1,125.87000274658203,0
2026-08-18 13:30:00-04:00,SOXL,126.08000183105469,126.58000183105469,123.19999694824219,125.2699966430664,4182036,2026-09-10 22:18 JST,2026-09-10 09:18 ET,2026-09-09,0.6443,7.1167,6.132,none,1,125.87000274658203,0
2026-08-18 14:30:00-04:00,SOXL,125.2699966430664,128.02999877929688,125.0,127.58999633789062,6318585,2026-09-10 22:18 JST,2026-09-10 09:18 ET,2026-09-09,0.6443,7.1167,6.132,none,1,125.87000274658203,0
2026-08-18 15:30:00-04:00,SOXL,127.55999755859375,129.1300048828125,126.15039825439453,129.0,11077850,2026-09-10 22:18 JST,2026-09-10 09:18 ET,2026-09-09,0.6443,7.1167,6.132,none,1,125.87000274658203,0
2026-08-18 16:00:00-04:00,SOXL,128.97,129.52,127.84,128.02,0,2026-09-10 22:18 JST,2026-09-10 09:18 ET,2026-09-09,0.6443,7.1167,6.132,none,1,125.87000274658203,0
2026-08-18 17:00:00-04:00,SOXL,128.05,128.1,127.3,127.63,0,2026-09-10 22:18 JST,2026-09-10 09:18 ET,2026-09-09,0.6443,7.1167,6.132,none,1,125.87000274658203,0
2026-08-18 18:00:00-04:00,SOXL,127.64,128.78,126.0,126.1,0,2026-09-10 22:18 JST,2026-09-10 09:18 ET,2026-09-09,0.6443,7.1167,6.132,none,1,125.87000274658203,0
2026-08-18 19:00:00-04:00,SOXL,126.1001,127.26,125.8017,126.1,0,2026-09-10 22:18 JST,2026-09-10 09:18 ET,2026-09-09,0.6443,7.1167,6.132,none,1,125.87000274658203,0
2026-08-19 04:00:00-04:00,SOXL,129.38,132.38,123.07,130.57,0,2026-09-10 22:18 JST,2026-09-10 09:18 ET,2026-09-09,0.6443,7.1167,6.132,none,1,125.87000274658203,0
2026-08-19 05:00:00-04:00,SOXL,130.6,131.0,127.95,128.1,0,2026-09-10 22:18 JST,2026-09-10 09:18 ET,2026-09-09,0.6443,7.1167,6.132,none,1,125.87000274658203,0
2026-08-19 06:00:00-04:00,SOXL,128.0694,129.1637,125.05,126.15,0,2026-09-10 22:18 JST,2026-09-10 09:18 ET,2026-09-09,0.6443,7.1167,6.132,none,1,125.87000274658203,0
2026-08-19 07:00:00-04:00,SOXL,126.08,129.6911,126.0,128.18,0,2026-09-10 22:18 JST,2026-09-10 09:18 ET,2026-09-09,0.6443,7.1167,6.132,none,1,125.87000274658203,0
2026-08-19 08:00:00-04:00,SOXL,128.17,130.16,126.5,129.96,0,2026-09-10 22:18 JST,2026-09-10 09:18 ET,2026-09-09,0.6443,7.1167,6.132,none,1,125.87000274658203,0
2026-08-19 09:00:00-04:00,SOXL,129.8801,135.34,128.8501,134.6514,0,2026-09-10 22:18 JST,2026-09-10 09:18 ET,2026-09-09,0.6443,7.1167,6.132,none,1,125.87000274658203,0
2026-08-19 09:30:00-04:00,SOXL,132.6300048828125,133.74000549316406,116.83999633789062,120.75,38014719,2026-09-10 22:18 JST,2026-09-10 09:18 ET,2026-09-09,0.6443,7.1167,6.132,none,1,125.87000274658203,0
2026-08-19 10:30:00-04:00,SOXL,120.73999786376953,123.55000305175781,120.0,122.51000213623047,9247515,2026-09-10 22:18 JST,2026-09-10 09:18 ET,2026-09-09,0.6443,7.1167,6.132,none,1,125.87000274658203,0
2026-08-19 11:30:00-04:00,SOXL,122.48999786376953,123.77999877929688,120.55999755859375,122.54000091552734,4392012,2026-09-10 22:18 JST,2026-09-10 09:18 ET,2026-09-09,0.6443,7.1167,6.132,none,1,125.87000274658203,0
2026-08-19 12:30:00-04:00,SOXL,122.55000305175781,123.72000122070312,120.60040283203125,121.0999984741211,3031413,2026-09-10 22:18 JST,2026-09-10 09:18 ET,2026-09-09,0.6443,7.1167,6.132,none,1,125.87000274658203,0
2026-08-19 13:30:00-04:00,SOXL,121.09809875488281,121.65950012207031,118.55000305175781,120.1500015258789,4127963,2026-09-10 22:18 JST,2026-09-10 09:18 ET,2026-09-09,0.6443,7.1167,6.132,none,1,125.87000274658203,0
2026-08-19 14:30:00-04:00,SOXL,120.17500305175781,122.55000305175781,120.11000061035156,121.81500244140625,5667290,2026-09-10 22:18 JST,2026-09-10 09:18 ET,2026-09-09,0.6443,7.1167,6.132,none,1,125.87000274658203,0
2026-08-19 15:30:00-04:00,SOXL,121.80500030517578,122.43000030517578,119.61000061035156,120.55999755859375,9727351,2026-09-10 22:18 JST,2026-09-10 09:18 ET,2026-09-09,0.6443,7.1167,6.132,none,1,125.87000274658203,0
2026-08-19 16:00:00-04:00,SOXL,120.58,122.1247,120.55,122.12,0,2026-09-10 22:18 JST,2026-09-10 09:18 ET,2026-09-09,0.6443,7.1167,6.132,none,1,125.87000274658203,0
2026-08-19 17:00:00-04:00,SOXL,122.1,122.56,121.79,122.31,0,2026-09-10 22:18 JST,2026-09-10 09:18 ET,2026-09-09,0.6443,7.1167,6.132,none,1,125.87000274658203,0
2026-08-19 18:00:00-04:00,SOXL,122.32,123.93,122.05,123.84,0,2026-09-10 22:18 JST,2026-09-10 09:18 ET,2026-09-09,0.6443,7.1167,6.132,none,1,125.87000274658203,0
2026-08-19 19:00:00-04:00,SOXL,123.85,124.33,123.25,123.8485,0,2026-09-10 22:18 JST,2026-09-10 09:18 ET,2026-09-09,0.6443,7.1167,6.132,none,1,125.87000274658203,0
2026-08-20 04:00:00-04:00,SOXL,125.2,127.282,121.2237,121.68,0,2026-09-10 22:18 JST,2026-09-10 09:18 ET,2026-09-09,0.6443,7.1167,6.132,none,1,125.87000274658203,0
2026-08-20 05:00:00-04:00,SOXL,121.73,122.6906,120.1431,122.15,0,2026-09-10 22:18 JST,2026-09-10 09:18 ET,2026-09-09,0.6443,7.1167,6.132,none,1,125.87000274658203,0
2026-08-20 06:00:00-04:00,SOXL,122.15,123.2007,121.2552,122.21,0,2026-09-10 22:18 JST,2026-09-10 09:18 ET,2026-09-09,0.6443,7.1167,6.132,none,1,125.87000274658203,0
2026-08-20 07:00:00-04:00,SOXL,122.21,123.15,119.7042,119.72,0,2026-09-10 22:18 JST,2026-09-10 09:18 ET,2026-09-09,0.6443,7.1167,6.132,none,1,125.87000274658203,0
2026-08-20 08:00:00-04:00,SOXL,119.7136,120.7,116.0,116.9,0,2026-09-10 22:18 JST,2026-09-10 09:18 ET,2026-09-09,0.6443,7.1167,6.132,none,1,125.87000274658203,0
2026-08-20 09:00:00-04:00,SOXL,116.86,119.5853,115.9,118.57,0,2026-09-10 22:18 JST,2026-09-10 09:18 ET,2026-09-09,0.6443,7.1167,6.132,none,1,125.87000274658203,0
2026-08-20 09:30:00-04:00,SOXL,119.98999786376953,123.93949890136719,117.42009735107422,121.38999938964844,24587210,2026-09-10 22:18 JST,2026-09-10 09:18 ET,2026-09-09,0.6443,7.1167,6.132,none,1,125.87000274658203,0
2026-08-20 10:30:00-04:00,SOXL,121.37999725341797,124.55999755859375,120.69999694824219,121.58499908447266,7163810,2026-09-10 22:18 JST,2026-09-10 09:18 ET,2026-09-09,0.6443,7.1167,6.132,none,1,125.87000274658203,0
2026-08-20 11:30:00-04:00,SOXL,121.58499908447266,121.80000305175781,119.18000030517578,121.2300033569336,4086400,2026-09-10 22:18 JST,2026-09-10 09:18 ET,2026-09-09,0.6443,7.1167,6.132,none,1,125.87000274658203,0
2026-08-20 12:30:00-04:00,SOXL,121.18499755859375,121.93990325927734,120.3301010131836,120.80000305175781,1845766,2026-09-10 22:18 JST,2026-09-10 09:18 ET,2026-09-09,0.6443,7.1167,6.132,none,1,125.87000274658203,0
2026-08-20 13:30:00-04:00,SOXL,120.79000091552734,121.46440124511719,119.41999816894531,120.0989990234375,2151966,2026-09-10 22:18 JST,2026-09-10 09:18 ET,2026-09-09,0.6443,7.1167,6.132,none,1,125.87000274658203,0
2026-08-20 14:30:00-04:00,SOXL,120.08999633789062,122.62999725341797,119.27999877929688,122.19999694824219,2759805,2026-09-10 22:18 JST,2026-09-10 09:18 ET,2026-09-09,0.6443,7.1167,6.132,none,1,125.87000274658203,0
2026-08-20 15:30:00-04:00,SOXL,122.197998046875,122.29000091552734,121.41000366210938,122.19999694824219,5856788,2026-09-10 22:18 JST,2026-09-10 09:18 ET,2026-09-09,0.6443,7.1167,6.132,none,1,125.87000274658203,0
2026-08-20 16:00:00-04:00,SOXL,122.21,122.47,121.52,121.98,0,2026-09-10 22:18 JST,2026-09-10 09:18 ET,2026-09-09,0.6443,7.1167,6.132,none,1,125.87000274658203,0
2026-08-20 17:00:00-04:00,SOXL,122.03,123.0351,121.7,121.93,0,2026-09-10 22:18 JST,2026-09-10 09:18 ET,2026-09-09,0.6443,7.1167,6.132,none,1,125.87000274658203,0
2026-08-20 18:00:00-04:00,SOXL,122.0,122.22,121.12,122.13,0,2026-09-10 22:18 JST,2026-09-10 09:18 ET,2026-09-09,0.6443,7.1167,6.132,none,1,125.87000274658203,0
2026-08-20 19:00:00-04:00,SOXL,122.12,122.2,121.27,121.32,0,2026-09-10 22:18 JST,2026-09-10 09:18 ET,2026-09-09,0.6443,7.1167,6.132,none,1,125.87000274658203,0
2026-08-21 04:00:00-04:00,SOXL,126.0,126.96,122.21,124.8,0,2026-09-10 22:18 JST,2026-09-10 09:18 ET,2026-09-09,0.6443,7.1167,6.132,none,1,125.87000274658203,0
2026-08-21 05:00:00-04:00,SOXL,124.68,126.33,124.3,125.35,0,2026-09-10 22:18 JST,2026-09-10 09:18 ET,2026-09-09,0.6443,7.1167,6.132,none,1,125.87000274658203,0
2026-08-21 06:00:00-04:00,SOXL,125.3472,127.33,125.08,126.89,0,2026-09-10 22:18 JST,2026-09-10 09:18 ET,2026-09-09,0.6443,7.1167,6.132,none,1,125.87000274658203,0
2026-08-21 07:00:00-04:00,SOXL,126.9279,127.5853,125.53,127.51,0,2026-09-10 22:18 JST,2026-09-10 09:18 ET,2026-09-09,0.6443,7.1167,6.132,none,1,125.87000274658203,0
2026-08-21 08:00:00-04:00,SOXL,127.5,128.37,126.731,127.64,0,2026-09-10 22:18 JST,2026-09-10 09:18 ET,2026-09-09,0.6443,7.1167,6.132,none,1,125.87000274658203,0
2026-08-21 09:00:00-04:00,SOXL,127.65,127.9763,126.44,126.65,0,2026-09-10 22:18 JST,2026-09-10 09:18 ET,2026-09-09,0.6443,7.1167,6.132,none,1,125.87000274658203,0
2026-08-21 09:30:00-04:00,SOXL,126.58999633789062,126.79000091552734,117.12000274658203,119.18499755859375,20110958,2026-09-10 22:18 JST,2026-09-10 09:18 ET,2026-09-09,0.6443,7.1167,6.132,none,1,125.87000274658203,0
2026-08-21 10:30:00-04:00,SOXL,119.17500305175781,120.11000061035156,116.70999908447266,119.06659698486328,7177697,2026-09-10 22:18 JST,2026-09-10 09:18 ET,2026-09-09,0.6443,7.1167,6.132,none,1,125.87000274658203,0
2026-08-21 11:30:00-04:00,SOXL,119.05999755859375,120.91000366210938,118.18000030517578,118.98999786376953,5154619,2026-09-10 22:18 JST,2026-09-10 09:18 ET,2026-09-09,0.6443,7.1167,6.132,none,1,125.87000274658203,0
2026-08-21 12:30:00-04:00,SOXL,118.94499969482422,119.29989624023438,117.93000030517578,118.72000122070312,2064032,2026-09-10 22:18 JST,2026-09-10 09:18 ET,2026-09-09,0.6443,7.1167,6.132,none,1,125.87000274658203,0
2026-08-21 13:30:00-04:00,SOXL,118.7699966430664,120.95390319824219,118.69999694824219,120.1449966430664,2542460,2026-09-10 22:18 JST,2026-09-10 09:18 ET,2026-09-09,0.6443,7.1167,6.132,none,1,125.87000274658203,0
2026-08-21 14:30:00-04:00,SOXL,120.11000061035156,121.12999725341797,119.73380279541016,120.95500183105469,3159352,2026-09-10 22:18 JST,2026-09-10 09:18 ET,2026-09-09,0.6443,7.1167,6.132,none,1,125.87000274658203,0
2026-08-21 15:30:00-04:00,SOXL,120.94999694824219,121.30999755859375,119.72000122070312,120.59010314941406,5848019,2026-09-10 22:18 JST,2026-09-10 09:18 ET,2026-09-09,0.6443,7.1167,6.132,none,1,125.87000274658203,0
2026-08-21 16:00:00-04:00,SOXL,120.585,120.66,120.12,120.3,0,2026-09-10 22:18 JST,2026-09-10 09:18 ET,2026-09-09,0.6443,7.1167,6.132,none,1,125.87000274658203,0
2026-08-21 17:00:00-04:00,SOXL,120.3,120.35,119.84,120.15,0,2026-09-10 22:18 JST,2026-09-10 09:18 ET,2026-09-09,0.6443,7.1167,6.132,none,1,125.87000274658203,0
2026-08-21 18:00:00-04:00,SOXL,120.167,120.52,120.1,120.45,0,2026-09-10 22:18 JST,2026-09-10 09:18 ET,2026-09-09,0.6443,7.1167,6.132,none,1,125.87000274658203,0
2026-08-21 19:00:00-04:00,SOXL,120.41,120.5,119.82,119.85,0,2026-09-10 22:18 JST,2026-09-10 09:18 ET,2026-09-09,0.6443,7.1167,6.132,none,1,125.87000274658203,0
2026-08-24 04:00:00-04:00,SOXL,113.2,117.17,112.19,114.11,0,2026-09-10 22:18 JST,2026-09-10 09:18 ET,2026-09-09,0.6443,7.1167,6.132,none,1,125.87000274658203,0
2026-08-24 05:00:00-04:00,SOXL,114.09,115.5,113.76,114.57,0,2026-09-10 22:18 JST,2026-09-10 09:18 ET,2026-09-09,0.6443,7.1167,6.132,none,1,125.87000274658203,0
2026-08-24 06:00:00-04:00,SOXL,114.57,115.65,114.4032,114.52,0,2026-09-10 22:18 JST,2026-09-10 09:18 ET,2026-09-09,0.6443,7.1167,6.132,none,1,125.87000274658203,0
2026-08-24 07:00:00-04:00,SOXL,114.5,115.2932,113.0,114.02,0,2026-09-10 22:18 JST,2026-09-10 09:18 ET,2026-09-09,0.6443,7.1167,6.132,none,1,125.87000274658203,0
2026-08-24 08:00:00-04:00,SOXL,114.0,116.66,114.0,114.7239,0,2026-09-10 22:18 JST,2026-09-10 09:18 ET,2026-09-09,0.6443,7.1167,6.132,none,1,125.87000274658203,0
2026-08-24 09:00:00-04:00,SOXL,114.7772,114.89,113.46,114.06,0,2026-09-10 22:18 JST,2026-09-10 09:18 ET,2026-09-09,0.6443,7.1167,6.132,none,1,125.87000274658203,0
2026-08-24 09:30:00-04:00,SOXL,115.0,115.05000305175781,106.0,106.94999694824219,27823737,2026-09-10 22:18 JST,2026-09-10 09:18 ET,2026-09-09,0.6443,7.1167,6.132,none,1,125.87000274658203,0
2026-08-24 10:30:00-04:00,SOXL,106.91999816894531,108.88999938964844,106.11000061035156,108.34500122070312,9232081,2026-09-10 22:18 JST,2026-09-10 09:18 ET,2026-09-09,0.6443,7.1167,6.132,none,1,125.87000274658203,0
2026-08-24 11:30:00-04:00,SOXL,108.34010314941406,112.59880065917969,108.19999694824219,111.81999969482422,7694696,2026-09-10 22:18 JST,2026-09-10 09:18 ET,2026-09-09,0.6443,7.1167,6.132,none,1,125.87000274658203,0
2026-08-24 12:30:00-04:00,SOXL,111.82499694824219,112.0999984741211,110.13999938964844,110.2699966430664,3015337,2026-09-10 22:18 JST,2026-09-10 09:18 ET,2026-09-09,0.6443,7.1167,6.132,none,1,125.87000274658203,0
2026-08-24 13:30:00-04:00,SOXL,110.26000213623047,113.10990142822266,109.81999969482422,112.68499755859375,3043305,2026-09-10 22:18 JST,2026-09-10 09:18 ET,2026-09-09,0.6443,7.1167,6.132,none,1,125.87000274658203,0
2026-08-24 14:30:00-04:00,SOXL,112.72000122070312,113.36000061035156,111.37999725341797,112.18000030517578,3534908,2026-09-10 22:18 JST,2026-09-10 09:18 ET,2026-09-09,0.6443,7.1167,6.132,none,1,125.87000274658203,0
2026-08-24 15:30:00-04:00,SOXL,112.18000030517578,112.8499984741211,109.75,111.19000244140625,10202182,2026-09-10 22:18 JST,2026-09-10 09:18 ET,2026-09-09,0.6443,7.1167,6.132,none,1,125.87000274658203,0
2026-08-24 16:00:00-04:00,SOXL,111.16,111.18,108.3,110.85,0,2026-09-10 22:18 JST,2026-09-10 09:18 ET,2026-09-09,0.6443,7.1167,6.132,none,1,125.87000274658203,0
2026-08-24 17:00:00-04:00,SOXL,110.88,111.21,110.8,110.9103,0,2026-09-10 22:18 JST,2026-09-10 09:18 ET,2026-09-09,0.6443,7.1167,6.132,none,1,125.87000274658203,0
2026-08-24 18:00:00-04:00,SOXL,110.915,111.17,110.5,110.53,0,2026-09-10 22:18 JST,2026-09-10 09:18 ET,2026-09-09,0.6443,7.1167,6.132,none,1,125.87000274658203,0
2026-08-24 19:00:00-04:00,SOXL,110.54,110.88,110.0,110.281,0,2026-09-10 22:18 JST,2026-09-10 09:18 ET,2026-09-09,0.6443,7.1167,6.132,none,1,125.87000274658203,0
2026-08-25 04:00:00-04:00,SOXL,115.58,117.08,113.06,116.04,0,2026-09-10 22:18 JST,2026-09-10 09:18 ET,2026-09-09,0.6443,7.1167,6.132,none,1,125.87000274658203,0
2026-08-25 05:00:00-04:00,SOXL,116.06,117.37,115.63,116.79,0,2026-09-10 22:18 JST,2026-09-10 09:18 ET,2026-09-09,0.6443,7.1167,6.132,none,1,125.87000274658203,0
2026-08-25 06:00:00-04:00,SOXL,116.79,119.4474,116.77,118.55,0,2026-09-10 22:18 JST,2026-09-10 09:18 ET,2026-09-09,0.6443,7.1167,6.132,none,1,125.87000274658203,0
2026-08-25 07:00:00-04:00,SOXL,118.55,118.75,117.05,117.7294,0,2026-09-10 22:18 JST,2026-09-10 09:18 ET,2026-09-09,0.6443,7.1167,6.132,none,1,125.87000274658203,0
2026-08-25 08:00:00-04:00,SOXL,117.83,119.78,117.77,119.23,0,2026-09-10 22:18 JST,2026-09-10 09:18 ET,2026-09-09,0.6443,7.1167,6.132,none,1,125.87000274658203,0
2026-08-25 09:00:00-04:00,SOXL,119.2,119.2,117.8,118.09,0,2026-09-10 22:18 JST,2026-09-10 09:18 ET,2026-09-09,0.6443,7.1167,6.132,none,1,125.87000274658203,0
2026-08-25 09:30:00-04:00,SOXL,117.37000274658203,119.87999725341797,113.45999908447266,114.69000244140625,21303976,2026-09-10 22:18 JST,2026-09-10 09:18 ET,2026-09-09,0.6443,7.1167,6.132,none,1,125.87000274658203,0
2026-08-25 10:30:00-04:00,SOXL,114.71389770507812,116.5,113.13009643554688,116.37999725341797,5585895,2026-09-10 22:18 JST,2026-09-10 09:18 ET,2026-09-09,0.6443,7.1167,6.132,none,1,125.87000274658203,0
2026-08-25 11:30:00-04:00,SOXL,116.41000366210938,117.0,115.05000305175781,116.5,2932672,2026-09-10 22:18 JST,2026-09-10 09:18 ET,2026-09-09,0.6443,7.1167,6.132,none,1,125.87000274658203,0
2026-08-25 12:30:00-04:00,SOXL,116.4800033569336,116.48999786376953,114.69000244140625,114.94999694824219,2063159,2026-09-10 22:18 JST,2026-09-10 09:18 ET,2026-09-09,0.6443,7.1167,6.132,none,1,125.87000274658203,0
2026-08-25 13:30:00-04:00,SOXL,114.9800033569336,115.4000015258789,114.44000244140625,115.0,1739703,2026-09-10 22:18 JST,2026-09-10 09:18 ET,2026-09-09,0.6443,7.1167,6.132,none,1,125.87000274658203,0
2026-08-25 14:30:00-04:00,SOXL,115.0,116.54000091552734,114.62999725341797,115.31809997558594,3620677,2026-09-10 22:18 JST,2026-09-10 09:18 ET,2026-09-09,0.6443,7.1167,6.132,none,1,125.87000274658203,0
2026-08-25 15:30:00-04:00,SOXL,115.30999755859375,116.03500366210938,114.41999816894531,115.83999633789062,7407348,2026-09-10 22:18 JST,2026-09-10 09:18 ET,2026-09-09,0.6443,7.1167,6.132,none,1,125.87000274658203,0
2026-08-25 16:00:00-04:00,SOXL,115.84,117.22,115.41,116.5,0,2026-09-10 22:18 JST,2026-09-10 09:18 ET,2026-09-09,0.6443,7.1167,6.132,none,1,125.87000274658203,0
2026-08-25 17:00:00-04:00,SOXL,116.51,117.1,116.25,117.0415,0,2026-09-10 22:18 JST,2026-09-10 09:18 ET,2026-09-09,0.6443,7.1167,6.132,none,1,125.87000274658203,0
2026-08-25 18:00:00-04:00,SOXL,117.04,117.3,116.6,116.69,0,2026-09-10 22:18 JST,2026-09-10 09:18 ET,2026-09-09,0.6443,7.1167,6.132,none,1,125.87000274658203,0
2026-08-25 19:00:00-04:00,SOXL,116.66,116.76,115.67,115.81,0,2026-09-10 22:18 JST,2026-09-10 09:18 ET,2026-09-09,0.6443,7.1167,6.132,none,1,125.87000274658203,0
2026-08-26 04:00:00-04:00,SOXL,115.67,117.4,114.7622,116.32,0,2026-09-10 22:18 JST,2026-09-10 09:18 ET,2026-09-09,0.6443,7.1167,6.132,none,1,125.87000274658203,0
2026-08-26 05:00:00-04:00,SOXL,116.32,116.48,115.57,115.73,0,2026-09-10 22:18 JST,2026-09-10 09:18 ET,2026-09-09,0.6443,7.1167,6.132,none,1,125.87000274658203,0
2026-08-26 06:00:00-04:00,SOXL,115.77,116.41,115.7,115.85,0,2026-09-10 22:18 JST,2026-09-10 09:18 ET,2026-09-09,0.6443,7.1167,6.132,none,1,125.87000274658203,0
2026-08-26 07:00:00-04:00,SOXL,115.81,117.62,115.5036,116.78,0,2026-09-10 22:18 JST,2026-09-10 09:18 ET,2026-09-09,0.6443,7.1167,6.132,none,1,125.87000274658203,0
2026-08-26 08:00:00-04:00,SOXL,116.81,116.99,114.32,115.79,0,2026-09-10 22:18 JST,2026-09-10 09:18 ET,2026-09-09,0.6443,7.1167,6.132,none,1,125.87000274658203,0
2026-08-26 09:00:00-04:00,SOXL,115.72,115.79,112.6,113.7474,0,2026-09-10 22:18 JST,2026-09-10 09:18 ET,2026-09-09,0.6443,7.1167,6.132,none,1,125.87000274658203,0
2026-08-26 09:30:00-04:00,SOXL,114.69999694824219,117.19000244140625,112.52999877929688,113.0199966430664,12804385,2026-09-10 22:18 JST,2026-09-10 09:18 ET,2026-09-09,0.6443,7.1167,6.132,none,1,125.87000274658203,0
2026-08-26 10:30:00-04:00,SOXL,113.0385971069336,115.76000213623047,113.0,115.5999984741211,3954596,2026-09-10 22:18 JST,2026-09-10 09:18 ET,2026-09-09,0.6443,7.1167,6.132,none,1,125.87000274658203,0
2026-08-26 11:30:00-04:00,SOXL,115.56999969482422,116.3499984741211,114.30390167236328,114.94989776611328,2546654,2026-09-10 22:18 JST,2026-09-10 09:18 ET,2026-09-09,0.6443,7.1167,6.132,none,1,125.87000274658203,0
2026-08-26 12:30:00-04:00,SOXL,114.93009948730469,116.05000305175781,114.28500366210938,115.86840057373047,1816799,2026-09-10 22:18 JST,2026-09-10 09:18 ET,2026-09-09,0.6443,7.1167,6.132,none,1,125.87000274658203,0
2026-08-26 13:30:00-04:00,SOXL,115.84500122070312,116.53990173339844,115.70379638671875,116.125,1459670,2026-09-10 22:18 JST,2026-09-10 09:18 ET,2026-09-09,0.6443,7.1167,6.132,none,1,125.87000274658203,0
2026-08-26 14:30:00-04:00,SOXL,116.09500122070312,117.38619995117188,116.09500122070312,116.76000213623047,2445531,2026-09-10 22:18 JST,2026-09-10 09:18 ET,2026-09-09,0.6443,7.1167,6.132,none,1,125.87000274658203,0
2026-08-26 15:30:00-04:00,SOXL,116.76499938964844,116.76499938964844,115.37000274658203,116.66500091552734,4487977,2026-09-10 22:18 JST,2026-09-10 09:18 ET,2026-09-09,0.6443,7.1167,6.132,none,1,125.87000274658203,0
2026-08-26 16:00:00-04:00,SOXL,116.68,118.99,114.8,118.99,0,2026-09-10 22:18 JST,2026-09-10 09:18 ET,2026-09-09,0.6443,7.1167,6.132,none,1,125.87000274658203,0
2026-08-26 17:00:00-04:00,SOXL,118.99,123.62,117.75,122.85,0,2026-09-10 22:18 JST,2026-09-10 09:18 ET,2026-09-09,0.6443,7.1167,6.132,none,1,125.87000274658203,0
2026-08-26 18:00:00-04:00,SOXL,122.81,124.24,122.47,123.73,0,2026-09-10 22:18 JST,2026-09-10 09:18 ET,2026-09-09,0.6443,7.1167,6.132,none,1,125.87000274658203,0
2026-08-26 19:00:00-04:00,SOXL,123.73,125.2,123.35,125.15,0,2026-09-10 22:18 JST,2026-09-10 09:18 ET,2026-09-09,0.6443,7.1167,6.132,none,1,125.87000274658203,0
2026-08-27 04:00:00-04:00,SOXL,124.7,127.95,122.1,127.93,0,2026-09-10 22:18 JST,2026-09-10 09:18 ET,2026-09-09,0.6443,7.1167,6.132,none,1,125.87000274658203,0
2026-08-27 05:00:00-04:00,SOXL,127.93,128.21,126.0,126.5,0,2026-09-10 22:18 JST,2026-09-10 09:18 ET,2026-09-09,0.6443,7.1167,6.132,none,1,125.87000274658203,0
2026-08-27 06:00:00-04:00,SOXL,126.55,127.5,126.02,126.13,0,2026-09-10 22:18 JST,2026-09-10 09:18 ET,2026-09-09,0.6443,7.1167,6.132,none,1,125.87000274658203,0
2026-08-27 07:00:00-04:00,SOXL,126.1,126.9505,125.45,125.4526,0,2026-09-10 22:18 JST,2026-09-10 09:18 ET,2026-09-09,0.6443,7.1167,6.132,none,1,125.87000274658203,0
2026-08-27 08:00:00-04:00,SOXL,125.4526,126.09,124.27,125.81,0,2026-09-10 22:18 JST,2026-09-10 09:18 ET,2026-09-09,0.6443,7.1167,6.132,none,1,125.87000274658203,0
2026-08-27 09:00:00-04:00,SOXL,125.77,125.9,124.08,124.66,0,2026-09-10 22:18 JST,2026-09-10 09:18 ET,2026-09-09,0.6443,7.1167,6.132,none,1,125.87000274658203,0
2026-08-27 09:30:00-04:00,SOXL,123.4000015258789,124.87999725341797,117.69010162353516,122.69000244140625,25062151,2026-09-10 22:18 JST,2026-09-10 09:18 ET,2026-09-09,0.6443,7.1167,6.132,none,1,125.87000274658203,0
2026-08-27 10:30:00-04:00,SOXL,122.7699966430664,122.83989715576172,120.22100067138672,120.89869689941406,5263217,2026-09-10 22:18 JST,2026-09-10 09:18 ET,2026-09-09,0.6443,7.1167,6.132,none,1,125.87000274658203,0
2026-08-27 11:30:00-04:00,SOXL,120.91999816894531,122.3499984741211,119.58000183105469,121.26750183105469,3932205,2026-09-10 22:18 JST,2026-09-10 09:18 ET,2026-09-09,0.6443,7.1167,6.132,none,1,125.87000274658203,0
2026-08-27 12:30:00-04:00,SOXL,121.2699966430664,122.44000244140625,121.1500015258789,121.38999938964844,2882696,2026-09-10 22:18 JST,2026-09-10 09:18 ET,2026-09-09,0.6443,7.1167,6.132,none,1,125.87000274658203,0
2026-08-27 13:30:00-04:00,SOXL,121.41999816894531,121.66999816894531,118.94999694824219,119.24639892578125,2831441,2026-09-10 22:18 JST,2026-09-10 09:18 ET,2026-09-09,0.6443,7.1167,6.132,none,1,125.87000274658203,0
2026-08-27 14:30:00-04:00,SOXL,119.27999877929688,120.77989959716797,119.19999694824219,120.24430084228516,3221077,2026-09-10 22:18 JST,2026-09-10 09:18 ET,2026-09-09,0.6443,7.1167,6.132,none,1,125.87000274658203,0
2026-08-27 15:30:00-04:00,SOXL,120.22000122070312,123.58999633789062,120.01499938964844,123.16999816894531,8960013,2026-09-10 22:18 JST,2026-09-10 09:18 ET,2026-09-09,0.6443,7.1167,6.132,none,1,125.87000274658203,0
2026-08-27 16:00:00-04:00,SOXL,123.14,123.48,121.35,121.9,0,2026-09-10 22:18 JST,2026-09-10 09:18 ET,2026-09-09,0.6443,7.1167,6.132,none,1,125.87000274658203,0
2026-08-27 17:00:00-04:00,SOXL,121.85,122.1,120.44,120.71,0,2026-09-10 22:18 JST,2026-09-10 09:18 ET,2026-09-09,0.6443,7.1167,6.132,none,1,125.87000274658203,0
2026-08-27 18:00:00-04:00,SOXL,120.79,121.19,120.25,120.6,0,2026-09-10 22:18 JST,2026-09-10 09:18 ET,2026-09-09,0.6443,7.1167,6.132,none,1,125.87000274658203,0
2026-08-27 19:00:00-04:00,SOXL,120.61,120.62,119.8,119.9969,0,2026-09-10 22:18 JST,2026-09-10 09:18 ET,2026-09-09,0.6443,7.1167,6.132,none,1,125.87000274658203,0
2026-08-28 04:00:00-04:00,SOXL,119.37,121.9455,118.27,118.94,0,2026-09-10 22:18 JST,2026-09-10 09:18 ET,2026-09-09,0.6443,7.1167,6.132,none,1,125.87000274658203,0
2026-08-28 05:00:00-04:00,SOXL,118.99,119.69,118.6,118.98,0,2026-09-10 22:18 JST,2026-09-10 09:18 ET,2026-09-09,0.6443,7.1167,6.132,none,1,125.87000274658203,0
2026-08-28 06:00:00-04:00,SOXL,118.95,119.75,118.69,119.64,0,2026-09-10 22:18 JST,2026-09-10 09:18 ET,2026-09-09,0.6443,7.1167,6.132,none,1,125.87000274658203,0
2026-08-28 07:00:00-04:00,SOXL,119.66,120.77,119.43,120.14,0,2026-09-10 22:18 JST,2026-09-10 09:18 ET,2026-09-09,0.6443,7.1167,6.132,none,1,125.87000274658203,0
2026-08-28 08:00:00-04:00,SOXL,120.12,120.2974,118.55,120.03,0,2026-09-10 22:18 JST,2026-09-10 09:18 ET,2026-09-09,0.6443,7.1167,6.132,none,1,125.87000274658203,0
2026-08-28 09:00:00-04:00,SOXL,120.01,120.6199,118.9,120.34,0,2026-09-10 22:18 JST,2026-09-10 09:18 ET,2026-09-09,0.6443,7.1167,6.132,none,1,125.87000274658203,0
2026-08-28 09:30:00-04:00,SOXL,119.91999816894531,121.19989776611328,116.5199966430664,119.4800033569336,15136994,2026-09-10 22:18 JST,2026-09-10 09:18 ET,2026-09-09,0.6443,7.1167,6.132,none,1,125.87000274658203,0
2026-08-28 10:30:00-04:00,SOXL,119.48999786376953,120.44999694824219,117.30999755859375,117.9000015258789,5455649,2026-09-10 22:18 JST,2026-09-10 09:18 ET,2026-09-09,0.6443,7.1167,6.132,none,1,125.87000274658203,0
2026-08-28 11:30:00-04:00,SOXL,117.91999816894531,117.91999816894531,110.63999938964844,111.54000091552734,12556190,2026-09-10 22:18 JST,2026-09-10 09:18 ET,2026-09-09,0.6443,7.1167,6.132,none,1,125.87000274658203,0
2026-08-28 12:30:00-04:00,SOXL,111.50499725341797,113.1771011352539,110.20999908447266,111.55000305175781,6316442,2026-09-10 22:18 JST,2026-09-10 09:18 ET,2026-09-09,0.6443,7.1167,6.132,none,1,125.87000274658203,0
2026-08-28 13:30:00-04:00,SOXL,111.53990173339844,113.05000305175781,111.41999816894531,112.01000213623047,3161844,2026-09-10 22:18 JST,2026-09-10 09:18 ET,2026-09-09,0.6443,7.1167,6.132,none,1,125.87000274658203,0
2026-08-28 14:30:00-04:00,SOXL,111.9801025390625,112.6500015258789,110.83000183105469,112.48999786376953,5508099,2026-09-10 22:18 JST,2026-09-10 09:18 ET,2026-09-09,0.6443,7.1167,6.132,none,1,125.87000274658203,0
2026-08-28 15:30:00-04:00,SOXL,112.5,112.87999725341797,111.25,111.37000274658203,9877231,2026-09-10 22:18 JST,2026-09-10 09:18 ET,2026-09-09,0.6443,7.1167,6.132,none,1,125.87000274658203,0
2026-08-28 16:00:00-04:00,SOXL,111.33,111.71,111.08,111.5,0,2026-09-10 22:18 JST,2026-09-10 09:18 ET,2026-09-09,0.6443,7.1167,6.132,none,1,125.87000274658203,0
2026-08-28 17:00:00-04:00,SOXL,111.5,111.79,111.47,111.74,0,2026-09-10 22:18 JST,2026-09-10 09:18 ET,2026-09-09,0.6443,7.1167,6.132,none,1,125.87000274658203,0
2026-08-28 18:00:00-04:00,SOXL,111.74,111.8399,111.4,111.5301,0,2026-09-10 22:18 JST,2026-09-10 09:18 ET,2026-09-09,0.6443,7.1167,6.132,none,1,125.87000274658203,0
2026-08-28 19:00:00-04:00,SOXL,111.54,111.76,111.15,111.3,0,2026-09-10 22:18 JST,2026-09-10 09:18 ET,2026-09-09,0.6443,7.1167,6.132,none,1,125.87000274658203,0
2026-08-31 04:00:00-04:00,SOXL,113.8,115.43,109.171,113.9995,0,2026-09-10 22:18 JST,2026-09-10 09:18 ET,2026-09-09,0.6443,7.1167,6.132,none,1,125.87000274658203,0
2026-08-31 05:00:00-04:00,SOXL,114.0,114.12,112.8,113.54,0,2026-09-10 22:18 JST,2026-09-10 09:18 ET,2026-09-09,0.6443,7.1167,6.132,none,1,125.87000274658203,0
2026-08-31 06:00:00-04:00,SOXL,113.53,113.5622,112.0,112.7,0,2026-09-10 22:18 JST,2026-09-10 09:18 ET,2026-09-09,0.6443,7.1167,6.132,none,1,125.87000274658203,0
2026-08-31 07:00:00-04:00,SOXL,112.72,113.09,111.69,112.62,0,2026-09-10 22:18 JST,2026-09-10 09:18 ET,2026-09-09,0.6443,7.1167,6.132,none,1,125.87000274658203,0
2026-08-31 08:00:00-04:00,SOXL,112.62,113.58,112.0,112.3897,0,2026-09-10 22:18 JST,2026-09-10 09:18 ET,2026-09-09,0.6443,7.1167,6.132,none,1,125.87000274658203,0
2026-08-31 09:00:00-04:00,SOXL,112.3895,112.7353,111.01,111.55,0,2026-09-10 22:18 JST,2026-09-10 09:18 ET,2026-09-09,0.6443,7.1167,6.132,none,1,125.87000274658203,0
2026-08-31 09:30:00-04:00,SOXL,112.41000366210938,115.05000305175781,111.29000091552734,112.19999694824219,13550595,2026-09-10 22:18 JST,2026-09-10 09:18 ET,2026-09-09,0.6443,7.1167,6.132,none,1,125.87000274658203,0
2026-08-31 10:30:00-04:00,SOXL,112.12999725341797,113.17289733886719,110.86000061035156,111.68000030517578,4272960,2026-09-10 22:18 JST,2026-09-10 09:18 ET,2026-09-09,0.6443,7.1167,6.132,none,1,125.87000274658203,0
2026-08-31 11:30:00-04:00,SOXL,111.6500015258789,111.80000305175781,110.33000183105469,111.73999786376953,3068623,2026-09-10 22:18 JST,2026-09-10 09:18 ET,2026-09-09,0.6443,7.1167,6.132,none,1,125.87000274658203,0
2026-08-31 12:30:00-04:00,SOXL,111.75,112.26000213623047,111.30999755859375,111.36000061035156,2009578,2026-09-10 22:18 JST,2026-09-10 09:18 ET,2026-09-09,0.6443,7.1167,6.132,none,1,125.87000274658203,0
2026-08-31 13:30:00-04:00,SOXL,111.36499786376953,112.83989715576172,111.30500030517578,112.43250274658203,1645654,2026-09-10 22:18 JST,2026-09-10 09:18 ET,2026-09-09,0.6443,7.1167,6.132,none,1,125.87000274658203,0
2026-08-31 14:30:00-04:00,SOXL,112.41500091552734,112.52629852294922,111.30000305175781,111.95999908447266,2430601,2026-09-10 22:18 JST,2026-09-10 09:18 ET,2026-09-09,0.6443,7.1167,6.132,none,1,125.87000274658203,0
2026-08-31 15:30:00-04:00,SOXL,111.94499969482422,113.11000061035156,111.83000183105469,112.84500122070312,5619204,2026-09-10 22:18 JST,2026-09-10 09:18 ET,2026-09-09,0.6443,7.1167,6.132,none,1,125.87000274658203,0
2026-08-31 16:00:00-04:00,SOXL,112.79,112.99,112.56,112.89,0,2026-09-10 22:18 JST,2026-09-10 09:18 ET,2026-09-09,0.6443,7.1167,6.132,none,1,125.87000274658203,0
2026-08-31 17:00:00-04:00,SOXL,112.89,113.0,112.61,112.97,0,2026-09-10 22:18 JST,2026-09-10 09:18 ET,2026-09-09,0.6443,7.1167,6.132,none,1,125.87000274658203,0
2026-08-31 18:00:00-04:00,SOXL,112.95,112.99,112.51,112.66,0,2026-09-10 22:18 JST,2026-09-10 09:18 ET,2026-09-09,0.6443,7.1167,6.132,none,1,125.87000274658203,0
2026-08-31 19:00:00-04:00,SOXL,112.67,112.9,112.46,112.89,0,2026-09-10 22:18 JST,2026-09-10 09:18 ET,2026-09-09,0.6443,7.1167,6.132,none,1,125.87000274658203,0
2026-09-01 04:00:00-04:00,SOXL,112.9,115.0,109.32,109.58,0,2026-09-10 22:18 JST,2026-09-10 09:18 ET,2026-09-09,0.6443,7.1167,6.132,none,1,125.87000274658203,0
2026-09-01 05:00:00-04:00,SOXL,109.59,110.16,107.56,107.7322,0,2026-09-10 22:18 JST,2026-09-10 09:18 ET,2026-09-09,0.6443,7.1167,6.132,none,1,125.87000274658203,0
2026-09-01 06:00:00-04:00,SOXL,107.72,109.18,107.64,108.57,0,2026-09-10 22:18 JST,2026-09-10 09:18 ET,2026-09-09,0.6443,7.1167,6.132,none,1,125.87000274658203,0
2026-09-01 07:00:00-04:00,SOXL,108.56,109.07,107.19,107.7,0,2026-09-10 22:18 JST,2026-09-10 09:18 ET,2026-09-09,0.6443,7.1167,6.132,none,1,125.87000274658203,0
2026-09-01 08:00:00-04:00,SOXL,107.7,108.3974,106.05,106.64,0,2026-09-10 22:18 JST,2026-09-10 09:18 ET,2026-09-09,0.6443,7.1167,6.132,none,1,125.87000274658203,0
2026-09-01 09:00:00-04:00,SOXL,106.62,106.75,105.31,105.3783,0,2026-09-10 22:18 JST,2026-09-10 09:18 ET,2026-09-09,0.6443,7.1167,6.132,none,1,125.87000274658203,0
2026-09-01 09:30:00-04:00,SOXL,106.3550033569336,106.56999969482422,102.30999755859375,102.62000274658203,23506644,2026-09-10 22:18 JST,2026-09-10 09:18 ET,2026-09-09,0.6443,7.1167,6.132,none,1,125.87000274658203,0
2026-09-01 10:30:00-04:00,SOXL,102.61000061035156,106.69999694824219,102.58999633789062,106.62000274658203,8710496,2026-09-10 22:18 JST,2026-09-10 09:18 ET,2026-09-09,0.6443,7.1167,6.132,none,1,125.87000274658203,0
2026-09-01 11:30:00-04:00,SOXL,106.61000061035156,108.63999938964844,105.25,105.5250015258789,6228704,2026-09-10 22:18 JST,2026-09-10 09:18 ET,2026-09-09,0.6443,7.1167,6.132,none,1,125.87000274658203,0
2026-09-01 12:30:00-04:00,SOXL,105.5,106.61750030517578,104.32630157470703,105.20500183105469,4142695,2026-09-10 22:18 JST,2026-09-10 09:18 ET,2026-09-09,0.6443,7.1167,6.132,none,1,125.87000274658203,0
2026-09-01 13:30:00-04:00,SOXL,105.19000244140625,105.48999786376953,103.5999984741211,104.01000213623047,2965966,2026-09-10 22:18 JST,2026-09-10 09:18 ET,2026-09-09,0.6443,7.1167,6.132,none,1,125.87000274658203,0
2026-09-01 14:30:00-04:00,SOXL,104.0,106.13999938964844,102.69999694824219,106.0999984741211,6789861,2026-09-10 22:18 JST,2026-09-10 09:18 ET,2026-09-09,0.6443,7.1167,6.132,none,1,125.87000274658203,0
2026-09-01 15:30:00-04:00,SOXL,106.1176986694336,106.23999786376953,104.7300033569336,105.77999877929688,8609804,2026-09-10 22:18 JST,2026-09-10 09:18 ET,2026-09-09,0.6443,7.1167,6.132,none,1,125.87000274658203,0
2026-09-01 16:00:00-04:00,SOXL,105.91,106.04,105.13,105.55,0,2026-09-10 22:18 JST,2026-09-10 09:18 ET,2026-09-09,0.6443,7.1167,6.132,none,1,125.87000274658203,0
2026-09-01 17:00:00-04:00,SOXL,105.54,105.64,104.88,104.92,0,2026-09-10 22:18 JST,2026-09-10 09:18 ET,2026-09-09,0.6443,7.1167,6.132,none,1,125.87000274658203,0
2026-09-01 18:00:00-04:00,SOXL,104.93,105.0899,104.2939,104.82,0,2026-09-10 22:18 JST,2026-09-10 09:18 ET,2026-09-09,0.6443,7.1167,6.132,none,1,125.87000274658203,0
2026-09-01 19:00:00-04:00,SOXL,104.81,105.0,104.4331,104.82,0,2026-09-10 22:18 JST,2026-09-10 09:18 ET,2026-09-09,0.6443,7.1167,6.132,none,1,125.87000274658203,0
2026-09-02 04:00:00-04:00,SOXL,104.6,104.84,102.47,103.39,0,2026-09-10 22:18 JST,2026-09-10 09:18 ET,2026-09-09,0.6443,7.1167,6.132,none,1,125.87000274658203,0
2026-09-02 05:00:00-04:00,SOXL,103.38,103.94,101.48,102.1254,0,2026-09-10 22:18 JST,2026-09-10 09:18 ET,2026-09-09,0.6443,7.1167,6.132,none,1,125.87000274658203,0
2026-09-02 06:00:00-04:00,SOXL,102.12,102.22,101.0,101.85,0,2026-09-10 22:18 JST,2026-09-10 09:18 ET,2026-09-09,0.6443,7.1167,6.132,none,1,125.87000274658203,0
2026-09-02 07:00:00-04:00,SOXL,101.84,102.98,100.88,102.69,0,2026-09-10 22:18 JST,2026-09-10 09:18 ET,2026-09-09,0.6443,7.1167,6.132,none,1,125.87000274658203,0
2026-09-02 08:00:00-04:00,SOXL,102.71,104.99,102.41,104.5,0,2026-09-10 22:18 JST,2026-09-10 09:18 ET,2026-09-09,0.6443,7.1167,6.132,none,1,125.87000274658203,0
2026-09-02 09:00:00-04:00,SOXL,104.43,104.55,102.71,103.5,0,2026-09-10 22:18 JST,2026-09-10 09:18 ET,2026-09-09,0.6443,7.1167,6.132,none,1,125.87000274658203,0
2026-09-02 09:30:00-04:00,SOXL,104.5,106.75,101.33999633789062,106.68000030517578,20528245,2026-09-10 22:18 JST,2026-09-10 09:18 ET,2026-09-09,0.6443,7.1167,6.132,none,1,125.87000274658203,0
2026-09-02 10:30:00-04:00,SOXL,106.66000366210938,108.06999969482422,104.64398956298828,106.86000061035156,7181432,2026-09-10 22:18 JST,2026-09-10 09:18 ET,2026-09-09,0.6443,7.1167,6.132,none,1,125.87000274658203,0
2026-09-02 11:30:00-04:00,SOXL,106.8499984741211,107.9000015258789,106.3550033569336,106.51000213623047,3726116,2026-09-10 22:18 JST,2026-09-10 09:18 ET,2026-09-09,0.6443,7.1167,6.132,none,1,125.87000274658203,0
2026-09-02 12:30:00-04:00,SOXL,106.5625991821289,106.98989868164062,105.63999938964844,106.19999694824219,2393729,2026-09-10 22:18 JST,2026-09-10 09:18 ET,2026-09-09,0.6443,7.1167,6.132,none,1,125.87000274658203,0
2026-09-02 13:30:00-04:00,SOXL,106.19960021972656,106.55999755859375,105.45010375976562,105.84391021728516,1913360,2026-09-10 22:18 JST,2026-09-10 09:18 ET,2026-09-09,0.6443,7.1167,6.132,none,1,125.87000274658203,0
2026-09-02 14:30:00-04:00,SOXL,105.86499786376953,106.5999984741211,105.7699966430664,106.2699966430664,2255446,2026-09-10 22:18 JST,2026-09-10 09:18 ET,2026-09-09,0.6443,7.1167,6.132,none,1,125.87000274658203,0
2026-09-02 15:30:00-04:00,SOXL,106.26499938964844,106.43000030517578,105.9000015258789,106.36000061035156,4810259,2026-09-10 22:18 JST,2026-09-10 09:18 ET,2026-09-09,0.6443,7.1167,6.132,none,1,125.87000274658203,0
2026-09-02 16:00:00-04:00,SOXL,106.35,106.66,103.55,104.61,0,2026-09-10 22:18 JST,2026-09-10 09:18 ET,2026-09-09,0.6443,7.1167,6.132,none,1,125.87000274658203,0
2026-09-02 17:00:00-04:00,SOXL,104.605,107.28,103.8,106.3875,0,2026-09-10 22:18 JST,2026-09-10 09:18 ET,2026-09-09,0.6443,7.1167,6.132,none,1,125.87000274658203,0
2026-09-02 18:00:00-04:00,SOXL,106.39,106.5,105.5,105.7805,0,2026-09-10 22:18 JST,2026-09-10 09:18 ET,2026-09-09,0.6443,7.1167,6.132,none,1,125.87000274658203,0
2026-09-02 19:00:00-04:00,SOXL,105.78,106.59,105.66,106.42,0,2026-09-10 22:18 JST,2026-09-10 09:18 ET,2026-09-09,0.6443,7.1167,6.132,none,1,125.87000274658203,0
2026-09-03 04:00:00-04:00,SOXL,105.73,107.53,103.12,105.91,0,2026-09-10 22:18 JST,2026-09-10 09:18 ET,2026-09-09,0.6443,7.1167,6.132,none,1,125.87000274658203,0
2026-09-03 05:00:00-04:00,SOXL,105.88,106.01,104.2,104.2752,0,2026-09-10 22:18 JST,2026-09-10 09:18 ET,2026-09-09,0.6443,7.1167,6.132,none,1,125.87000274658203,0
2026-09-03 06:00:00-04:00,SOXL,104.2752,104.5443,103.04,103.36,0,2026-09-10 22:18 JST,2026-09-10 09:18 ET,2026-09-09,0.6443,7.1167,6.132,none,1,125.87000274658203,0
2026-09-03 07:00:00-04:00,SOXL,103.31,106.35,102.83,103.6,0,2026-09-10 22:18 JST,2026-09-10 09:18 ET,2026-09-09,0.6443,7.1167,6.132,none,1,125.87000274658203,0
2026-09-03 08:00:00-04:00,SOXL,103.61,103.72,101.88,102.86,0,2026-09-10 22:18 JST,2026-09-10 09:18 ET,2026-09-09,0.6443,7.1167,6.132,none,1,125.87000274658203,0
2026-09-03 09:00:00-04:00,SOXL,102.8596,104.96,102.62,104.01,0,2026-09-10 22:18 JST,2026-09-10 09:18 ET,2026-09-09,0.6443,7.1167,6.132,none,1,125.87000274658203,0
2026-09-03 09:30:00-04:00,SOXL,103.0,103.37999725341797,98.62039947509766,101.54000091552734,26329492,2026-09-10 22:18 JST,2026-09-10 09:18 ET,2026-09-09,0.6443,7.1167,6.132,none,1,125.87000274658203,0
2026-09-03 10:30:00-04:00,SOXL,101.52999877929688,106.13500213623047,100.29010009765625,106.01599884033203,9849288,2026-09-10 22:18 JST,2026-09-10 09:18 ET,2026-09-09,0.6443,7.1167,6.132,none,1,125.87000274658203,0
2026-09-03 11:30:00-04:00,SOXL,106.02999877929688,106.05000305175781,104.69000244140625,105.58000183105469,4060522,2026-09-10 22:18 JST,2026-09-10 09:18 ET,2026-09-09,0.6443,7.1167,6.132,none,1,125.87000274658203,0
2026-09-03 12:30:00-04:00,SOXL,105.58000183105469,106.69000244140625,105.12000274658203,106.0,3061182,2026-09-10 22:18 JST,2026-09-10 09:18 ET,2026-09-09,0.6443,7.1167,6.132,none,1,125.87000274658203,0
2026-09-03 13:30:00-04:00,SOXL,105.99500274658203,106.94999694824219,105.79010009765625,106.69999694824219,2448904,2026-09-10 22:18 JST,2026-09-10 09:18 ET,2026-09-09,0.6443,7.1167,6.132,none,1,125.87000274658203,0
2026-09-03 14:30:00-04:00,SOXL,106.68499755859375,107.48999786376953,106.13999938964844,106.55999755859375,3302084,2026-09-10 22:18 JST,2026-09-10 09:18 ET,2026-09-09,0.6443,7.1167,6.132,none,1,125.87000274658203,0
2026-09-03 15:30:00-04:00,SOXL,106.54000091552734,106.87999725341797,106.23999786376953,106.77999877929688,4239132,2026-09-10 22:18 JST,2026-09-10 09:18 ET,2026-09-09,0.6443,7.1167,6.132,none,1,125.87000274658203,0
2026-09-03 16:00:00-04:00,SOXL,106.75,106.88,106.36,106.44,0,2026-09-10 22:18 JST,2026-09-10 09:18 ET,2026-09-09,0.6443,7.1167,6.132,none,1,125.87000274658203,0
2026-09-03 17:00:00-04:00,SOXL,106.44,106.69,106.16,106.47,0,2026-09-10 22:18 JST,2026-09-10 09:18 ET,2026-09-09,0.6443,7.1167,6.132,none,1,125.87000274658203,0
2026-09-03 18:00:00-04:00,SOXL,106.47,106.6,106.01,106.59,0,2026-09-10 22:18 JST,2026-09-10 09:18 ET,2026-09-09,0.6443,7.1167,6.132,none,1,125.87000274658203,0
2026-09-03 19:00:00-04:00,SOXL,106.57,106.5862,106.3,106.43,0,2026-09-10 22:18 JST,2026-09-10 09:18 ET,2026-09-09,0.6443,7.1167,6.132,none,1,125.87000274658203,0
2026-09-04 04:00:00-04:00,SOXL,111.48,112.36,108.0,112.23,0,2026-09-10 22:18 JST,2026-09-10 09:18 ET,2026-09-09,0.6443,7.1167,6.132,none,1,125.87000274658203,0
2026-09-04 05:00:00-04:00,SOXL,112.2187,112.25,111.25,111.29,0,2026-09-10 22:18 JST,2026-09-10 09:18 ET,2026-09-09,0.6443,7.1167,6.132,none,1,125.87000274658203,0
2026-09-04 06:00:00-04:00,SOXL,111.29,113.13,111.18,113.04,0,2026-09-10 22:18 JST,2026-09-10 09:18 ET,2026-09-09,0.6443,7.1167,6.132,none,1,125.87000274658203,0
2026-09-04 07:00:00-04:00,SOXL,113.01,113.2,106.74,112.16,0,2026-09-10 22:18 JST,2026-09-10 09:18 ET,2026-09-09,0.6443,7.1167,6.132,none,1,125.87000274658203,0
2026-09-04 08:00:00-04:00,SOXL,112.18,113.6,112.08,113.3051,0,2026-09-10 22:18 JST,2026-09-10 09:18 ET,2026-09-09,0.6443,7.1167,6.132,none,1,125.87000274658203,0
2026-09-04 09:00:00-04:00,SOXL,113.38,113.7,108.94,110.0916,0,2026-09-10 22:18 JST,2026-09-10 09:18 ET,2026-09-09,0.6443,7.1167,6.132,none,1,125.87000274658203,0
2026-09-04 09:30:00-04:00,SOXL,111.22000122070312,117.86000061035156,109.7300033569336,116.95999908447266,28455915,2026-09-10 22:18 JST,2026-09-10 09:18 ET,2026-09-09,0.6443,7.1167,6.132,none,1,125.87000274658203,0
2026-09-04 10:30:00-04:00,SOXL,116.94999694824219,117.55999755859375,114.86000061035156,116.06099700927734,7438763,2026-09-10 22:18 JST,2026-09-10 09:18 ET,2026-09-09,0.6443,7.1167,6.132,none,1,125.87000274658203,0
2026-09-04 11:30:00-04:00,SOXL,116.04000091552734,117.19989776611328,115.41999816894531,116.9000015258789,3774475,2026-09-10 22:18 JST,2026-09-10 09:18 ET,2026-09-09,0.6443,7.1167,6.132,none,1,125.87000274658203,0
2026-09-04 12:30:00-04:00,SOXL,116.9000015258789,117.67990112304688,115.66000366210938,115.76000213623047,3292312,2026-09-10 22:18 JST,2026-09-10 09:18 ET,2026-09-09,0.6443,7.1167,6.132,none,1,125.87000274658203,0
2026-09-04 13:30:00-04:00,SOXL,115.73999786376953,116.5,115.18000030517578,116.4800033569336,2629014,2026-09-10 22:18 JST,2026-09-10 09:18 ET,2026-09-09,0.6443,7.1167,6.132,none,1,125.87000274658203,0
2026-09-04 14:30:00-04:00,SOXL,116.48999786376953,116.62000274658203,114.97000122070312,115.37999725341797,3781741,2026-09-10 22:18 JST,2026-09-10 09:18 ET,2026-09-09,0.6443,7.1167,6.132,none,1,125.87000274658203,0
2026-09-04 15:30:00-04:00,SOXL,115.37999725341797,118.18000030517578,115.11000061035156,117.54000091552734,9394009,2026-09-10 22:18 JST,2026-09-10 09:18 ET,2026-09-09,0.6443,7.1167,6.132,none,1,125.87000274658203,0
2026-09-04 16:00:00-04:00,SOXL,117.28,117.53,116.7,116.89,0,2026-09-10 22:18 JST,2026-09-10 09:18 ET,2026-09-09,0.6443,7.1167,6.132,none,1,125.87000274658203,0
2026-09-04 17:00:00-04:00,SOXL,116.86,117.2,116.61,116.8,0,2026-09-10 22:18 JST,2026-09-10 09:18 ET,2026-09-09,0.6443,7.1167,6.132,none,1,125.87000274658203,0
2026-09-04 18:00:00-04:00,SOXL,116.8169,116.87,116.68,116.82,0,2026-09-10 22:18 JST,2026-09-10 09:18 ET,2026-09-09,0.6443,7.1167,6.132,none,1,125.87000274658203,0
2026-09-04 19:00:00-04:00,SOXL,116.84,116.9,116.33,116.61,0,2026-09-10 22:18 JST,2026-09-10 09:18 ET,2026-09-09,0.6443,7.1167,6.132,none,1,125.87000274658203,0
2026-09-08 04:00:00-04:00,SOXL,122.0,126.6,118.39,120.2,0,2026-09-10 22:18 JST,2026-09-10 09:18 ET,2026-09-09,0.6443,7.1167,6.132,none,1,125.87000274658203,0
2026-09-08 05:00:00-04:00,SOXL,120.16,121.5,119.65,121.39,0,2026-09-10 22:18 JST,2026-09-10 09:18 ET,2026-09-09,0.6443,7.1167,6.132,none,1,125.87000274658203,0
2026-09-08 06:00:00-04:00,SOXL,121.42,123.3322,121.23,122.95,0,2026-09-10 22:18 JST,2026-09-10 09:18 ET,2026-09-09,0.6443,7.1167,6.132,none,1,125.87000274658203,0
2026-09-08 07:00:00-04:00,SOXL,122.9,123.0,121.1136,121.8,0,2026-09-10 22:18 JST,2026-09-10 09:18 ET,2026-09-09,0.6443,7.1167,6.132,none,1,125.87000274658203,0
2026-09-08 08:00:00-04:00,SOXL,121.8,123.49,121.3,123.28,0,2026-09-10 22:18 JST,2026-09-10 09:18 ET,2026-09-09,0.6443,7.1167,6.132,none,1,125.87000274658203,0
2026-09-08 09:00:00-04:00,SOXL,123.27,125.5,123.18,125.0177,0,2026-09-10 22:18 JST,2026-09-10 09:18 ET,2026-09-09,0.6443,7.1167,6.132,none,1,125.87000274658203,0
2026-09-08 09:30:00-04:00,SOXL,125.12000274658203,126.69999694824219,121.5999984741211,125.089599609375,24706272,2026-09-10 22:18 JST,2026-09-10 09:18 ET,2026-09-09,0.6443,7.1167,6.132,none,1,125.87000274658203,0
2026-09-08 10:30:00-04:00,SOXL,125.04000091552734,127.33000183105469,123.75,126.83499908447266,7565496,2026-09-10 22:18 JST,2026-09-10 09:18 ET,2026-09-09,0.6443,7.1167,6.132,none,1,125.87000274658203,0
2026-09-08 11:30:00-04:00,SOXL,126.85549926757812,127.54000091552734,124.93000030517578,124.96710205078125,4484350,2026-09-10 22:18 JST,2026-09-10 09:18 ET,2026-09-09,0.6443,7.1167,6.132,none,1,125.87000274658203,0
2026-09-08 12:30:00-04:00,SOXL,124.99500274658203,126.2699966430664,124.06999969482422,125.66500091552734,3661286,2026-09-10 22:18 JST,2026-09-10 09:18 ET,2026-09-09,0.6443,7.1167,6.132,none,1,125.87000274658203,0
2026-09-08 13:30:00-04:00,SOXL,125.69000244140625,125.87000274658203,124.7300033569336,125.30000305175781,1978421,2026-09-10 22:18 JST,2026-09-10 09:18 ET,2026-09-09,0.6443,7.1167,6.132,none,1,125.87000274658203,0
2026-09-08 14:30:00-04:00,SOXL,125.30000305175781,125.68000030517578,123.58000183105469,123.86000061035156,3148527,2026-09-10 22:18 JST,2026-09-10 09:18 ET,2026-09-09,0.6443,7.1167,6.132,none,1,125.87000274658203,0
2026-09-08 15:30:00-04:00,SOXL,123.8499984741211,123.98999786376953,122.25,123.3499984741211,5068997,2026-09-10 22:18 JST,2026-09-10 09:18 ET,2026-09-09,0.6443,7.1167,6.132,none,1,125.87000274658203,0
2026-09-08 16:00:00-04:00,SOXL,123.35,123.93,123.1203,123.59,0,2026-09-10 22:18 JST,2026-09-10 09:18 ET,2026-09-09,0.6443,7.1167,6.132,none,1,125.87000274658203,0
2026-09-08 17:00:00-04:00,SOXL,123.5238,123.84,123.41,123.46,0,2026-09-10 22:18 JST,2026-09-10 09:18 ET,2026-09-09,0.6443,7.1167,6.132,none,1,125.87000274658203,0
2026-09-08 18:00:00-04:00,SOXL,123.42,123.8,123.22,123.79,0,2026-09-10 22:18 JST,2026-09-10 09:18 ET,2026-09-09,0.6443,7.1167,6.132,none,1,125.87000274658203,0
2026-09-08 19:00:00-04:00,SOXL,123.7549,123.95,122.9,123.04,0,2026-09-10 22:18 JST,2026-09-10 09:18 ET,2026-09-09,0.6443,7.1167,6.132,none,1,125.87000274658203,0
2026-09-09 04:00:00-04:00,SOXL,125.0,125.89,123.6,125.4,0,2026-09-10 22:18 JST,2026-09-10 09:18 ET,2026-09-09,0.6443,7.1167,6.132,none,1,125.87000274658203,0
2026-09-09 05:00:00-04:00,SOXL,125.41,125.55,123.27,123.54,0,2026-09-10 22:18 JST,2026-09-10 09:18 ET,2026-09-09,0.6443,7.1167,6.132,none,1,125.87000274658203,0
2026-09-09 06:00:00-04:00,SOXL,123.53,123.66,118.68,119.66,0,2026-09-10 22:18 JST,2026-09-10 09:18 ET,2026-09-09,0.6443,7.1167,6.132,none,1,125.87000274658203,0
2026-09-09 07:00:00-04:00,SOXL,119.6,120.33,118.84,119.9,0,2026-09-10 22:18 JST,2026-09-10 09:18 ET,2026-09-09,0.6443,7.1167,6.132,none,1,125.87000274658203,0
2026-09-09 08:00:00-04:00,SOXL,119.78,120.79,118.225,118.8,0,2026-09-10 22:18 JST,2026-09-10 09:18 ET,2026-09-09,0.6443,7.1167,6.132,none,1,125.87000274658203,0
2026-09-09 09:00:00-04:00,SOXL,118.72,119.77,118.58,119.59,0,2026-09-10 22:18 JST,2026-09-10 09:18 ET,2026-09-09,0.6443,7.1167,6.132,none,1,125.87000274658203,0
2026-09-09 09:30:00-04:00,SOXL,121.23999786376953,128.47999572753906,121.23999786376953,127.15499877929688,19020541,2026-09-10 22:18 JST,2026-09-10 09:18 ET,2026-09-09,0.6443,7.1167,6.132,none,1,125.87000274658203,0
2026-09-09 10:30:00-04:00,SOXL,127.1500015258789,127.44000244140625,122.95999908447266,123.8499984741211,6351286,2026-09-10 22:18 JST,2026-09-10 09:18 ET,2026-09-09,0.6443,7.1167,6.132,none,1,125.87000274658203,0
2026-09-09 11:30:00-04:00,SOXL,123.87000274658203,126.30989837646484,123.7947006225586,124.52999877929688,3491911,2026-09-10 22:18 JST,2026-09-10 09:18 ET,2026-09-09,0.6443,7.1167,6.132,none,1,125.87000274658203,0
2026-09-09 12:30:00-04:00,SOXL,124.5,126.5696029663086,124.48999786376953,125.56999969482422,2484467,2026-09-10 22:18 JST,2026-09-10 09:18 ET,2026-09-09,0.6443,7.1167,6.132,none,1,125.87000274658203,0
2026-09-09 13:30:00-04:00,SOXL,125.58000183105469,126.19999694824219,125.04000091552734,125.5510025024414,1723403,2026-09-10 22:18 JST,2026-09-10 09:18 ET,2026-09-09,0.6443,7.1167,6.132,none,1,125.87000274658203,0
2026-09-09 14:30:00-04:00,SOXL,125.5999984741211,126.06500244140625,124.7699966430664,125.17500305175781,2419377,2026-09-10 22:18 JST,2026-09-10 09:18 ET,2026-09-09,0.6443,7.1167,6.132,none,1,125.87000274658203,0
2026-09-09 15:30:00-04:00,SOXL,125.18000030517578,125.9800033569336,125.0,125.90499877929688,3160613,2026-09-10 22:18 JST,2026-09-10 09:18 ET,2026-09-09,0.6443,7.1167,6.132,none,1,125.87000274658203,0
2026-09-09 16:00:00-04:00,SOXL,125.92,131.0286,125.66,126.07,0,2026-09-10 22:18 JST,2026-09-10 09:18 ET,2026-09-09,0.6443,7.1167,6.132,none,1,125.87000274658203,0
2026-09-09 17:00:00-04:00,SOXL,126.05,126.12,125.58,125.8,0,2026-09-10 22:18 JST,2026-09-10 09:18 ET,2026-09-09,0.6443,7.1167,6.132,none,1,125.87000274658203,0
2026-09-09 18:00:00-04:00,SOXL,125.85,125.92,125.19,125.21,0,2026-09-10 22:18 JST,2026-09-10 09:18 ET,2026-09-09,0.6443,7.1167,6.132,none,1,125.87000274658203,0
2026-09-09 19:00:00-04:00,SOXL,125.21,125.7,125.02,125.621,0,2026-09-10 22:18 JST,2026-09-10 09:18 ET,2026-09-09,0.6443,7.1167,6.132,none,1,125.87000274658203,0
2026-09-10 04:00:00-04:00,SOXL,124.67,125.72,122.7,122.89,0,2026-09-10 22:18 JST,2026-09-10 09:18 ET,2026-09-09,0.6443,7.1167,6.132,none,1,125.87000274658203,0
2026-09-10 05:00:00-04:00,SOXL,122.9,123.4,121.82,122.55,0,2026-09-10 22:18 JST,2026-09-10 09:18 ET,2026-09-09,0.6443,7.1167,6.132,none,1,125.87000274658203,0
2026-09-10 06:00:00-04:00,SOXL,122.52,122.94,121.89,122.12,0,2026-09-10 22:18 JST,2026-09-10 09:18 ET,2026-09-09,0.6443,7.1167,6.132,none,1,125.87000274658203,0
2026-09-10 07:00:00-04:00,SOXL,122.18,122.1891,119.58,119.58,0,2026-09-10 22:18 JST,2026-09-10 09:18 ET,2026-09-09,0.6443,7.1167,6.132,none,1,125.87000274658203,0
2026-09-10 08:00:00-04:00,SOXL,119.63,119.88,114.16,114.74,0,2026-09-10 22:18 JST,2026-09-10 09:18 ET,2026-09-09,0.6443,7.1167,6.132,none,1,125.87000274658203,0
2026-09-10 09:00:00-04:00,SOXL,114.75,115.4952,114.26,114.4,0,2026-09-10 22:18 JST,2026-09-10 09:18 ET,2026-09-09,0.6443,7.1167,6.132,none,1,125.87000274658203,0
2026-07-30 04:00:00-04:00,SOXS,71.54,74.16,70.41,70.95,0,2026-09-10 22:18 JST,2026-09-10 09:18 ET,2026-09-09,0.6443,7.1167,6.132,none,1,125.87000274658203,0
2026-07-30 05:00:00-04:00,SOXS,70.84,72.2643,69.7263,70.31,0,2026-09-10 22:18 JST,2026-09-10 09:18 ET,2026-09-09,0.6443,7.1167,6.132,none,1,125.87000274658203,0
2026-07-30 06:00:00-04:00,SOXS,70.31,71.5,68.65,68.79,0,2026-09-10 22:18 JST,2026-09-10 09:18 ET,2026-09-09,0.6443,7.1167,6.132,none,1,125.87000274658203,0
2026-07-30 07:00:00-04:00,SOXS,68.83,69.2,66.15,66.27,0,2026-09-10 22:18 JST,2026-09-10 09:18 ET,2026-09-09,0.6443,7.1167,6.132,none,1,125.87000274658203,0
2026-07-30 08:00:00-04:00,SOXS,66.27,67.57,64.5,64.7622,0,2026-09-10 22:18 JST,2026-09-10 09:18 ET,2026-09-09,0.6443,7.1167,6.132,none,1,125.87000274658203,0
2026-07-30 09:00:00-04:00,SOXS,64.65,64.79,61.5,61.92,0,2026-09-10 22:18 JST,2026-09-10 09:18 ET,2026-09-09,0.6443,7.1167,6.132,none,1,125.87000274658203,0
2026-07-30 09:30:00-04:00,SOXS,60.22999954223633,62.0099983215332,52.220001220703125,52.275001525878906,32496501,2026-09-10 22:18 JST,2026-09-10 09:18 ET,2026-09-09,0.6443,7.1167,6.132,none,1,125.87000274658203,0
2026-07-30 10:30:00-04:00,SOXS,52.275001525878906,56.71149826049805,51.63999938964844,55.619998931884766,18212820,2026-09-10 22:18 JST,2026-09-10 09:18 ET,2026-09-09,0.6443,7.1167,6.132,none,1,125.87000274658203,0
2026-07-30 11:30:00-04:00,SOXS,55.595001220703125,55.900001525878906,53.029998779296875,54.1150016784668,6659112,2026-09-10 22:18 JST,2026-09-10 09:18 ET,2026-09-09,0.6443,7.1167,6.132,none,1,125.87000274658203,0
2026-07-30 12:30:00-04:00,SOXS,54.149898529052734,56.04999923706055,53.30099868774414,54.09000015258789,6225292,2026-09-10 22:18 JST,2026-09-10 09:18 ET,2026-09-09,0.6443,7.1167,6.132,none,1,125.87000274658203,0
2026-07-30 13:30:00-04:00,SOXS,54.08000183105469,55.369998931884766,53.81999969482422,54.82500076293945,3725902,2026-09-10 22:18 JST,2026-09-10 09:18 ET,2026-09-09,0.6443,7.1167,6.132,none,1,125.87000274658203,0
2026-07-30 14:30:00-04:00,SOXS,54.810001373291016,55.939998626708984,52.76240158081055,54.279998779296875,6292960,2026-09-10 22:18 JST,2026-09-10 09:18 ET,2026-09-09,0.6443,7.1167,6.132,none,1,125.87000274658203,0
2026-07-30 15:30:00-04:00,SOXS,54.31999969482422,54.4640007019043,53.350101470947266,53.91999816894531,4957432,2026-09-10 22:18 JST,2026-09-10 09:18 ET,2026-09-09,0.6443,7.1167,6.132,none,1,125.87000274658203,0
2026-07-30 16:00:00-04:00,SOXS,53.92,54.56,51.67,51.94,0,2026-09-10 22:18 JST,2026-09-10 09:18 ET,2026-09-09,0.6443,7.1167,6.132,none,1,125.87000274658203,0
2026-07-30 17:00:00-04:00,SOXS,51.885,52.19,50.24,50.97,0,2026-09-10 22:18 JST,2026-09-10 09:18 ET,2026-09-09,0.6443,7.1167,6.132,none,1,125.87000274658203,0
2026-07-30 18:00:00-04:00,SOXS,51.05,51.29,49.78,50.1003,0,2026-09-10 22:18 JST,2026-09-10 09:18 ET,2026-09-09,0.6443,7.1167,6.132,none,1,125.87000274658203,0
2026-07-30 19:00:00-04:00,SOXS,50.1403,50.8582,49.38,49.4,0,2026-09-10 22:18 JST,2026-09-10 09:18 ET,2026-09-09,0.6443,7.1167,6.132,none,1,125.87000274658203,0
2026-07-31 04:00:00-04:00,SOXS,49.39,50.98,47.67,47.78,0,2026-09-10 22:18 JST,2026-09-10 09:18 ET,2026-09-09,0.6443,7.1167,6.132,none,1,125.87000274658203,0
2026-07-31 05:00:00-04:00,SOXS,47.78,48.26,47.27,48.05,0,2026-09-10 22:18 JST,2026-09-10 09:18 ET,2026-09-09,0.6443,7.1167,6.132,none,1,125.87000274658203,0
2026-07-31 06:00:00-04:00,SOXS,48.05,48.96,47.82,48.12,0,2026-09-10 22:18 JST,2026-09-10 09:18 ET,2026-09-09,0.6443,7.1167,6.132,none,1,125.87000274658203,0
2026-07-31 07:00:00-04:00,SOXS,48.14,48.52,47.21,47.8,0,2026-09-10 22:18 JST,2026-09-10 09:18 ET,2026-09-09,0.6443,7.1167,6.132,none,1,125.87000274658203,0
2026-07-31 08:00:00-04:00,SOXS,47.8,49.66,47.71,48.7499,0,2026-09-10 22:18 JST,2026-09-10 09:18 ET,2026-09-09,0.6443,7.1167,6.132,none,1,125.87000274658203,0
2026-07-31 09:00:00-04:00,SOXS,48.74,49.55,48.0,48.14,0,2026-09-10 22:18 JST,2026-09-10 09:18 ET,2026-09-09,0.6443,7.1167,6.132,none,1,125.87000274658203,0
2026-07-31 09:30:00-04:00,SOXS,47.06999969482422,55.20000076293945,45.18000030517578,51.83000183105469,58018104,2026-09-10 22:18 JST,2026-09-10 09:18 ET,2026-09-09,0.6443,7.1167,6.132,none,1,125.87000274658203,0
2026-07-31 10:30:00-04:00,SOXS,51.84000015258789,54.42919921875,50.90999984741211,53.635101318359375,13136649,2026-09-10 22:18 JST,2026-09-10 09:18 ET,2026-09-09,0.6443,7.1167,6.132,none,1,125.87000274658203,0
2026-07-31 11:30:00-04:00,SOXS,53.6349983215332,54.158199310302734,52.11000061035156,52.11000061035156,6855968,2026-09-10 22:18 JST,2026-09-10 09:18 ET,2026-09-09,0.6443,7.1167,6.132,none,1,125.87000274658203,0
2026-07-31 12:30:00-04:00,SOXS,52.119998931884766,53.15999984741211,51.20500183105469,51.439998626708984,4823070,2026-09-10 22:18 JST,2026-09-10 09:18 ET,2026-09-09,0.6443,7.1167,6.132,none,1,125.87000274658203,0
2026-07-31 13:30:00-04:00,SOXS,51.459999084472656,52.7599983215332,50.7504997253418,52.280399322509766,4475802,2026-09-10 22:18 JST,2026-09-10 09:18 ET,2026-09-09,0.6443,7.1167,6.132,none,1,125.87000274658203,0
2026-07-31 14:30:00-04:00,SOXS,52.22999954223633,52.86000061035156,51.84000015258789,52.27000045776367,3094385,2026-09-10 22:18 JST,2026-09-10 09:18 ET,2026-09-09,0.6443,7.1167,6.132,none,1,125.87000274658203,0
2026-07-31 15:30:00-04:00,SOXS,52.2322998046875,54.290000915527344,52.099998474121094,54.275001525878906,4311641,2026-09-10 22:18 JST,2026-09-10 09:18 ET,2026-09-09,0.6443,7.1167,6.132,none,1,125.87000274658203,0
2026-07-31 16:00:00-04:00,SOXS,54.25,55.0239,53.5,54.96,0,2026-09-10 22:18 JST,2026-09-10 09:18 ET,2026-09-09,0.6443,7.1167,6.132,none,1,125.87000274658203,0
2026-07-31 17:00:00-04:00,SOXS,54.985,55.37,54.41,55.2,0,2026-09-10 22:18 JST,2026-09-10 09:18 ET,2026-09-09,0.6443,7.1167,6.132,none,1,125.87000274658203,0
2026-07-31 18:00:00-04:00,SOXS,55.18,55.23,54.33,54.58,0,2026-09-10 22:18 JST,2026-09-10 09:18 ET,2026-09-09,0.6443,7.1167,6.132,none,1,125.87000274658203,0
2026-07-31 19:00:00-04:00,SOXS,54.58,54.99,54.36,54.96,0,2026-09-10 22:18 JST,2026-09-10 09:18 ET,2026-09-09,0.6443,7.1167,6.132,none,1,125.87000274658203,0
2026-08-03 04:00:00-04:00,SOXS,53.39,55.45,51.08,55.22,0,2026-09-10 22:18 JST,2026-09-10 09:18 ET,2026-09-09,0.6443,7.1167,6.132,none,1,125.87000274658203,0
2026-08-03 05:00:00-04:00,SOXS,55.26,55.47,53.14,54.5,0,2026-09-10 22:18 JST,2026-09-10 09:18 ET,2026-09-09,0.6443,7.1167,6.132,none,1,125.87000274658203,0
2026-08-03 06:00:00-04:00,SOXS,54.5,57.25,54.15,56.5187,0,2026-09-10 22:18 JST,2026-09-10 09:18 ET,2026-09-09,0.6443,7.1167,6.132,none,1,125.87000274658203,0
2026-08-03 07:00:00-04:00,SOXS,56.52,57.4,55.57,57.381,0,2026-09-10 22:18 JST,2026-09-10 09:18 ET,2026-09-09,0.6443,7.1167,6.132,none,1,125.87000274658203,0
2026-08-03 08:00:00-04:00,SOXS,57.4,59.29,56.75,58.169,0,2026-09-10 22:18 JST,2026-09-10 09:18 ET,2026-09-09,0.6443,7.1167,6.132,none,1,125.87000274658203,0
2026-08-03 09:00:00-04:00,SOXS,58.12,58.76,57.62,58.33,0,2026-09-10 22:18 JST,2026-09-10 09:18 ET,2026-09-09,0.6443,7.1167,6.132,none,1,125.87000274658203,0
2026-08-03 09:30:00-04:00,SOXS,58.2400016784668,60.27000045776367,55.590999603271484,55.65420150756836,34653539,2026-09-10 22:18 JST,2026-09-10 09:18 ET,2026-09-09,0.6443,7.1167,6.132,none,1,125.87000274658203,0
2026-08-03 10:30:00-04:00,SOXS,55.630001068115234,56.059898376464844,53.04999923706055,55.95000076293945,12099829,2026-09-10 22:18 JST,2026-09-10 09:18 ET,2026-09-09,0.6443,7.1167,6.132,none,1,125.87000274658203,0
2026-08-03 11:30:00-04:00,SOXS,55.939998626708984,56.005001068115234,53.63999938964844,54.4099006652832,5208811,2026-09-10 22:18 JST,2026-09-10 09:18 ET,2026-09-09,0.6443,7.1167,6.132,none,1,125.87000274658203,0
2026-08-03 12:30:00-04:00,SOXS,54.38999938964844,55.10499954223633,53.91999816894531,53.97999954223633,3117623,2026-09-10 22:18 JST,2026-09-10 09:18 ET,2026-09-09,0.6443,7.1167,6.132,none,1,125.87000274658203,0
2026-08-03 13:30:00-04:00,SOXS,53.970001220703125,54.0796012878418,52.130001068115234,53.470001220703125,5767535,2026-09-10 22:18 JST,2026-09-10 09:18 ET,2026-09-09,0.6443,7.1167,6.132,none,1,125.87000274658203,0
2026-08-03 14:30:00-04:00,SOXS,53.470001220703125,53.7599983215332,52.81999969482422,53.25,3103246,2026-09-10 22:18 JST,2026-09-10 09:18 ET,2026-09-09,0.6443,7.1167,6.132,none,1,125.87000274658203,0
2026-08-03 15:30:00-04:00,SOXS,53.239601135253906,53.4900016784668,52.79010009765625,53.099998474121094,2361071,2026-09-10 22:18 JST,2026-09-10 09:18 ET,2026-09-09,0.6443,7.1167,6.132,none,1,125.87000274658203,0
2026-08-03 16:00:00-04:00,SOXS,53.08,53.34,52.4,52.6878,0,2026-09-10 22:18 JST,2026-09-10 09:18 ET,2026-09-09,0.6443,7.1167,6.132,none,1,125.87000274658203,0
2026-08-03 17:00:00-04:00,SOXS,52.63,52.83,52.27,52.55,0,2026-09-10 22:18 JST,2026-09-10 09:18 ET,2026-09-09,0.6443,7.1167,6.132,none,1,125.87000274658203,0
2026-08-03 18:00:00-04:00,SOXS,52.51,52.54,51.77,51.88,0,2026-09-10 22:18 JST,2026-09-10 09:18 ET,2026-09-09,0.6443,7.1167,6.132,none,1,125.87000274658203,0
2026-08-03 19:00:00-04:00,SOXS,51.96,52.25,51.59,51.62,0,2026-09-10 22:18 JST,2026-09-10 09:18 ET,2026-09-09,0.6443,7.1167,6.132,none,1,125.87000274658203,0
2026-08-04 04:00:00-04:00,SOXS,50.93,53.48,48.72,49.1279,0,2026-09-10 22:18 JST,2026-09-10 09:18 ET,2026-09-09,0.6443,7.1167,6.132,none,1,125.87000274658203,0
2026-08-04 05:00:00-04:00,SOXS,49.1318,50.8284,49.09,50.0984,0,2026-09-10 22:18 JST,2026-09-10 09:18 ET,2026-09-09,0.6443,7.1167,6.132,none,1,125.87000274658203,0
2026-08-04 06:00:00-04:00,SOXS,50.07,50.1679,48.17,48.56,0,2026-09-10 22:18 JST,2026-09-10 09:18 ET,2026-09-09,0.6443,7.1167,6.132,none,1,125.87000274658203,0
2026-08-04 07:00:00-04:00,SOXS,48.56,48.6,46.75,46.85,0,2026-09-10 22:18 JST,2026-09-10 09:18 ET,2026-09-09,0.6443,7.1167,6.132,none,1,125.87000274658203,0
2026-08-04 08:00:00-04:00,SOXS,46.84,47.4,45.724,46.27,0,2026-09-10 22:18 JST,2026-09-10 09:18 ET,2026-09-09,0.6443,7.1167,6.132,none,1,125.87000274658203,0
2026-08-04 09:00:00-04:00,SOXS,46.26,46.92,45.75,45.7967,0,2026-09-10 22:18 JST,2026-09-10 09:18 ET,2026-09-09,0.6443,7.1167,6.132,none,1,125.87000274658203,0
2026-08-04 09:30:00-04:00,SOXS,46.540000915527344,47.31999969482422,44.290000915527344,45.0099983215332,35978991,2026-09-10 22:18 JST,2026-09-10 09:18 ET,2026-09-09,0.6443,7.1167,6.132,none,1,125.87000274658203,0
2026-08-04 10:30:00-04:00,SOXS,45.01499938964844,45.5099983215332,43.45000076293945,43.935001373291016,10706499,2026-09-10 22:18 JST,2026-09-10 09:18 ET,2026-09-09,0.6443,7.1167,6.132,none,1,125.87000274658203,0
2026-08-04 11:30:00-04:00,SOXS,43.939998626708984,44.02000045776367,42.730098724365234,43.029998779296875,7149962,2026-09-10 22:18 JST,2026-09-10 09:18 ET,2026-09-09,0.6443,7.1167,6.132,none,1,125.87000274658203,0
2026-08-04 12:30:00-04:00,SOXS,43.02000045776367,43.15760040283203,42.08000183105469,42.20130157470703,4789391,2026-09-10 22:18 JST,2026-09-10 09:18 ET,2026-09-09,0.6443,7.1167,6.132,none,1,125.87000274658203,0
2026-08-04 13:30:00-04:00,SOXS,42.209999084472656,42.8849983215332,41.560001373291016,42.0,6506994,2026-09-10 22:18 JST,2026-09-10 09:18 ET,2026-09-09,0.6443,7.1167,6.132,none,1,125.87000274658203,0
2026-08-04 14:30:00-04:00,SOXS,42.005001068115234,42.40999984741211,41.40999984741211,41.90999984741211,5118033,2026-09-10 22:18 JST,2026-09-10 09:18 ET,2026-09-09,0.6443,7.1167,6.132,none,1,125.87000274658203,0
2026-08-04 15:30:00-04:00,SOXS,41.93000030517578,42.58000183105469,41.70000076293945,42.38999938964844,5287391,2026-09-10 22:18 JST,2026-09-10 09:18 ET,2026-09-09,0.6443,7.1167,6.132,none,1,125.87000274658203,0
2026-08-04 16:00:00-04:00,SOXS,42.41,45.05,41.55,44.08,0,2026-09-10 22:18 JST,2026-09-10 09:18 ET,2026-09-09,0.6443,7.1167,6.132,none,1,125.87000274658203,0
2026-08-04 17:00:00-04:00,SOXS,44.09,44.48,43.67,44.1797,0,2026-09-10 22:18 JST,2026-09-10 09:18 ET,2026-09-09,0.6443,7.1167,6.132,none,1,125.87000274658203,0
2026-08-04 18:00:00-04:00,SOXS,44.19,44.35,43.66,43.8182,0,2026-09-10 22:18 JST,2026-09-10 09:18 ET,2026-09-09,0.6443,7.1167,6.132,none,1,125.87000274658203,0
2026-08-04 19:00:00-04:00,SOXS,43.81,44.03,43.47,43.6511,0,2026-09-10 22:18 JST,2026-09-10 09:18 ET,2026-09-09,0.6443,7.1167,6.132,none,1,125.87000274658203,0
2026-08-05 04:00:00-04:00,SOXS,43.0,44.16,41.47,43.855,0,2026-09-10 22:18 JST,2026-09-10 09:18 ET,2026-09-09,0.6443,7.1167,6.132,none,1,125.87000274658203,0
2026-08-05 05:00:00-04:00,SOXS,43.855,44.729,43.76,43.8979,0,2026-09-10 22:18 JST,2026-09-10 09:18 ET,2026-09-09,0.6443,7.1167,6.132,none,1,125.87000274658203,0
2026-08-05 06:00:00-04:00,SOXS,43.8979,44.19,43.47,44.07,0,2026-09-10 22:18 JST,2026-09-10 09:18 ET,2026-09-09,0.6443,7.1167,6.132,none,1,125.87000274658203,0
2026-08-05 07:00:00-04:00,SOXS,44.07,44.59,43.9,44.1821,0,2026-09-10 22:18 JST,2026-09-10 09:18 ET,2026-09-09,0.6443,7.1167,6.132,none,1,125.87000274658203,0
2026-08-05 08:00:00-04:00,SOXS,44.22,45.11,43.8205,44.2114,0,2026-09-10 22:18 JST,2026-09-10 09:18 ET,2026-09-09,0.6443,7.1167,6.132,none,1,125.87000274658203,0
2026-08-05 09:00:00-04:00,SOXS,44.215,44.95,44.0005,44.9097,0,2026-09-10 22:18 JST,2026-09-10 09:18 ET,2026-09-09,0.6443,7.1167,6.132,none,1,125.87000274658203,0
2026-08-05 09:30:00-04:00,SOXS,43.779998779296875,44.279998779296875,41.20000076293945,43.970001220703125,31560808,2026-09-10 22:18 JST,2026-09-10 09:18 ET,2026-09-09,0.6443,7.1167,6.132,none,1,125.87000274658203,0
2026-08-05 10:30:00-04:00,SOXS,43.97999954223633,45.59000015258789,43.95500183105469,44.54999923706055,10645337,2026-09-10 22:18 JST,2026-09-10 09:18 ET,2026-09-09,0.6443,7.1167,6.132,none,1,125.87000274658203,0
2026-08-05 11:30:00-04:00,SOXS,44.54999923706055,44.829898834228516,43.13999938964844,43.15999984741211,5637551,2026-09-10 22:18 JST,2026-09-10 09:18 ET,2026-09-09,0.6443,7.1167,6.132,none,1,125.87000274658203,0
2026-08-05 12:30:00-04:00,SOXS,43.150001525878906,44.22600173950195,43.08000183105469,44.09000015258789,3912865,2026-09-10 22:18 JST,2026-09-10 09:18 ET,2026-09-09,0.6443,7.1167,6.132,none,1,125.87000274658203,0
2026-08-05 13:30:00-04:00,SOXS,44.09000015258789,44.2400016784668,43.650001525878906,43.70000076293945,1846049,2026-09-10 22:18 JST,2026-09-10 09:18 ET,2026-09-09,0.6443,7.1167,6.132,none,1,125.87000274658203,0
2026-08-05 14:30:00-04:00,SOXS,43.709999084472656,44.169898986816406,43.21500015258789,43.415000915527344,2728602,2026-09-10 22:18 JST,2026-09-10 09:18 ET,2026-09-09,0.6443,7.1167,6.132,none,1,125.87000274658203,0
2026-08-05 15:30:00-04:00,SOXS,43.400001525878906,45.29999923706055,43.31999969482422,45.130001068115234,4182537,2026-09-10 22:18 JST,2026-09-10 09:18 ET,2026-09-09,0.6443,7.1167,6.132,none,1,125.87000274658203,0
2026-08-05 16:00:00-04:00,SOXS,45.08,45.84,44.66,44.81,0,2026-09-10 22:18 JST,2026-09-10 09:18 ET,2026-09-09,0.6443,7.1167,6.132,none,1,125.87000274658203,0
2026-08-05 17:00:00-04:00,SOXS,44.85,45.63,44.59,45.36,0,2026-09-10 22:18 JST,2026-09-10 09:18 ET,2026-09-09,0.6443,7.1167,6.132,none,1,125.87000274658203,0
2026-08-05 18:00:00-04:00,SOXS,45.37,45.37,44.27,44.81,0,2026-09-10 22:18 JST,2026-09-10 09:18 ET,2026-09-09,0.6443,7.1167,6.132,none,1,125.87000274658203,0
2026-08-05 19:00:00-04:00,SOXS,44.81,45.25,44.61,45.16,0,2026-09-10 22:18 JST,2026-09-10 09:18 ET,2026-09-09,0.6443,7.1167,6.132,none,1,125.87000274658203,0
2026-08-06 04:00:00-04:00,SOXS,46.24,46.9579,45.21,46.249,0,2026-09-10 22:18 JST,2026-09-10 09:18 ET,2026-09-09,0.6443,7.1167,6.132,none,1,125.87000274658203,0
2026-08-06 05:00:00-04:00,SOXS,46.24,46.59,45.83,46.239,0,2026-09-10 22:18 JST,2026-09-10 09:18 ET,2026-09-09,0.6443,7.1167,6.132,none,1,125.87000274658203,0
2026-08-06 06:00:00-04:00,SOXS,46.23,46.34,45.53,45.72,0,2026-09-10 22:18 JST,2026-09-10 09:18 ET,2026-09-09,0.6443,7.1167,6.132,none,1,125.87000274658203,0
2026-08-06 07:00:00-04:00,SOXS,45.72,47.0,45.6816,45.955,0,2026-09-10 22:18 JST,2026-09-10 09:18 ET,2026-09-09,0.6443,7.1167,6.132,none,1,125.87000274658203,0
2026-08-06 08:00:00-04:00,SOXS,45.95,46.6,45.09,46.24,0,2026-09-10 22:18 JST,2026-09-10 09:18 ET,2026-09-09,0.6443,7.1167,6.132,none,1,125.87000274658203,0
2026-08-06 09:00:00-04:00,SOXS,46.26,47.19,45.9,47.1686,0,2026-09-10 22:18 JST,2026-09-10 09:18 ET,2026-09-09,0.6443,7.1167,6.132,none,1,125.87000274658203,0
2026-08-06 09:30:00-04:00,SOXS,47.15999984741211,48.83000183105469,42.22999954223633,43.20000076293945,31912749,2026-09-10 22:18 JST,2026-09-10 09:18 ET,2026-09-09,0.6443,7.1167,6.132,none,1,125.87000274658203,0
2026-08-06 10:30:00-04:00,SOXS,43.209999084472656,44.099998474121094,42.15999984741211,42.73500061035156,11510229,2026-09-10 22:18 JST,2026-09-10 09:18 ET,2026-09-09,0.6443,7.1167,6.132,none,1,125.87000274658203,0
2026-08-06 11:30:00-04:00,SOXS,42.72829818725586,44.810001373291016,42.47999954223633,44.578800201416016,8899656,2026-09-10 22:18 JST,2026-09-10 09:18 ET,2026-09-09,0.6443,7.1167,6.132,none,1,125.87000274658203,0
2026-08-06 12:30:00-04:00,SOXS,44.56999969482422,44.63999938964844,43.0099983215332,43.52009963989258,5369470,2026-09-10 22:18 JST,2026-09-10 09:18 ET,2026-09-09,0.6443,7.1167,6.132,none,1,125.87000274658203,0
2026-08-06 13:30:00-04:00,SOXS,43.529998779296875,44.5,42.97050094604492,43.238800048828125,4379873,2026-09-10 22:18 JST,2026-09-10 09:18 ET,2026-09-09,0.6443,7.1167,6.132,none,1,125.87000274658203,0
2026-08-06 14:30:00-04:00,SOXS,43.25,44.099700927734375,43.0099983215332,43.900001525878906,3549210,2026-09-10 22:18 JST,2026-09-10 09:18 ET,2026-09-09,0.6443,7.1167,6.132,none,1,125.87000274658203,0
2026-08-06 15:30:00-04:00,SOXS,43.90999984741211,44.939998626708984,43.59000015258789,44.82500076293945,3431723,2026-09-10 22:18 JST,2026-09-10 09:18 ET,2026-09-09,0.6443,7.1167,6.132,none,1,125.87000274658203,0
2026-08-06 16:00:00-04:00,SOXS,44.76,44.84,44.25,44.2795,0,2026-09-10 22:18 JST,2026-09-10 09:18 ET,2026-09-09,0.6443,7.1167,6.132,none,1,125.87000274658203,0
2026-08-06 17:00:00-04:00,SOXS,44.263,44.41,44.05,44.25,0,2026-09-10 22:18 JST,2026-09-10 09:18 ET,2026-09-09,0.6443,7.1167,6.132,none,1,125.87000274658203,0
2026-08-06 18:00:00-04:00,SOXS,44.26,44.39,43.74,43.78,0,2026-09-10 22:18 JST,2026-09-10 09:18 ET,2026-09-09,0.6443,7.1167,6.132,none,1,125.87000274658203,0
2026-08-06 19:00:00-04:00,SOXS,43.79,43.9934,43.61,43.66,0,2026-09-10 22:18 JST,2026-09-10 09:18 ET,2026-09-09,0.6443,7.1167,6.132,none,1,125.87000274658203,0
2026-08-07 04:00:00-04:00,SOXS,44.17,44.82,42.69,42.78,0,2026-09-10 22:18 JST,2026-09-10 09:18 ET,2026-09-09,0.6443,7.1167,6.132,none,1,125.87000274658203,0
2026-08-07 05:00:00-04:00,SOXS,42.79,43.15,42.5997,42.98,0,2026-09-10 22:18 JST,2026-09-10 09:18 ET,2026-09-09,0.6443,7.1167,6.132,none,1,125.87000274658203,0
2026-08-07 06:00:00-04:00,SOXS,43.0,43.74,42.85,43.34,0,2026-09-10 22:18 JST,2026-09-10 09:18 ET,2026-09-09,0.6443,7.1167,6.132,none,1,125.87000274658203,0
2026-08-07 07:00:00-04:00,SOXS,43.35,43.6884,42.88,42.94,0,2026-09-10 22:18 JST,2026-09-10 09:18 ET,2026-09-09,0.6443,7.1167,6.132,none,1,125.87000274658203,0
2026-08-07 08:00:00-04:00,SOXS,42.94,43.3185,42.5,42.96,0,2026-09-10 22:18 JST,2026-09-10 09:18 ET,2026-09-09,0.6443,7.1167,6.132,none,1,125.87000274658203,0
2026-08-07 09:00:00-04:00,SOXS,42.96,43.2,40.17,41.32,0,2026-09-10 22:18 JST,2026-09-10 09:18 ET,2026-09-09,0.6443,7.1167,6.132,none,1,125.87000274658203,0
2026-08-07 09:30:00-04:00,SOXS,41.540000915527344,45.077598571777344,40.900001525878906,43.13999938964844,28622026,2026-09-10 22:18 JST,2026-09-10 09:18 ET,2026-09-09,0.6443,7.1167,6.132,none,1,125.87000274658203,0
2026-08-07 10:30:00-04:00,SOXS,43.13740158081055,44.58000183105469,42.380001068115234,42.599998474121094,7827773,2026-09-10 22:18 JST,2026-09-10 09:18 ET,2026-09-09,0.6443,7.1167,6.132,none,1,125.87000274658203,0
2026-08-07 11:30:00-04:00,SOXS,42.59000015258789,43.33000183105469,42.0099983215332,43.099998474121094,5883959,2026-09-10 22:18 JST,2026-09-10 09:18 ET,2026-09-09,0.6443,7.1167,6.132,none,1,125.87000274658203,0
2026-08-07 12:30:00-04:00,SOXS,43.08599853515625,43.59000015258789,42.2400016784668,42.40999984741211,4133787,2026-09-10 22:18 JST,2026-09-10 09:18 ET,2026-09-09,0.6443,7.1167,6.132,none,1,125.87000274658203,0
2026-08-07 13:30:00-04:00,SOXS,42.400001525878906,43.05870056152344,42.36000061035156,43.000099182128906,2266136,2026-09-10 22:18 JST,2026-09-10 09:18 ET,2026-09-09,0.6443,7.1167,6.132,none,1,125.87000274658203,0
2026-08-07 14:30:00-04:00,SOXS,43.0,43.119998931884766,42.007301330566406,42.349998474121094,4088721,2026-09-10 22:18 JST,2026-09-10 09:18 ET,2026-09-09,0.6443,7.1167,6.132,none,1,125.87000274658203,0
2026-08-07 15:30:00-04:00,SOXS,42.36000061035156,42.974998474121094,41.91999816894531,42.06999969482422,3634089,2026-09-10 22:18 JST,2026-09-10 09:18 ET,2026-09-09,0.6443,7.1167,6.132,none,1,125.87000274658203,0
2026-08-07 16:00:00-04:00,SOXS,42.1099,42.22,42.02,42.05,0,2026-09-10 22:18 JST,2026-09-10 09:18 ET,2026-09-09,0.6443,7.1167,6.132,none,1,125.87000274658203,0
2026-08-07 17:00:00-04:00,SOXS,42.04,42.2,42.04,42.08,0,2026-09-10 22:18 JST,2026-09-10 09:18 ET,2026-09-09,0.6443,7.1167,6.132,none,1,125.87000274658203,0
2026-08-07 18:00:00-04:00,SOXS,42.09,42.11,42.04,42.09,0,2026-09-10 22:18 JST,2026-09-10 09:18 ET,2026-09-09,0.6443,7.1167,6.132,none,1,125.87000274658203,0
2026-08-07 19:00:00-04:00,SOXS,42.08,42.14,41.7,41.76,0,2026-09-10 22:18 JST,2026-09-10 09:18 ET,2026-09-09,0.6443,7.1167,6.132,none,1,125.87000274658203,0
2026-08-10 04:00:00-04:00,SOXS,40.93,41.78,40.1,40.48,0,2026-09-10 22:18 JST,2026-09-10 09:18 ET,2026-09-09,0.6443,7.1167,6.132,none,1,125.87000274658203,0
2026-08-10 05:00:00-04:00,SOXS,40.48,40.57,40.23,40.44,0,2026-09-10 22:18 JST,2026-09-10 09:18 ET,2026-09-09,0.6443,7.1167,6.132,none,1,125.87000274658203,0
2026-08-10 06:00:00-04:00,SOXS,40.42,41.0,40.3912,40.6695,0,2026-09-10 22:18 JST,2026-09-10 09:18 ET,2026-09-09,0.6443,7.1167,6.132,none,1,125.87000274658203,0
2026-08-10 07:00:00-04:00,SOXS,40.67,41.59,40.55,41.1121,0,2026-09-10 22:18 JST,2026-09-10 09:18 ET,2026-09-09,0.6443,7.1167,6.132,none,1,125.87000274658203,0
2026-08-10 08:00:00-04:00,SOXS,41.1116,42.1,40.94,41.97,0,2026-09-10 22:18 JST,2026-09-10 09:18 ET,2026-09-09,0.6443,7.1167,6.132,none,1,125.87000274658203,0
2026-08-10 09:00:00-04:00,SOXS,41.94,42.3,41.62,41.82,0,2026-09-10 22:18 JST,2026-09-10 09:18 ET,2026-09-09,0.6443,7.1167,6.132,none,1,125.87000274658203,0
2026-08-10 09:30:00-04:00,SOXS,41.349998474121094,43.45000076293945,41.145999908447266,43.04100036621094,19812287,2026-09-10 22:18 JST,2026-09-10 09:18 ET,2026-09-09,0.6443,7.1167,6.132,none,1,125.87000274658203,0
2026-08-10 10:30:00-04:00,SOXS,43.06999969482422,44.220001220703125,42.59000015258789,43.92959976196289,6492157,2026-09-10 22:18 JST,2026-09-10 09:18 ET,2026-09-09,0.6443,7.1167,6.132,none,1,125.87000274658203,0
2026-08-10 11:30:00-04:00,SOXS,43.95000076293945,44.209999084472656,43.220001220703125,43.66999816894531,2831827,2026-09-10 22:18 JST,2026-09-10 09:18 ET,2026-09-09,0.6443,7.1167,6.132,none,1,125.87000274658203,0
2026-08-10 12:30:00-04:00,SOXS,43.689998626708984,44.279998779296875,43.56999969482422,43.97999954223633,3845420,2026-09-10 22:18 JST,2026-09-10 09:18 ET,2026-09-09,0.6443,7.1167,6.132,none,1,125.87000274658203,0
2026-08-10 13:30:00-04:00,SOXS,43.97999954223633,44.22600173950195,43.81999969482422,44.0099983215332,1863263,2026-09-10 22:18 JST,2026-09-10 09:18 ET,2026-09-09,0.6443,7.1167,6.132,none,1,125.87000274658203,0
2026-08-10 14:30:00-04:00,SOXS,44.0,44.03499984741211,43.41999816894531,43.54999923706055,1780572,2026-09-10 22:18 JST,2026-09-10 09:18 ET,2026-09-09,0.6443,7.1167,6.132,none,1,125.87000274658203,0
2026-08-10 15:30:00-04:00,SOXS,43.540000915527344,45.279998779296875,43.47999954223633,45.279998779296875,3708832,2026-09-10 22:18 JST,2026-09-10 09:18 ET,2026-09-09,0.6443,7.1167,6.132,none,1,125.87000274658203,0
2026-08-10 16:00:00-04:00,SOXS,45.21,45.22,44.6714,44.6886,0,2026-09-10 22:18 JST,2026-09-10 09:18 ET,2026-09-09,0.6443,7.1167,6.132,none,1,125.87000274658203,0
2026-08-10 17:00:00-04:00,SOXS,44.6886,44.99,44.6886,44.89,0,2026-09-10 22:18 JST,2026-09-10 09:18 ET,2026-09-09,0.6443,7.1167,6.132,none,1,125.87000274658203,0
2026-08-10 18:00:00-04:00,SOXS,44.87,45.08,44.6417,44.9653,0,2026-09-10 22:18 JST,2026-09-10 09:18 ET,2026-09-09,0.6443,7.1167,6.132,none,1,125.87000274658203,0
2026-08-10 19:00:00-04:00,SOXS,44.96,45.4423,44.96,45.31,0,2026-09-10 22:18 JST,2026-09-10 09:18 ET,2026-09-09,0.6443,7.1167,6.132,none,1,125.87000274658203,0
2026-08-11 04:00:00-04:00,SOXS,44.64,44.74,43.38,44.65,0,2026-09-10 22:18 JST,2026-09-10 09:18 ET,2026-09-09,0.6443,7.1167,6.132,none,1,125.87000274658203,0
2026-08-11 05:00:00-04:00,SOXS,44.6445,45.0885,44.46,44.55,0,2026-09-10 22:18 JST,2026-09-10 09:18 ET,2026-09-09,0.6443,7.1167,6.132,none,1,125.87000274658203,0
2026-08-11 06:00:00-04:00,SOXS,44.54,44.87,44.03,44.1879,0,2026-09-10 22:18 JST,2026-09-10 09:18 ET,2026-09-09,0.6443,7.1167,6.132,none,1,125.87000274658203,0
2026-08-11 07:00:00-04:00,SOXS,44.17,44.2762,43.3004,43.71,0,2026-09-10 22:18 JST,2026-09-10 09:18 ET,2026-09-09,0.6443,7.1167,6.132,none,1,125.87000274658203,0
2026-08-11 08:00:00-04:00,SOXS,43.7,43.92,43.05,43.4479,0,2026-09-10 22:18 JST,2026-09-10 09:18 ET,2026-09-09,0.6443,7.1167,6.132,none,1,125.87000274658203,0
2026-08-11 09:00:00-04:00,SOXS,43.4474,43.5797,43.15,43.31,0,2026-09-10 22:18 JST,2026-09-10 09:18 ET,2026-09-09,0.6443,7.1167,6.132,none,1,125.87000274658203,0
2026-08-11 09:30:00-04:00,SOXS,43.0099983215332,44.560001373291016,42.849998474121094,43.13999938964844,18788283,2026-09-10 22:18 JST,2026-09-10 09:18 ET,2026-09-09,0.6443,7.1167,6.132,none,1,125.87000274658203,0
2026-08-11 10:30:00-04:00,SOXS,43.099998474121094,44.119998931884766,43.042701721191406,43.9900016784668,4683696,2026-09-10 22:18 JST,2026-09-10 09:18 ET,2026-09-09,0.6443,7.1167,6.132,none,1,125.87000274658203,0
2026-08-11 11:30:00-04:00,SOXS,43.9900016784668,44.5,43.79100036621094,44.36000061035156,2721880,2026-09-10 22:18 JST,2026-09-10 09:18 ET,2026-09-09,0.6443,7.1167,6.132,none,1,125.87000274658203,0
2026-08-11 12:30:00-04:00,SOXS,44.35129928588867,45.15999984741211,44.20000076293945,44.95000076293945,3086109,2026-09-10 22:18 JST,2026-09-10 09:18 ET,2026-09-09,0.6443,7.1167,6.132,none,1,125.87000274658203,0
2026-08-11 13:30:00-04:00,SOXS,44.93000030517578,45.13999938964844,44.53499984741211,45.0099983215332,2336412,2026-09-10 22:18 JST,2026-09-10 09:18 ET,2026-09-09,0.6443,7.1167,6.132,none,1,125.87000274658203,0
2026-08-11 14:30:00-04:00,SOXS,45.0,45.04499816894531,44.45009994506836,44.5,2035746,2026-09-10 22:18 JST,2026-09-10 09:18 ET,2026-09-09,0.6443,7.1167,6.132,none,1,125.87000274658203,0
2026-08-11 15:30:00-04:00,SOXS,44.5,44.5099983215332,43.91999816894531,44.04999923706055,2587495,2026-09-10 22:18 JST,2026-09-10 09:18 ET,2026-09-09,0.6443,7.1167,6.132,none,1,125.87000274658203,0
2026-08-11 16:00:00-04:00,SOXS,44.03,44.17,43.76,43.94,0,2026-09-10 22:18 JST,2026-09-10 09:18 ET,2026-09-09,0.6443,7.1167,6.132,none,1,125.87000274658203,0
2026-08-11 17:00:00-04:00,SOXS,43.92,44.03,43.81,43.91,0,2026-09-10 22:18 JST,2026-09-10 09:18 ET,2026-09-09,0.6443,7.1167,6.132,none,1,125.87000274658203,0
2026-08-11 18:00:00-04:00,SOXS,43.94,44.0809,43.83,43.84,0,2026-09-10 22:18 JST,2026-09-10 09:18 ET,2026-09-09,0.6443,7.1167,6.132,none,1,125.87000274658203,0
2026-08-11 19:00:00-04:00,SOXS,43.84,43.9772,43.6703,43.71,0,2026-09-10 22:18 JST,2026-09-10 09:18 ET,2026-09-09,0.6443,7.1167,6.132,none,1,125.87000274658203,0
2026-08-12 04:00:00-04:00,SOXS,42.81,43.35,41.84,41.91,0,2026-09-10 22:18 JST,2026-09-10 09:18 ET,2026-09-09,0.6443,7.1167,6.132,none,1,125.87000274658203,0
2026-08-12 05:00:00-04:00,SOXS,41.91,42.17,41.48,41.61,0,2026-09-10 22:18 JST,2026-09-10 09:18 ET,2026-09-09,0.6443,7.1167,6.132,none,1,125.87000274658203,0
2026-08-12 06:00:00-04:00,SOXS,41.61,41.74,41.45,41.51,0,2026-09-10 22:18 JST,2026-09-10 09:18 ET,2026-09-09,0.6443,7.1167,6.132,none,1,125.87000274658203,0
2026-08-12 07:00:00-04:00,SOXS,41.51,42.0,41.5,41.8895,0,2026-09-10 22:18 JST,2026-09-10 09:18 ET,2026-09-09,0.6443,7.1167,6.132,none,1,125.87000274658203,0
2026-08-12 08:00:00-04:00,SOXS,41.8705,41.89,40.57,40.75,0,2026-09-10 22:18 JST,2026-09-10 09:18 ET,2026-09-09,0.6443,7.1167,6.132,none,1,125.87000274658203,0
2026-08-12 09:00:00-04:00,SOXS,40.75,41.97,39.54,39.8099,0,2026-09-10 22:18 JST,2026-09-10 09:18 ET,2026-09-09,0.6443,7.1167,6.132,none,1,125.87000274658203,0
2026-08-12 09:30:00-04:00,SOXS,39.29999923706055,40.83000183105469,39.279998779296875,39.768798828125,24957453,2026-09-10 22:18 JST,2026-09-10 09:18 ET,2026-09-09,0.6443,7.1167,6.132,none,1,125.87000274658203,0
2026-08-12 10:30:00-04:00,SOXS,39.7599983215332,40.599998474121094,39.7400016784668,39.88990020751953,6607599,2026-09-10 22:18 JST,2026-09-10 09:18 ET,2026-09-09,0.6443,7.1167,6.132,none,1,125.87000274658203,0
2026-08-12 11:30:00-04:00,SOXS,39.87120056152344,40.65999984741211,39.869998931884766,40.099998474121094,3979206,2026-09-10 22:18 JST,2026-09-10 09:18 ET,2026-09-09,0.6443,7.1167,6.132,none,1,125.87000274658203,0
2026-08-12 12:30:00-04:00,SOXS,40.099998474121094,40.29999923706055,39.76499938964844,39.84000015258789,2598001,2026-09-10 22:18 JST,2026-09-10 09:18 ET,2026-09-09,0.6443,7.1167,6.132,none,1,125.87000274658203,0
2026-08-12 13:30:00-04:00,SOXS,39.83869934082031,39.91999816894531,39.41999816894531,39.77000045776367,3423664,2026-09-10 22:18 JST,2026-09-10 09:18 ET,2026-09-09,0.6443,7.1167,6.132,none,1,125.87000274658203,0
2026-08-12 14:30:00-04:00,SOXS,39.775001525878906,40.58000183105469,39.630001068115234,40.45989990234375,3413517,2026-09-10 22:18 JST,2026-09-10 09:18 ET,2026-09-09,0.6443,7.1167,6.132,none,1,125.87000274658203,0
2026-08-12 15:30:00-04:00,SOXS,40.459999084472656,41.08000183105469,40.45130157470703,40.95289993286133,4214776,2026-09-10 22:18 JST,2026-09-10 09:18 ET,2026-09-09,0.6443,7.1167,6.132,none,1,125.87000274658203,0
2026-08-12 16:00:00-04:00,SOXS,40.97,41.14,40.73,41.07,0,2026-09-10 22:18 JST,2026-09-10 09:18 ET,2026-09-09,0.6443,7.1167,6.132,none,1,125.87000274658203,0
2026-08-12 17:00:00-04:00,SOXS,41.06,41.09,40.71,40.8,0,2026-09-10 22:18 JST,2026-09-10 09:18 ET,2026-09-09,0.6443,7.1167,6.132,none,1,125.87000274658203,0
2026-08-12 18:00:00-04:00,SOXS,40.8,41.09,40.79,40.9682,0,2026-09-10 22:18 JST,2026-09-10 09:18 ET,2026-09-09,0.6443,7.1167,6.132,none,1,125.87000274658203,0
2026-08-12 19:00:00-04:00,SOXS,40.96,40.9671,40.66,40.6794,0,2026-09-10 22:18 JST,2026-09-10 09:18 ET,2026-09-09,0.6443,7.1167,6.132,none,1,125.87000274658203,0
2026-08-13 04:00:00-04:00,SOXS,40.57,41.39,39.84,41.05,0,2026-09-10 22:18 JST,2026-09-10 09:18 ET,2026-09-09,0.6443,7.1167,6.132,none,1,125.87000274658203,0
2026-08-13 05:00:00-04:00,SOXS,41.0486,41.49,40.85,41.3636,0,2026-09-10 22:18 JST,2026-09-10 09:18 ET,2026-09-09,0.6443,7.1167,6.132,none,1,125.87000274658203,0
2026-08-13 06:00:00-04:00,SOXS,41.3636,41.3914,40.75,40.91,0,2026-09-10 22:18 JST,2026-09-10 09:18 ET,2026-09-09,0.6443,7.1167,6.132,none,1,125.87000274658203,0
2026-08-13 07:00:00-04:00,SOXS,40.91,41.1,40.65,41.06,0,2026-09-10 22:18 JST,2026-09-10 09:18 ET,2026-09-09,0.6443,7.1167,6.132,none,1,125.87000274658203,0
2026-08-13 08:00:00-04:00,SOXS,41.06,41.76,40.87,41.29,0,2026-09-10 22:18 JST,2026-09-10 09:18 ET,2026-09-09,0.6443,7.1167,6.132,none,1,125.87000274658203,0
2026-08-13 09:00:00-04:00,SOXS,41.28,41.56,40.71,40.81,0,2026-09-10 22:18 JST,2026-09-10 09:18 ET,2026-09-09,0.6443,7.1167,6.132,none,1,125.87000274658203,0
2026-08-13 09:30:00-04:00,SOXS,41.005001068115234,41.13999938964844,38.5,38.56930160522461,22529539,2026-09-10 22:18 JST,2026-09-10 09:18 ET,2026-09-09,0.6443,7.1167,6.132,none,1,125.87000274658203,0
2026-08-13 10:30:00-04:00,SOXS,38.564998626708984,38.62950134277344,37.560001373291016,37.89950180053711,11797614,2026-09-10 22:18 JST,2026-09-10 09:18 ET,2026-09-09,0.6443,7.1167,6.132,none,1,125.87000274658203,0
2026-08-13 11:30:00-04:00,SOXS,37.900001525878906,39.119998931884766,37.79130172729492,38.099998474121094,10113860,2026-09-10 22:18 JST,2026-09-10 09:18 ET,2026-09-09,0.6443,7.1167,6.132,none,1,125.87000274658203,0
2026-08-13 12:30:00-04:00,SOXS,38.099998474121094,38.500999450683594,37.75,37.915000915527344,4219617,2026-09-10 22:18 JST,2026-09-10 09:18 ET,2026-09-09,0.6443,7.1167,6.132,none,1,125.87000274658203,0
2026-08-13 13:30:00-04:00,SOXS,37.91120147705078,38.589900970458984,37.845001220703125,38.5,3411648,2026-09-10 22:18 JST,2026-09-10 09:18 ET,2026-09-09,0.6443,7.1167,6.132,none,1,125.87000274658203,0
2026-08-13 14:30:00-04:00,SOXS,38.47999954223633,39.579898834228516,38.33000183105469,39.529998779296875,6121267,2026-09-10 22:18 JST,2026-09-10 09:18 ET,2026-09-09,0.6443,7.1167,6.132,none,1,125.87000274658203,0
2026-08-13 15:30:00-04:00,SOXS,39.540000915527344,40.43000030517578,39.525001525878906,40.15999984741211,6221387,2026-09-10 22:18 JST,2026-09-10 09:18 ET,2026-09-09,0.6443,7.1167,6.132,none,1,125.87000274658203,0
2026-08-13 16:00:00-04:00,SOXS,40.12,40.55,39.8,39.83,0,2026-09-10 22:18 JST,2026-09-10 09:18 ET,2026-09-09,0.6443,7.1167,6.132,none,1,125.87000274658203,0
2026-08-13 17:00:00-04:00,SOXS,39.83,40.0323,39.74,39.82,0,2026-09-10 22:18 JST,2026-09-10 09:18 ET,2026-09-09,0.6443,7.1167,6.132,none,1,125.87000274658203,0
2026-08-13 18:00:00-04:00,SOXS,39.81,39.95,39.78,39.8201,0,2026-09-10 22:18 JST,2026-09-10 09:18 ET,2026-09-09,0.6443,7.1167,6.132,none,1,125.87000274658203,0
2026-08-13 19:00:00-04:00,SOXS,39.8285,39.89,39.65,39.7628,0,2026-09-10 22:18 JST,2026-09-10 09:18 ET,2026-09-09,0.6443,7.1167,6.132,none,1,125.87000274658203,0
2026-08-14 04:00:00-04:00,SOXS,40.46,40.94,40.03,40.2263,0,2026-09-10 22:18 JST,2026-09-10 09:18 ET,2026-09-09,0.6443,7.1167,6.132,none,1,125.87000274658203,0
2026-08-14 05:00:00-04:00,SOXS,40.22,40.25,39.97,40.08,0,2026-09-10 22:18 JST,2026-09-10 09:18 ET,2026-09-09,0.6443,7.1167,6.132,none,1,125.87000274658203,0
2026-08-14 06:00:00-04:00,SOXS,40.0795,40.35,39.75,39.96,0,2026-09-10 22:18 JST,2026-09-10 09:18 ET,2026-09-09,0.6443,7.1167,6.132,none,1,125.87000274658203,0
2026-08-14 07:00:00-04:00,SOXS,39.95,40.07,39.56,39.77,0,2026-09-10 22:18 JST,2026-09-10 09:18 ET,2026-09-09,0.6443,7.1167,6.132,none,1,125.87000274658203,0
2026-08-14 08:00:00-04:00,SOXS,39.7562,40.38,39.75,40.15,0,2026-09-10 22:18 JST,2026-09-10 09:18 ET,2026-09-09,0.6443,7.1167,6.132,none,1,125.87000274658203,0
2026-08-14 09:00:00-04:00,SOXS,40.12,40.2,39.7828,40.2,0,2026-09-10 22:18 JST,2026-09-10 09:18 ET,2026-09-09,0.6443,7.1167,6.132,none,1,125.87000274658203,0
2026-08-14 09:30:00-04:00,SOXS,40.61000061035156,41.220001220703125,39.72999954223633,40.720001220703125,19712198,2026-09-10 22:18 JST,2026-09-10 09:18 ET,2026-09-09,0.6443,7.1167,6.132,none,1,125.87000274658203,0
2026-08-14 10:30:00-04:00,SOXS,40.709999084472656,41.91939926147461,40.20000076293945,41.310001373291016,7868749,2026-09-10 22:18 JST,2026-09-10 09:18 ET,2026-09-09,0.6443,7.1167,6.132,none,1,125.87000274658203,0
2026-08-14 11:30:00-04:00,SOXS,41.310001373291016,41.904998779296875,40.959999084472656,41.04499816894531,4941825,2026-09-10 22:18 JST,2026-09-10 09:18 ET,2026-09-09,0.6443,7.1167,6.132,none,1,125.87000274658203,0
2026-08-14 12:30:00-04:00,SOXS,41.040000915527344,41.65999984741211,40.974998474121094,41.52000045776367,2949708,2026-09-10 22:18 JST,2026-09-10 09:18 ET,2026-09-09,0.6443,7.1167,6.132,none,1,125.87000274658203,0
2026-08-14 13:30:00-04:00,SOXS,41.525001525878906,41.640098571777344,41.224998474121094,41.36000061035156,1832879,2026-09-10 22:18 JST,2026-09-10 09:18 ET,2026-09-09,0.6443,7.1167,6.132,none,1,125.87000274658203,0
2026-08-14 14:30:00-04:00,SOXS,41.36000061035156,41.43000030517578,40.61000061035156,40.72999954223633,2817272,2026-09-10 22:18 JST,2026-09-10 09:18 ET,2026-09-09,0.6443,7.1167,6.132,none,1,125.87000274658203,0
2026-08-14 15:30:00-04:00,SOXS,40.724998474121094,40.83000183105469,40.16999816894531,40.20940017700195,3200366,2026-09-10 22:18 JST,2026-09-10 09:18 ET,2026-09-09,0.6443,7.1167,6.132,none,1,125.87000274658203,0
2026-08-14 16:00:00-04:00,SOXS,40.25,40.33,40.17,40.2,0,2026-09-10 22:18 JST,2026-09-10 09:18 ET,2026-09-09,0.6443,7.1167,6.132,none,1,125.87000274658203,0
2026-08-14 17:00:00-04:00,SOXS,40.2,40.29,40.16,40.16,0,2026-09-10 22:18 JST,2026-09-10 09:18 ET,2026-09-09,0.6443,7.1167,6.132,none,1,125.87000274658203,0
2026-08-14 18:00:00-04:00,SOXS,40.16,40.85,40.12,40.24,0,2026-09-10 22:18 JST,2026-09-10 09:18 ET,2026-09-09,0.6443,7.1167,6.132,none,1,125.87000274658203,0
2026-08-14 19:00:00-04:00,SOXS,40.26,40.2863,40.015,40.24,0,2026-09-10 22:18 JST,2026-09-10 09:18 ET,2026-09-09,0.6443,7.1167,6.132,none,1,125.87000274658203,0
2026-08-17 04:00:00-04:00,SOXS,38.78,39.39,38.21,38.25,0,2026-09-10 22:18 JST,2026-09-10 09:18 ET,2026-09-09,0.6443,7.1167,6.132,none,1,125.87000274658203,0
2026-08-17 05:00:00-04:00,SOXS,38.2583,38.749,38.19,38.65,0,2026-09-10 22:18 JST,2026-09-10 09:18 ET,2026-09-09,0.6443,7.1167,6.132,none,1,125.87000274658203,0
2026-08-17 06:00:00-04:00,SOXS,38.649,38.67,38.21,38.21,0,2026-09-10 22:18 JST,2026-09-10 09:18 ET,2026-09-09,0.6443,7.1167,6.132,none,1,125.87000274658203,0
2026-08-17 07:00:00-04:00,SOXS,38.21,40.28,38.17,38.52,0,2026-09-10 22:18 JST,2026-09-10 09:18 ET,2026-09-09,0.6443,7.1167,6.132,none,1,125.87000274658203,0
2026-08-17 08:00:00-04:00,SOXS,38.5214,38.98,38.31,38.9084,0,2026-09-10 22:18 JST,2026-09-10 09:18 ET,2026-09-09,0.6443,7.1167,6.132,none,1,125.87000274658203,0
2026-08-17 09:00:00-04:00,SOXS,38.88,39.43,38.77,39.03,0,2026-09-10 22:18 JST,2026-09-10 09:18 ET,2026-09-09,0.6443,7.1167,6.132,none,1,125.87000274658203,0
2026-08-17 09:30:00-04:00,SOXS,38.650001525878906,39.0900993347168,37.72869873046875,38.0281982421875,21774377,2026-09-10 22:18 JST,2026-09-10 09:18 ET,2026-09-09,0.6443,7.1167,6.132,none,1,125.87000274658203,0
2026-08-17 10:30:00-04:00,SOXS,38.02000045776367,38.099998474121094,36.88990020751953,37.0713005065918,10623695,2026-09-10 22:18 JST,2026-09-10 09:18 ET,2026-09-09,0.6443,7.1167,6.132,none,1,125.87000274658203,0
2026-08-17 11:30:00-04:00,SOXS,37.06990051269531,37.52000045776367,37.04999923706055,37.275001525878906,5150620,2026-09-10 22:18 JST,2026-09-10 09:18 ET,2026-09-09,0.6443,7.1167,6.132,none,1,125.87000274658203,0
2026-08-17 12:30:00-04:00,SOXS,37.27000045776367,38.060001373291016,37.150001525878906,37.980098724365234,5193326,2026-09-10 22:18 JST,2026-09-10 09:18 ET,2026-09-09,0.6443,7.1167,6.132,none,1,125.87000274658203,0
2026-08-17 13:30:00-04:00,SOXS,37.9911994934082,38.20000076293945,37.529998779296875,37.904998779296875,5164283,2026-09-10 22:18 JST,2026-09-10 09:18 ET,2026-09-09,0.6443,7.1167,6.132,none,1,125.87000274658203,0
2026-08-17 14:30:00-04:00,SOXS,37.904998779296875,38.619998931884766,37.5900993347168,38.564998626708984,5703003,2026-09-10 22:18 JST,2026-09-10 09:18 ET,2026-09-09,0.6443,7.1167,6.132,none,1,125.87000274658203,0
2026-08-17 15:30:00-04:00,SOXS,38.560001373291016,38.625,37.95000076293945,38.35499954223633,3772356,2026-09-10 22:18 JST,2026-09-10 09:18 ET,2026-09-09,0.6443,7.1167,6.132,none,1,125.87000274658203,0
2026-08-17 16:00:00-04:00,SOXS,38.36,38.47,38.31,38.3804,0,2026-09-10 22:18 JST,2026-09-10 09:18 ET,2026-09-09,0.6443,7.1167,6.132,none,1,125.87000274658203,0
2026-08-17 17:00:00-04:00,SOXS,38.4,38.42,38.27,38.292,0,2026-09-10 22:18 JST,2026-09-10 09:18 ET,2026-09-09,0.6443,7.1167,6.132,none,1,125.87000274658203,0
2026-08-17 18:00:00-04:00,SOXS,38.29,38.291,38.1031,38.17,0,2026-09-10 22:18 JST,2026-09-10 09:18 ET,2026-09-09,0.6443,7.1167,6.132,none,1,125.87000274658203,0
2026-08-17 19:00:00-04:00,SOXS,38.18,38.2798,38.035,38.0469,0,2026-09-10 22:18 JST,2026-09-10 09:18 ET,2026-09-09,0.6443,7.1167,6.132,none,1,125.87000274658203,0
2026-08-18 04:00:00-04:00,SOXS,40.2,41.89,39.62,41.7325,0,2026-09-10 22:18 JST,2026-09-10 09:18 ET,2026-09-09,0.6443,7.1167,6.132,none,1,125.87000274658203,0
2026-08-18 05:00:00-04:00,SOXS,41.7415,42.33,41.4,42.28,0,2026-09-10 22:18 JST,2026-09-10 09:18 ET,2026-09-09,0.6443,7.1167,6.132,none,1,125.87000274658203,0
2026-08-18 06:00:00-04:00,SOXS,42.27,42.78,42.2097,42.6014,0,2026-09-10 22:18 JST,2026-09-10 09:18 ET,2026-09-09,0.6443,7.1167,6.132,none,1,125.87000274658203,0
2026-08-18 07:00:00-04:00,SOXS,42.6085,42.63,41.99,42.27,0,2026-09-10 22:18 JST,2026-09-10 09:18 ET,2026-09-09,0.6443,7.1167,6.132,none,1,125.87000274658203,0
2026-08-18 08:00:00-04:00,SOXS,42.28,42.7,42.05,42.63,0,2026-09-10 22:18 JST,2026-09-10 09:18 ET,2026-09-09,0.6443,7.1167,6.132,none,1,125.87000274658203,0
2026-08-18 09:00:00-04:00,SOXS,42.63,42.885,42.57,42.8602,0,2026-09-10 22:18 JST,2026-09-10 09:18 ET,2026-09-09,0.6443,7.1167,6.132,none,1,125.87000274658203,0
2026-08-18 09:30:00-04:00,SOXS,42.88999938964844,44.77050018310547,41.939998626708984,43.929100036621094,38623309,2026-09-10 22:18 JST,2026-09-10 09:18 ET,2026-09-09,0.6443,7.1167,6.132,none,1,125.87000274658203,0
2026-08-18 10:30:00-04:00,SOXS,43.93000030517578,45.82939910888672,43.689998626708984,45.0260009765625,11917759,2026-09-10 22:18 JST,2026-09-10 09:18 ET,2026-09-09,0.6443,7.1167,6.132,none,1,125.87000274658203,0
2026-08-18 11:30:00-04:00,SOXS,45.04999923706055,45.220001220703125,44.404998779296875,45.18000030517578,6733317,2026-09-10 22:18 JST,2026-09-10 09:18 ET,2026-09-09,0.6443,7.1167,6.132,none,1,125.87000274658203,0
2026-08-18 12:30:00-04:00,SOXS,45.189998626708984,45.22999954223633,44.529998779296875,44.84000015258789,3569774,2026-09-10 22:18 JST,2026-09-10 09:18 ET,2026-09-09,0.6443,7.1167,6.132,none,1,125.87000274658203,0
2026-08-18 13:30:00-04:00,SOXS,44.869998931884766,45.619998931884766,44.7400016784668,45.084999084472656,3352026,2026-09-10 22:18 JST,2026-09-10 09:18 ET,2026-09-09,0.6443,7.1167,6.132,none,1,125.87000274658203,0
2026-08-18 14:30:00-04:00,SOXS,45.084999084472656,45.15999984741211,44.4015007019043,44.525001525878906,3707117,2026-09-10 22:18 JST,2026-09-10 09:18 ET,2026-09-09,0.6443,7.1167,6.132,none,1,125.87000274658203,0
2026-08-18 15:30:00-04:00,SOXS,44.529998779296875,44.900001525878906,44.11000061035156,44.165000915527344,5341703,2026-09-10 22:18 JST,2026-09-10 09:18 ET,2026-09-09,0.6443,7.1167,6.132,none,1,125.87000274658203,0
2026-08-18 16:00:00-04:00,SOXS,44.11,44.51,43.96,44.47,0,2026-09-10 22:18 JST,2026-09-10 09:18 ET,2026-09-09,0.6443,7.1167,6.132,none,1,125.87000274658203,0
2026-08-18 17:00:00-04:00,SOXS,44.479,44.7,44.45,44.6499,0,2026-09-10 22:18 JST,2026-09-10 09:18 ET,2026-09-09,0.6443,7.1167,6.132,none,1,125.87000274658203,0
2026-08-18 18:00:00-04:00,SOXS,44.63,45.2,44.2,45.16,0,2026-09-10 22:18 JST,2026-09-10 09:18 ET,2026-09-09,0.6443,7.1167,6.132,none,1,125.87000274658203,0
2026-08-18 19:00:00-04:00,SOXS,45.16,45.22,44.7582,45.14,0,2026-09-10 22:18 JST,2026-09-10 09:18 ET,2026-09-09,0.6443,7.1167,6.132,none,1,125.87000274658203,0
2026-08-19 04:00:00-04:00,SOXS,44.72,46.2,42.95,43.58,0,2026-09-10 22:18 JST,2026-09-10 09:18 ET,2026-09-09,0.6443,7.1167,6.132,none,1,125.87000274658203,0
2026-08-19 05:00:00-04:00,SOXS,43.59,44.5,43.43,44.45,0,2026-09-10 22:18 JST,2026-09-10 09:18 ET,2026-09-09,0.6443,7.1167,6.132,none,1,125.87000274658203,0
2026-08-19 06:00:00-04:00,SOXS,44.4313,45.6,44.1,45.1262,0,2026-09-10 22:18 JST,2026-09-10 09:18 ET,2026-09-09,0.6443,7.1167,6.132,none,1,125.87000274658203,0
2026-08-19 07:00:00-04:00,SOXS,45.13,45.5,43.9,44.41,0,2026-09-10 22:18 JST,2026-09-10 09:18 ET,2026-09-09,0.6443,7.1167,6.132,none,1,125.87000274658203,0
2026-08-19 08:00:00-04:00,SOXS,44.42,45.03,43.77,43.81,0,2026-09-10 22:18 JST,2026-09-10 09:18 ET,2026-09-09,0.6443,7.1167,6.132,none,1,125.87000274658203,0
2026-08-19 09:00:00-04:00,SOXS,43.8,44.2,41.93,42.17,0,2026-09-10 22:18 JST,2026-09-10 09:18 ET,2026-09-09,0.6443,7.1167,6.132,none,1,125.87000274658203,0
2026-08-19 09:30:00-04:00,SOXS,42.83000183105469,48.34000015258789,42.486000061035156,47.0,41047601,2026-09-10 22:18 JST,2026-09-10 09:18 ET,2026-09-09,0.6443,7.1167,6.132,none,1,125.87000274658203,0
2026-08-19 10:30:00-04:00,SOXS,46.99829864501953,47.2599983215332,46.005001068115234,46.3650016784668,9435306,2026-09-10 22:18 JST,2026-09-10 09:18 ET,2026-09-09,0.6443,7.1167,6.132,none,1,125.87000274658203,0
2026-08-19 11:30:00-04:00,SOXS,46.369998931884766,47.04499816894531,45.93000030517578,46.36000061035156,4456028,2026-09-10 22:18 JST,2026-09-10 09:18 ET,2026-09-09,0.6443,7.1167,6.132,none,1,125.87000274658203,0
2026-08-19 12:30:00-04:00,SOXS,46.350101470947266,47.02000045776367,45.95000076293945,46.86000061035156,2908721,2026-09-10 22:18 JST,2026-09-10 09:18 ET,2026-09-09,0.6443,7.1167,6.132,none,1,125.87000274658203,0
2026-08-19 13:30:00-04:00,SOXS,46.85499954223633,47.729801177978516,46.650001525878906,47.17829895019531,3607186,2026-09-10 22:18 JST,2026-09-10 09:18 ET,2026-09-09,0.6443,7.1167,6.132,none,1,125.87000274658203,0
2026-08-19 14:30:00-04:00,SOXS,47.16999816894531,47.189998626708984,46.349998474121094,46.619998931884766,3265750,2026-09-10 22:18 JST,2026-09-10 09:18 ET,2026-09-09,0.6443,7.1167,6.132,none,1,125.87000274658203,0
2026-08-19 15:30:00-04:00,SOXS,46.61000061035156,47.380001068115234,46.40999984741211,47.029998779296875,2952545,2026-09-10 22:18 JST,2026-09-10 09:18 ET,2026-09-09,0.6443,7.1167,6.132,none,1,125.87000274658203,0
2026-08-19 16:00:00-04:00,SOXS,47.05,47.0991,46.41,46.419,0,2026-09-10 22:18 JST,2026-09-10 09:18 ET,2026-09-09,0.6443,7.1167,6.132,none,1,125.87000274658203,0
2026-08-19 17:00:00-04:00,SOXS,46.45,46.5498,46.21,46.31,0,2026-09-10 22:18 JST,2026-09-10 09:18 ET,2026-09-09,0.6443,7.1167,6.132,none,1,125.87000274658203,0
2026-08-19 18:00:00-04:00,SOXS,46.29,46.45,45.67,45.75,0,2026-09-10 22:18 JST,2026-09-10 09:18 ET,2026-09-09,0.6443,7.1167,6.132,none,1,125.87000274658203,0
2026-08-19 19:00:00-04:00,SOXS,45.73,45.97,45.51,45.6831,0,2026-09-10 22:18 JST,2026-09-10 09:18 ET,2026-09-09,0.6443,7.1167,6.132,none,1,125.87000274658203,0
2026-08-20 04:00:00-04:00,SOXS,45.22,46.7726,44.4,46.61,0,2026-09-10 22:18 JST,2026-09-10 09:18 ET,2026-09-09,0.6443,7.1167,6.132,none,1,125.87000274658203,0
2026-08-20 05:00:00-04:00,SOXS,46.61,47.21,46.22,46.44,0,2026-09-10 22:18 JST,2026-09-10 09:18 ET,2026-09-09,0.6443,7.1167,6.132,none,1,125.87000274658203,0
2026-08-20 06:00:00-04:00,SOXS,46.44,46.76,46.02,46.41,0,2026-09-10 22:18 JST,2026-09-10 09:18 ET,2026-09-09,0.6443,7.1167,6.132,none,1,125.87000274658203,0
2026-08-20 07:00:00-04:00,SOXS,46.41,47.39,46.05,47.39,0,2026-09-10 22:18 JST,2026-09-10 09:18 ET,2026-09-09,0.6443,7.1167,6.132,none,1,125.87000274658203,0
2026-08-20 08:00:00-04:00,SOXS,47.38,48.87,47.0,48.5269,0,2026-09-10 22:18 JST,2026-09-10 09:18 ET,2026-09-09,0.6443,7.1167,6.132,none,1,125.87000274658203,0
2026-08-20 09:00:00-04:00,SOXS,48.51,48.87,47.44,47.83,0,2026-09-10 22:18 JST,2026-09-10 09:18 ET,2026-09-09,0.6443,7.1167,6.132,none,1,125.87000274658203,0
2026-08-20 09:30:00-04:00,SOXS,47.33000183105469,48.290000915527344,45.720001220703125,46.68370056152344,24088272,2026-09-10 22:18 JST,2026-09-10 09:18 ET,2026-09-09,0.6443,7.1167,6.132,none,1,125.87000274658203,0
2026-08-20 10:30:00-04:00,SOXS,46.77000045776367,46.959999084472656,45.46500015258789,46.64500045776367,7084427,2026-09-10 22:18 JST,2026-09-10 09:18 ET,2026-09-09,0.6443,7.1167,6.132,none,1,125.87000274658203,0
2026-08-20 11:30:00-04:00,SOXS,46.61000061035156,47.57500076293945,46.560001373291016,46.779998779296875,3953774,2026-09-10 22:18 JST,2026-09-10 09:18 ET,2026-09-09,0.6443,7.1167,6.132,none,1,125.87000274658203,0
2026-08-20 12:30:00-04:00,SOXS,46.790000915527344,47.11000061035156,46.4900016784668,46.939998626708984,2204035,2026-09-10 22:18 JST,2026-09-10 09:18 ET,2026-09-09,0.6443,7.1167,6.132,none,1,125.87000274658203,0
2026-08-20 13:30:00-04:00,SOXS,46.939998626708984,47.474998474121094,46.66999816894531,47.20000076293945,2515664,2026-09-10 22:18 JST,2026-09-10 09:18 ET,2026-09-09,0.6443,7.1167,6.132,none,1,125.87000274658203,0
2026-08-20 14:30:00-04:00,SOXS,47.209999084472656,47.52000045776367,46.220001220703125,46.369998931884766,2667523,2026-09-10 22:18 JST,2026-09-10 09:18 ET,2026-09-09,0.6443,7.1167,6.132,none,1,125.87000274658203,0
2026-08-20 15:30:00-04:00,SOXS,46.375,46.66999816894531,46.29999923706055,46.30500030517578,2494909,2026-09-10 22:18 JST,2026-09-10 09:18 ET,2026-09-09,0.6443,7.1167,6.132,none,1,125.87000274658203,0
2026-08-20 16:00:00-04:00,SOXS,46.35,46.56,46.23,46.38,0,2026-09-10 22:18 JST,2026-09-10 09:18 ET,2026-09-09,0.6443,7.1167,6.132,none,1,125.87000274658203,0
2026-08-20 17:00:00-04:00,SOXS,46.36,46.5,46.3364,46.39,0,2026-09-10 22:18 JST,2026-09-10 09:18 ET,2026-09-09,0.6443,7.1167,6.132,none,1,125.87000274658203,0
2026-08-20 18:00:00-04:00,SOXS,46.37,46.74,46.29,46.33,0,2026-09-10 22:18 JST,2026-09-10 09:18 ET,2026-09-09,0.6443,7.1167,6.132,none,1,125.87000274658203,0
2026-08-20 19:00:00-04:00,SOXS,46.31,46.65,46.31,46.6399,0,2026-09-10 22:18 JST,2026-09-10 09:18 ET,2026-09-09,0.6443,7.1167,6.132,none,1,125.87000274658203,0
2026-08-21 04:00:00-04:00,SOXS,45.24,46.06,44.5,45.44,0,2026-09-10 22:18 JST,2026-09-10 09:18 ET,2026-09-09,0.6443,7.1167,6.132,none,1,125.87000274658203,0
2026-08-21 05:00:00-04:00,SOXS,45.44,45.56,44.81,45.22,0,2026-09-10 22:18 JST,2026-09-10 09:18 ET,2026-09-09,0.6443,7.1167,6.132,none,1,125.87000274658203,0
2026-08-21 06:00:00-04:00,SOXS,45.24,45.29,44.43,44.59,0,2026-09-10 22:18 JST,2026-09-10 09:18 ET,2026-09-09,0.6443,7.1167,6.132,none,1,125.87000274658203,0
2026-08-21 07:00:00-04:00,SOXS,44.59,45.12,44.36,44.39,0,2026-09-10 22:18 JST,2026-09-10 09:18 ET,2026-09-09,0.6443,7.1167,6.132,none,1,125.87000274658203,0
2026-08-21 08:00:00-04:00,SOXS,44.39,44.66,44.05,44.34,0,2026-09-10 22:18 JST,2026-09-10 09:18 ET,2026-09-09,0.6443,7.1167,6.132,none,1,125.87000274658203,0
2026-08-21 09:00:00-04:00,SOXS,44.35,44.77,44.22,44.69,0,2026-09-10 22:18 JST,2026-09-10 09:18 ET,2026-09-09,0.6443,7.1167,6.132,none,1,125.87000274658203,0
2026-08-21 09:30:00-04:00,SOXS,44.66999816894531,48.319000244140625,44.650001525878906,47.560001373291016,19608013,2026-09-10 22:18 JST,2026-09-10 09:18 ET,2026-09-09,0.6443,7.1167,6.132,none,1,125.87000274658203,0
2026-08-21 10:30:00-04:00,SOXS,47.555999755859375,48.45989990234375,47.18009948730469,47.59000015258789,5701999,2026-09-10 22:18 JST,2026-09-10 09:18 ET,2026-09-09,0.6443,7.1167,6.132,none,1,125.87000274658203,0
2026-08-21 11:30:00-04:00,SOXS,47.560001373291016,47.90999984741211,46.869998931884766,47.599998474121094,4020229,2026-09-10 22:18 JST,2026-09-10 09:18 ET,2026-09-09,0.6443,7.1167,6.132,none,1,125.87000274658203,0
2026-08-21 12:30:00-04:00,SOXS,47.625,48.0099983215332,47.4900016784668,47.69499969482422,1633731,2026-09-10 22:18 JST,2026-09-10 09:18 ET,2026-09-09,0.6443,7.1167,6.132,none,1,125.87000274658203,0
2026-08-21 13:30:00-04:00,SOXS,47.685001373291016,47.709999084472656,46.86000061035156,47.16899871826172,2536639,2026-09-10 22:18 JST,2026-09-10 09:18 ET,2026-09-09,0.6443,7.1167,6.132,none,1,125.87000274658203,0
2026-08-21 14:30:00-04:00,SOXS,47.17900085449219,47.32500076293945,46.79999923706055,46.880001068115234,2122869,2026-09-10 22:18 JST,2026-09-10 09:18 ET,2026-09-09,0.6443,7.1167,6.132,none,1,125.87000274658203,0
2026-08-21 15:30:00-04:00,SOXS,46.88999938964844,47.34000015258789,46.7400016784668,47.02000045776367,2485960,2026-09-10 22:18 JST,2026-09-10 09:18 ET,2026-09-09,0.6443,7.1167,6.132,none,1,125.87000274658203,0
2026-08-21 16:00:00-04:00,SOXS,47.03,47.2,47.0,47.13,0,2026-09-10 22:18 JST,2026-09-10 09:18 ET,2026-09-09,0.6443,7.1167,6.132,none,1,125.87000274658203,0
2026-08-21 17:00:00-04:00,SOXS,47.12,47.24,47.06,47.11,0,2026-09-10 22:18 JST,2026-09-10 09:18 ET,2026-09-09,0.6443,7.1167,6.132,none,1,125.87000274658203,0
2026-08-21 18:00:00-04:00,SOXS,47.1,47.14,46.95,47.0032,0,2026-09-10 22:18 JST,2026-09-10 09:18 ET,2026-09-09,0.6443,7.1167,6.132,none,1,125.87000274658203,0
2026-08-21 19:00:00-04:00,SOXS,47.0195,47.2338,46.9841,47.12,0,2026-09-10 22:18 JST,2026-09-10 09:18 ET,2026-09-09,0.6443,7.1167,6.132,none,1,125.87000274658203,0
2026-08-24 04:00:00-04:00,SOXS,49.76,50.3238,48.35,49.5986,0,2026-09-10 22:18 JST,2026-09-10 09:18 ET,2026-09-09,0.6443,7.1167,6.132,none,1,125.87000274658203,0
2026-08-24 05:00:00-04:00,SOXS,49.57,49.72,49.04,49.38,0,2026-09-10 22:18 JST,2026-09-10 09:18 ET,2026-09-09,0.6443,7.1167,6.132,none,1,125.87000274658203,0
2026-08-24 06:00:00-04:00,SOXS,49.39,49.55,49.0,49.44,0,2026-09-10 22:18 JST,2026-09-10 09:18 ET,2026-09-09,0.6443,7.1167,6.132,none,1,125.87000274658203,0
2026-08-24 07:00:00-04:00,SOXS,49.43,50.04,49.1325,49.62,0,2026-09-10 22:18 JST,2026-09-10 09:18 ET,2026-09-09,0.6443,7.1167,6.132,none,1,125.87000274658203,0
2026-08-24 08:00:00-04:00,SOXS,49.64,49.64,48.59,49.3046,0,2026-09-10 22:18 JST,2026-09-10 09:18 ET,2026-09-09,0.6443,7.1167,6.132,none,1,125.87000274658203,0
2026-08-24 09:00:00-04:00,SOXS,49.32,49.83,49.27,49.61,0,2026-09-10 22:18 JST,2026-09-10 09:18 ET,2026-09-09,0.6443,7.1167,6.132,none,1,125.87000274658203,0
2026-08-24 09:30:00-04:00,SOXS,49.13999938964844,52.810001373291016,49.130001068115234,52.369998931884766,24098198,2026-09-10 22:18 JST,2026-09-10 09:18 ET,2026-09-09,0.6443,7.1167,6.132,none,1,125.87000274658203,0
2026-08-24 10:30:00-04:00,SOXS,52.36000061035156,52.68000030517578,51.599998474121094,51.81999969482422,5328135,2026-09-10 22:18 JST,2026-09-10 09:18 ET,2026-09-09,0.6443,7.1167,6.132,none,1,125.87000274658203,0
2026-08-24 11:30:00-04:00,SOXS,51.810001373291016,51.83000183105469,50.150001525878906,50.45000076293945,5545785,2026-09-10 22:18 JST,2026-09-10 09:18 ET,2026-09-09,0.6443,7.1167,6.132,none,1,125.87000274658203,0
2026-08-24 12:30:00-04:00,SOXS,50.45000076293945,51.110198974609375,50.36119842529297,51.060001373291016,3081950,2026-09-10 22:18 JST,2026-09-10 09:18 ET,2026-09-09,0.6443,7.1167,6.132,none,1,125.87000274658203,0
2026-08-24 13:30:00-04:00,SOXS,51.064998626708984,51.22999954223633,49.95000076293945,50.1150016784668,2288940,2026-09-10 22:18 JST,2026-09-10 09:18 ET,2026-09-09,0.6443,7.1167,6.132,none,1,125.87000274658203,0
2026-08-24 14:30:00-04:00,SOXS,50.10499954223633,50.630001068115234,49.86000061035156,50.33000183105469,2080610,2026-09-10 22:18 JST,2026-09-10 09:18 ET,2026-09-09,0.6443,7.1167,6.132,none,1,125.87000274658203,0
2026-08-24 15:30:00-04:00,SOXS,50.334999084472656,51.290000915527344,50.09000015258789,50.720001220703125,2983742,2026-09-10 22:18 JST,2026-09-10 09:18 ET,2026-09-09,0.6443,7.1167,6.132,none,1,125.87000274658203,0
2026-08-24 16:00:00-04:00,SOXS,50.73,51.25,50.7,50.8,0,2026-09-10 22:18 JST,2026-09-10 09:18 ET,2026-09-09,0.6443,7.1167,6.132,none,1,125.87000274658203,0
2026-08-24 17:00:00-04:00,SOXS,50.81,50.89,50.6,50.78,0,2026-09-10 22:18 JST,2026-09-10 09:18 ET,2026-09-09,0.6443,7.1167,6.132,none,1,125.87000274658203,0
2026-08-24 18:00:00-04:00,SOXS,50.77,50.99,50.63,50.93,0,2026-09-10 22:18 JST,2026-09-10 09:18 ET,2026-09-09,0.6443,7.1167,6.132,none,1,125.87000274658203,0
2026-08-24 19:00:00-04:00,SOXS,50.95,51.22,50.78,51.0654,0,2026-09-10 22:18 JST,2026-09-10 09:18 ET,2026-09-09,0.6443,7.1167,6.132,none,1,125.87000274658203,0
2026-08-25 04:00:00-04:00,SOXS,48.84,49.77,47.96,48.4,0,2026-09-10 22:18 JST,2026-09-10 09:18 ET,2026-09-09,0.6443,7.1167,6.132,none,1,125.87000274658203,0
2026-08-25 05:00:00-04:00,SOXS,48.41,48.63,47.8139,48.1,0,2026-09-10 22:18 JST,2026-09-10 09:18 ET,2026-09-09,0.6443,7.1167,6.132,none,1,125.87000274658203,0
2026-08-25 06:00:00-04:00,SOXS,48.13,48.13,46.8814,47.32,0,2026-09-10 22:18 JST,2026-09-10 09:18 ET,2026-09-09,0.6443,7.1167,6.132,none,1,125.87000274658203,0
2026-08-25 07:00:00-04:00,SOXS,47.324,48.09,47.205,47.6484,0,2026-09-10 22:18 JST,2026-09-10 09:18 ET,2026-09-09,0.6443,7.1167,6.132,none,1,125.87000274658203,0
2026-08-25 08:00:00-04:00,SOXS,47.62,47.62,46.7,46.98,0,2026-09-10 22:18 JST,2026-09-10 09:18 ET,2026-09-09,0.6443,7.1167,6.132,none,1,125.87000274658203,0
2026-08-25 09:00:00-04:00,SOXS,46.99,47.63,46.99,47.5,0,2026-09-10 22:18 JST,2026-09-10 09:18 ET,2026-09-09,0.6443,7.1167,6.132,none,1,125.87000274658203,0
2026-08-25 09:30:00-04:00,SOXS,47.814998626708984,49.630001068115234,46.65999984741211,49.04999923706055,17544698,2026-09-10 22:18 JST,2026-09-10 09:18 ET,2026-09-09,0.6443,7.1167,6.132,none,1,125.87000274658203,0
2026-08-25 10:30:00-04:00,SOXS,49.06999969482422,49.83000183105469,48.209999084472656,48.249298095703125,4659377,2026-09-10 22:18 JST,2026-09-10 09:18 ET,2026-09-09,0.6443,7.1167,6.132,none,1,125.87000274658203,0
2026-08-25 11:30:00-04:00,SOXS,48.2400016784668,48.869998931884766,47.939998626708984,48.220001220703125,3197167,2026-09-10 22:18 JST,2026-09-10 09:18 ET,2026-09-09,0.6443,7.1167,6.132,none,1,125.87000274658203,0
2026-08-25 12:30:00-04:00,SOXS,48.220001220703125,49.040000915527344,48.209999084472656,48.90999984741211,2399528,2026-09-10 22:18 JST,2026-09-10 09:18 ET,2026-09-09,0.6443,7.1167,6.132,none,1,125.87000274658203,0
2026-08-25 13:30:00-04:00,SOXS,48.90999984741211,49.14229965209961,48.720001220703125,48.88999938964844,1532189,2026-09-10 22:18 JST,2026-09-10 09:18 ET,2026-09-09,0.6443,7.1167,6.132,none,1,125.87000274658203,0
2026-08-25 14:30:00-04:00,SOXS,48.875,49.06999969482422,48.209999084472656,48.76499938964844,2189638,2026-09-10 22:18 JST,2026-09-10 09:18 ET,2026-09-09,0.6443,7.1167,6.132,none,1,125.87000274658203,0
2026-08-25 15:30:00-04:00,SOXS,48.77000045776367,49.150001525878906,48.369998931884766,48.45000076293945,1869428,2026-09-10 22:18 JST,2026-09-10 09:18 ET,2026-09-09,0.6443,7.1167,6.132,none,1,125.87000274658203,0
2026-08-25 16:00:00-04:00,SOXS,48.48,48.64,47.88,48.155,0,2026-09-10 22:18 JST,2026-09-10 09:18 ET,2026-09-09,0.6443,7.1167,6.132,none,1,125.87000274658203,0
2026-08-25 17:00:00-04:00,SOXS,48.1711,48.2554,47.91,47.94,0,2026-09-10 22:18 JST,2026-09-10 09:18 ET,2026-09-09,0.6443,7.1167,6.132,none,1,125.87000274658203,0
2026-08-25 18:00:00-04:00,SOXS,47.94,48.22,47.83,48.07,0,2026-09-10 22:18 JST,2026-09-10 09:18 ET,2026-09-09,0.6443,7.1167,6.132,none,1,125.87000274658203,0
2026-08-25 19:00:00-04:00,SOXS,48.07,48.55,48.05,48.4794,0,2026-09-10 22:18 JST,2026-09-10 09:18 ET,2026-09-09,0.6443,7.1167,6.132,none,1,125.87000274658203,0
2026-08-26 04:00:00-04:00,SOXS,48.56,48.95,47.86,48.31,0,2026-09-10 22:18 JST,2026-09-10 09:18 ET,2026-09-09,0.6443,7.1167,6.132,none,1,125.87000274658203,0
2026-08-26 05:00:00-04:00,SOXS,48.33,48.6131,48.23,48.535,0,2026-09-10 22:18 JST,2026-09-10 09:18 ET,2026-09-09,0.6443,7.1167,6.132,none,1,125.87000274658203,0
2026-08-26 06:00:00-04:00,SOXS,48.54,48.57,48.28,48.5239,0,2026-09-10 22:18 JST,2026-09-10 09:18 ET,2026-09-09,0.6443,7.1167,6.132,none,1,125.87000274658203,0
2026-08-26 07:00:00-04:00,SOXS,48.53,48.64,47.75,48.08,0,2026-09-10 22:18 JST,2026-09-10 09:18 ET,2026-09-09,0.6443,7.1167,6.132,none,1,125.87000274658203,0
2026-08-26 08:00:00-04:00,SOXS,48.09,49.12,48.04,48.52,0,2026-09-10 22:18 JST,2026-09-10 09:18 ET,2026-09-09,0.6443,7.1167,6.132,none,1,125.87000274658203,0
2026-08-26 09:00:00-04:00,SOXS,48.51,49.86,48.5,49.4,0,2026-09-10 22:18 JST,2026-09-10 09:18 ET,2026-09-09,0.6443,7.1167,6.132,none,1,125.87000274658203,0
2026-08-26 09:30:00-04:00,SOXS,49.0099983215332,49.88999938964844,47.92499923706055,49.69900131225586,12907292,2026-09-10 22:18 JST,2026-09-10 09:18 ET,2026-09-09,0.6443,7.1167,6.132,none,1,125.87000274658203,0
2026-08-26 10:30:00-04:00,SOXS,49.689998626708984,49.709999084472656,48.529998779296875,48.577301025390625,4255960,2026-09-10 22:18 JST,2026-09-10 09:18 ET,2026-09-09,0.6443,7.1167,6.132,none,1,125.87000274658203,0
2026-08-26 11:30:00-04:00,SOXS,48.59560012817383,49.140098571777344,48.279998779296875,48.86909866333008,3087838,2026-09-10 22:18 JST,2026-09-10 09:18 ET,2026-09-09,0.6443,7.1167,6.132,none,1,125.87000274658203,0
2026-08-26 12:30:00-04:00,SOXS,48.875,49.154998779296875,48.41999816894531,48.49879837036133,2285244,2026-09-10 22:18 JST,2026-09-10 09:18 ET,2026-09-09,0.6443,7.1167,6.132,none,1,125.87000274658203,0
2026-08-26 13:30:00-04:00,SOXS,48.5,48.55870056152344,48.20000076293945,48.38990020751953,2128990,2026-09-10 22:18 JST,2026-09-10 09:18 ET,2026-09-09,0.6443,7.1167,6.132,none,1,125.87000274658203,0
2026-08-26 14:30:00-04:00,SOXS,48.3849983215332,48.39500045776367,47.869998931884766,48.1150016784668,2916643,2026-09-10 22:18 JST,2026-09-10 09:18 ET,2026-09-09,0.6443,7.1167,6.132,none,1,125.87000274658203,0
2026-08-26 15:30:00-04:00,SOXS,48.1150016784668,48.689998626708984,48.11000061035156,48.119998931884766,2273018,2026-09-10 22:18 JST,2026-09-10 09:18 ET,2026-09-09,0.6443,7.1167,6.132,none,1,125.87000274658203,0
2026-08-26 16:00:00-04:00,SOXS,48.11,48.89,47.15,47.16,0,2026-09-10 22:18 JST,2026-09-10 09:18 ET,2026-09-09,0.6443,7.1167,6.132,none,1,125.87000274658203,0
2026-08-26 17:00:00-04:00,SOXS,47.1551,47.6722,45.21,45.58,0,2026-09-10 22:18 JST,2026-09-10 09:18 ET,2026-09-09,0.6443,7.1167,6.132,none,1,125.87000274658203,0
2026-08-26 18:00:00-04:00,SOXS,45.58,45.7,44.95,45.16,0,2026-09-10 22:18 JST,2026-09-10 09:18 ET,2026-09-09,0.6443,7.1167,6.132,none,1,125.87000274658203,0
2026-08-26 19:00:00-04:00,SOXS,45.16,45.3338,44.55,44.5831,0,2026-09-10 22:18 JST,2026-09-10 09:18 ET,2026-09-09,0.6443,7.1167,6.132,none,1,125.87000274658203,0
2026-08-27 04:00:00-04:00,SOXS,45.0,45.88,43.44,43.45,0,2026-09-10 22:18 JST,2026-09-10 09:18 ET,2026-09-09,0.6443,7.1167,6.132,none,1,125.87000274658203,0
2026-08-27 05:00:00-04:00,SOXS,43.46,44.2,43.35,44.06,0,2026-09-10 22:18 JST,2026-09-10 09:18 ET,2026-09-09,0.6443,7.1167,6.132,none,1,125.87000274658203,0
2026-08-27 06:00:00-04:00,SOXS,44.06,44.235,43.64,44.21,0,2026-09-10 22:18 JST,2026-09-10 09:18 ET,2026-09-09,0.6443,7.1167,6.132,none,1,125.87000274658203,0
2026-08-27 07:00:00-04:00,SOXS,44.205,44.52,43.9206,44.52,0,2026-09-10 22:18 JST,2026-09-10 09:18 ET,2026-09-09,0.6443,7.1167,6.132,none,1,125.87000274658203,0
2026-08-27 08:00:00-04:00,SOXS,44.51,45.0,44.24,44.35,0,2026-09-10 22:18 JST,2026-09-10 09:18 ET,2026-09-09,0.6443,7.1167,6.132,none,1,125.87000274658203,0
2026-08-27 09:00:00-04:00,SOXS,44.36,45.0602,44.33,44.81,0,2026-09-10 22:18 JST,2026-09-10 09:18 ET,2026-09-09,0.6443,7.1167,6.132,none,1,125.87000274658203,0
2026-08-27 09:30:00-04:00,SOXS,45.41999816894531,47.709999084472656,44.709999084472656,45.60499954223633,19465163,2026-09-10 22:18 JST,2026-09-10 09:18 ET,2026-09-09,0.6443,7.1167,6.132,none,1,125.87000274658203,0
2026-08-27 10:30:00-04:00,SOXS,45.599998474121094,46.619998931884766,45.58000183105469,46.36000061035156,5729931,2026-09-10 22:18 JST,2026-09-10 09:18 ET,2026-09-09,0.6443,7.1167,6.132,none,1,125.87000274658203,0
2026-08-27 11:30:00-04:00,SOXS,46.36000061035156,46.90650177001953,45.760101318359375,46.19499969482422,4704893,2026-09-10 22:18 JST,2026-09-10 09:18 ET,2026-09-09,0.6443,7.1167,6.132,none,1,125.87000274658203,0
2026-08-27 12:30:00-04:00,SOXS,46.20000076293945,46.25,45.720001220703125,46.150001525878906,3222607,2026-09-10 22:18 JST,2026-09-10 09:18 ET,2026-09-09,0.6443,7.1167,6.132,none,1,125.87000274658203,0
2026-08-27 13:30:00-04:00,SOXS,46.13999938964844,47.14500045776367,46.025001525878906,47.01499938964844,3095077,2026-09-10 22:18 JST,2026-09-10 09:18 ET,2026-09-09,0.6443,7.1167,6.132,none,1,125.87000274658203,0
2026-08-27 14:30:00-04:00,SOXS,47.029998779296875,47.060001373291016,46.410099029541016,46.619998931884766,2205862,2026-09-10 22:18 JST,2026-09-10 09:18 ET,2026-09-09,0.6443,7.1167,6.132,none,1,125.87000274658203,0
2026-08-27 15:30:00-04:00,SOXS,46.625,46.720001220703125,45.209999084472656,45.349998474121094,2913486,2026-09-10 22:18 JST,2026-09-10 09:18 ET,2026-09-09,0.6443,7.1167,6.132,none,1,125.87000274658203,0
2026-08-27 16:00:00-04:00,SOXS,45.35,45.98,45.2144,45.86,0,2026-09-10 22:18 JST,2026-09-10 09:18 ET,2026-09-09,0.6443,7.1167,6.132,none,1,125.87000274658203,0
2026-08-27 17:00:00-04:00,SOXS,45.86,46.3754,45.71,46.275,0,2026-09-10 22:18 JST,2026-09-10 09:18 ET,2026-09-09,0.6443,7.1167,6.132,none,1,125.87000274658203,0
2026-08-27 18:00:00-04:00,SOXS,46.26,46.36,46.05,46.29,0,2026-09-10 22:18 JST,2026-09-10 09:18 ET,2026-09-09,0.6443,7.1167,6.132,none,1,125.87000274658203,0
2026-08-27 19:00:00-04:00,SOXS,46.29,46.6,46.28,46.55,0,2026-09-10 22:18 JST,2026-09-10 09:18 ET,2026-09-09,0.6443,7.1167,6.132,none,1,125.87000274658203,0
2026-08-28 04:00:00-04:00,SOXS,46.74,47.21,45.9,46.97,0,2026-09-10 22:18 JST,2026-09-10 09:18 ET,2026-09-09,0.6443,7.1167,6.132,none,1,125.87000274658203,0
2026-08-28 05:00:00-04:00,SOXS,46.9918,47.1,46.7,46.95,0,2026-09-10 22:18 JST,2026-09-10 09:18 ET,2026-09-09,0.6443,7.1167,6.132,none,1,125.87000274658203,0
2026-08-28 06:00:00-04:00,SOXS,46.95,47.07,46.67,46.72,0,2026-09-10 22:18 JST,2026-09-10 09:18 ET,2026-09-09,0.6443,7.1167,6.132,none,1,125.87000274658203,0
2026-08-28 07:00:00-04:00,SOXS,46.74,46.8,46.29,46.52,0,2026-09-10 22:18 JST,2026-09-10 09:18 ET,2026-09-09,0.6443,7.1167,6.132,none,1,125.87000274658203,0
2026-08-28 08:00:00-04:00,SOXS,46.53,47.11,46.48,46.5597,0,2026-09-10 22:18 JST,2026-09-10 09:18 ET,2026-09-09,0.6443,7.1167,6.132,none,1,125.87000274658203,0
2026-08-28 09:00:00-04:00,SOXS,46.56,46.98,46.3601,46.45,0,2026-09-10 22:18 JST,2026-09-10 09:18 ET,2026-09-09,0.6443,7.1167,6.132,none,1,125.87000274658203,0
2026-08-28 09:30:00-04:00,SOXS,46.60499954223633,47.86000061035156,46.150001525878906,46.76499938964844,15788638,2026-09-10 22:18 JST,2026-09-10 09:18 ET,2026-09-09,0.6443,7.1167,6.132,none,1,125.87000274658203,0
2026-08-28 10:30:00-04:00,SOXS,46.77000045776367,47.56999969482422,46.410499572753906,47.349998474121094,5431285,2026-09-10 22:18 JST,2026-09-10 09:18 ET,2026-09-09,0.6443,7.1167,6.132,none,1,125.87000274658203,0
2026-08-28 11:30:00-04:00,SOXS,47.349998474121094,50.04999923706055,47.349998474121094,49.75,12859325,2026-09-10 22:18 JST,2026-09-10 09:18 ET,2026-09-09,0.6443,7.1167,6.132,none,1,125.87000274658203,0
2026-08-28 12:30:00-04:00,SOXS,49.7599983215332,50.22999954223633,49.13999938964844,49.72010040283203,5201974,2026-09-10 22:18 JST,2026-09-10 09:18 ET,2026-09-09,0.6443,7.1167,6.132,none,1,125.87000274658203,0
2026-08-28 13:30:00-04:00,SOXS,49.72990036010742,49.769901275634766,49.150001525878906,49.540000915527344,2808211,2026-09-10 22:18 JST,2026-09-10 09:18 ET,2026-09-09,0.6443,7.1167,6.132,none,1,125.87000274658203,0
2026-08-28 14:30:00-04:00,SOXS,49.54999923706055,49.97999954223633,49.30500030517578,49.369998931884766,2869068,2026-09-10 22:18 JST,2026-09-10 09:18 ET,2026-09-09,0.6443,7.1167,6.132,none,1,125.87000274658203,0
2026-08-28 15:30:00-04:00,SOXS,49.36000061035156,49.869998931884766,49.209999084472656,49.775001525878906,3425444,2026-09-10 22:18 JST,2026-09-10 09:18 ET,2026-09-09,0.6443,7.1167,6.132,none,1,125.87000274658203,0
2026-08-28 16:00:00-04:00,SOXS,49.82,49.88,49.58,49.67,0,2026-09-10 22:18 JST,2026-09-10 09:18 ET,2026-09-09,0.6443,7.1167,6.132,none,1,125.87000274658203,0
2026-08-28 17:00:00-04:00,SOXS,49.67,49.7,49.55,49.56,0,2026-09-10 22:18 JST,2026-09-10 09:18 ET,2026-09-09,0.6443,7.1167,6.132,none,1,125.87000274658203,0
2026-08-28 18:00:00-04:00,SOXS,49.56,49.69,49.5,49.635,0,2026-09-10 22:18 JST,2026-09-10 09:18 ET,2026-09-09,0.6443,7.1167,6.132,none,1,125.87000274658203,0
2026-08-28 19:00:00-04:00,SOXS,49.64,49.75,49.52,49.7267,0,2026-09-10 22:18 JST,2026-09-10 09:18 ET,2026-09-09,0.6443,7.1167,6.132,none,1,125.87000274658203,0
2026-08-31 04:00:00-04:00,SOXS,48.64,50.77,47.96,48.59,0,2026-09-10 22:18 JST,2026-09-10 09:18 ET,2026-09-09,0.6443,7.1167,6.132,none,1,125.87000274658203,0
2026-08-31 05:00:00-04:00,SOXS,48.6,49.11,48.48,48.805,0,2026-09-10 22:18 JST,2026-09-10 09:18 ET,2026-09-09,0.6443,7.1167,6.132,none,1,125.87000274658203,0
2026-08-31 06:00:00-04:00,SOXS,48.8,49.47,48.79,49.13,0,2026-09-10 22:18 JST,2026-09-10 09:18 ET,2026-09-09,0.6443,7.1167,6.132,none,1,125.87000274658203,0
2026-08-31 07:00:00-04:00,SOXS,49.17,49.6,49.0,49.165,0,2026-09-10 22:18 JST,2026-09-10 09:18 ET,2026-09-09,0.6443,7.1167,6.132,none,1,125.87000274658203,0
2026-08-31 08:00:00-04:00,SOXS,49.18,49.5,48.75,49.31,0,2026-09-10 22:18 JST,2026-09-10 09:18 ET,2026-09-09,0.6443,7.1167,6.132,none,1,125.87000274658203,0
2026-08-31 09:00:00-04:00,SOXS,49.32,49.93,49.1333,49.69,0,2026-09-10 22:18 JST,2026-09-10 09:18 ET,2026-09-09,0.6443,7.1167,6.132,none,1,125.87000274658203,0
2026-08-31 09:30:00-04:00,SOXS,49.27000045776367,49.779998779296875,48.09000015258789,49.38999938964844,17955906,2026-09-10 22:18 JST,2026-09-10 09:18 ET,2026-09-09,0.6443,7.1167,6.132,none,1,125.87000274658203,0
2026-08-31 10:30:00-04:00,SOXS,49.400001525878906,49.98500061035156,48.932498931884766,49.604000091552734,4447974,2026-09-10 22:18 JST,2026-09-10 09:18 ET,2026-09-09,0.6443,7.1167,6.132,none,1,125.87000274658203,0
2026-08-31 11:30:00-04:00,SOXS,49.619998931884766,50.2400016784668,49.54999923706055,49.59000015258789,2717210,2026-09-10 22:18 JST,2026-09-10 09:18 ET,2026-09-09,0.6443,7.1167,6.132,none,1,125.87000274658203,0
2026-08-31 12:30:00-04:00,SOXS,49.58000183105469,49.779998779296875,49.35100173950195,49.75,1825911,2026-09-10 22:18 JST,2026-09-10 09:18 ET,2026-09-09,0.6443,7.1167,6.132,none,1,125.87000274658203,0
2026-08-31 13:30:00-04:00,SOXS,49.755001068115234,49.779998779296875,49.090999603271484,49.275001525878906,1782505,2026-09-10 22:18 JST,2026-09-10 09:18 ET,2026-09-09,0.6443,7.1167,6.132,none,1,125.87000274658203,0
2026-08-31 14:30:00-04:00,SOXS,49.279998779296875,49.79999923706055,49.244998931884766,49.470001220703125,1899360,2026-09-10 22:18 JST,2026-09-10 09:18 ET,2026-09-09,0.6443,7.1167,6.132,none,1,125.87000274658203,0
2026-08-31 15:30:00-04:00,SOXS,49.47999954223633,49.529998779296875,48.91999816894531,49.0099983215332,1749806,2026-09-10 22:18 JST,2026-09-10 09:18 ET,2026-09-09,0.6443,7.1167,6.132,none,1,125.87000274658203,0
2026-08-31 16:00:00-04:00,SOXS,49.02,49.16,48.99,49.02,0,2026-09-10 22:18 JST,2026-09-10 09:18 ET,2026-09-09,0.6443,7.1167,6.132,none,1,125.87000274658203,0
2026-08-31 17:00:00-04:00,SOXS,49.03,49.1407,48.9577,48.99,0,2026-09-10 22:18 JST,2026-09-10 09:18 ET,2026-09-09,0.6443,7.1167,6.132,none,1,125.87000274658203,0
2026-08-31 18:00:00-04:00,SOXS,48.99,49.18,48.9602,49.1,0,2026-09-10 22:18 JST,2026-09-10 09:18 ET,2026-09-09,0.6443,7.1167,6.132,none,1,125.87000274658203,0
2026-08-31 19:00:00-04:00,SOXS,49.124,49.22,48.98,48.99,0,2026-09-10 22:18 JST,2026-09-10 09:18 ET,2026-09-09,0.6443,7.1167,6.132,none,1,125.87000274658203,0
2026-09-01 04:00:00-04:00,SOXS,48.95,50.62,48.19,50.51,0,2026-09-10 22:18 JST,2026-09-10 09:18 ET,2026-09-09,0.6443,7.1167,6.132,none,1,125.87000274658203,0
2026-09-01 05:00:00-04:00,SOXS,50.54,51.41,50.25,51.36,0,2026-09-10 22:18 JST,2026-09-10 09:18 ET,2026-09-09,0.6443,7.1167,6.132,none,1,125.87000274658203,0
2026-09-01 06:00:00-04:00,SOXS,51.366,51.38,50.72,50.95,0,2026-09-10 22:18 JST,2026-09-10 09:18 ET,2026-09-09,0.6443,7.1167,6.132,none,1,125.87000274658203,0
2026-09-01 07:00:00-04:00,SOXS,50.94,51.5798,50.75,51.34,0,2026-09-10 22:18 JST,2026-09-10 09:18 ET,2026-09-09,0.6443,7.1167,6.132,none,1,125.87000274658203,0
2026-09-01 08:00:00-04:00,SOXS,51.34,52.08,51.04,51.8215,0,2026-09-10 22:18 JST,2026-09-10 09:18 ET,2026-09-09,0.6443,7.1167,6.132,none,1,125.87000274658203,0
2026-09-01 09:00:00-04:00,SOXS,51.83,52.41,51.7901,52.4,0,2026-09-10 22:18 JST,2026-09-10 09:18 ET,2026-09-09,0.6443,7.1167,6.132,none,1,125.87000274658203,0
2026-09-01 09:30:00-04:00,SOXS,51.880001068115234,53.689998626708984,51.779998779296875,53.558998107910156,20080061,2026-09-10 22:18 JST,2026-09-10 09:18 ET,2026-09-09,0.6443,7.1167,6.132,none,1,125.87000274658203,0
2026-09-01 10:30:00-04:00,SOXS,53.54999923706055,53.54999923706055,51.720001220703125,51.779998779296875,6387275,2026-09-10 22:18 JST,2026-09-10 09:18 ET,2026-09-09,0.6443,7.1167,6.132,none,1,125.87000274658203,0
2026-09-01 11:30:00-04:00,SOXS,51.779998779296875,52.38999938964844,50.900001525878906,52.26499938964844,5960672,2026-09-10 22:18 JST,2026-09-10 09:18 ET,2026-09-09,0.6443,7.1167,6.132,none,1,125.87000274658203,0
2026-09-01 12:30:00-04:00,SOXS,52.27000045776367,52.77000045776367,51.779998779296875,52.38999938964844,3953128,2026-09-10 22:18 JST,2026-09-10 09:18 ET,2026-09-09,0.6443,7.1167,6.132,none,1,125.87000274658203,0
2026-09-01 13:30:00-04:00,SOXS,52.400001525878906,53.099998474121094,52.279998779296875,52.94990158081055,2431120,2026-09-10 22:18 JST,2026-09-10 09:18 ET,2026-09-09,0.6443,7.1167,6.132,none,1,125.87000274658203,0
2026-09-01 14:30:00-04:00,SOXS,52.939998626708984,53.52000045776367,52.0,52.0099983215332,3899082,2026-09-10 22:18 JST,2026-09-10 09:18 ET,2026-09-09,0.6443,7.1167,6.132,none,1,125.87000274658203,0
2026-09-01 15:30:00-04:00,SOXS,52.02000045776367,52.63999938964844,51.97999954223633,52.170101165771484,2763271,2026-09-10 22:18 JST,2026-09-10 09:18 ET,2026-09-09,0.6443,7.1167,6.132,none,1,125.87000274658203,0
2026-09-01 16:00:00-04:00,SOXS,52.16,52.43,51.96,52.26,0,2026-09-10 22:18 JST,2026-09-10 09:18 ET,2026-09-09,0.6443,7.1167,6.132,none,1,125.87000274658203,0
2026-09-01 17:00:00-04:00,SOXS,52.26,52.63,52.19,52.59,0,2026-09-10 22:18 JST,2026-09-10 09:18 ET,2026-09-09,0.6443,7.1167,6.132,none,1,125.87000274658203,0
2026-09-01 18:00:00-04:00,SOXS,52.58,52.9,52.46,52.64,0,2026-09-10 22:18 JST,2026-09-10 09:18 ET,2026-09-09,0.6443,7.1167,6.132,none,1,125.87000274658203,0
2026-09-01 19:00:00-04:00,SOXS,52.6353,52.8,52.5,52.5757,0,2026-09-10 22:18 JST,2026-09-10 09:18 ET,2026-09-09,0.6443,7.1167,6.132,none,1,125.87000274658203,0
2026-09-02 04:00:00-04:00,SOXS,53.04,53.82,52.67,53.34,0,2026-09-10 22:18 JST,2026-09-10 09:18 ET,2026-09-09,0.6443,7.1167,6.132,none,1,125.87000274658203,0
2026-09-02 05:00:00-04:00,SOXS,53.3417,54.29,53.13,54.0,0,2026-09-10 22:18 JST,2026-09-10 09:18 ET,2026-09-09,0.6443,7.1167,6.132,none,1,125.87000274658203,0
2026-09-02 06:00:00-04:00,SOXS,54.01,54.54,53.94,54.16,0,2026-09-10 22:18 JST,2026-09-10 09:18 ET,2026-09-09,0.6443,7.1167,6.132,none,1,125.87000274658203,0
2026-09-02 07:00:00-04:00,SOXS,54.15,54.64,53.56,53.71,0,2026-09-10 22:18 JST,2026-09-10 09:18 ET,2026-09-09,0.6443,7.1167,6.132,none,1,125.87000274658203,0
2026-09-02 08:00:00-04:00,SOXS,53.7015,53.83,52.56,52.81,0,2026-09-10 22:18 JST,2026-09-10 09:18 ET,2026-09-09,0.6443,7.1167,6.132,none,1,125.87000274658203,0
2026-09-02 09:00:00-04:00,SOXS,52.84,53.67,52.7861,53.2862,0,2026-09-10 22:18 JST,2026-09-10 09:18 ET,2026-09-09,0.6443,7.1167,6.132,none,1,125.87000274658203,0
2026-09-02 09:30:00-04:00,SOXS,52.79999923706055,54.38999938964844,51.689998626708984,51.73870086669922,19869206,2026-09-10 22:18 JST,2026-09-10 09:18 ET,2026-09-09,0.6443,7.1167,6.132,none,1,125.87000274658203,0
2026-09-02 10:30:00-04:00,SOXS,51.7400016784668,52.7400016784668,51.047298431396484,51.650901794433594,8017097,2026-09-10 22:18 JST,2026-09-10 09:18 ET,2026-09-09,0.6443,7.1167,6.132,none,1,125.87000274658203,0
2026-09-02 11:30:00-04:00,SOXS,51.63999938964844,51.8849983215332,51.119998931884766,51.79999923706055,4367184,2026-09-10 22:18 JST,2026-09-10 09:18 ET,2026-09-09,0.6443,7.1167,6.132,none,1,125.87000274658203,0
2026-09-02 12:30:00-04:00,SOXS,51.810001373291016,52.23899841308594,51.58000183105469,51.97999954223633,3068306,2026-09-10 22:18 JST,2026-09-10 09:18 ET,2026-09-09,0.6443,7.1167,6.132,none,1,125.87000274658203,0
2026-09-02 13:30:00-04:00,SOXS,51.96500015258789,52.31999969482422,51.790000915527344,52.154998779296875,2580007,2026-09-10 22:18 JST,2026-09-10 09:18 ET,2026-09-09,0.6443,7.1167,6.132,none,1,125.87000274658203,0
2026-09-02 14:30:00-04:00,SOXS,52.14500045776367,52.18000030517578,51.750301361083984,51.93899917602539,1643555,2026-09-10 22:18 JST,2026-09-10 09:18 ET,2026-09-09,0.6443,7.1167,6.132,none,1,125.87000274658203,0
2026-09-02 15:30:00-04:00,SOXS,51.93000030517578,52.09000015258789,51.79999923706055,51.810001373291016,1752154,2026-09-10 22:18 JST,2026-09-10 09:18 ET,2026-09-09,0.6443,7.1167,6.132,none,1,125.87000274658203,0
2026-09-02 16:00:00-04:00,SOXS,51.79,53.1,51.7,52.67,0,2026-09-10 22:18 JST,2026-09-10 09:18 ET,2026-09-09,0.6443,7.1167,6.132,none,1,125.87000274658203,0
2026-09-02 17:00:00-04:00,SOXS,52.65,53.0,51.35,51.78,0,2026-09-10 22:18 JST,2026-09-10 09:18 ET,2026-09-09,0.6443,7.1167,6.132,none,1,125.87000274658203,0
2026-09-02 18:00:00-04:00,SOXS,51.78,52.31,51.68,52.05,0,2026-09-10 22:18 JST,2026-09-10 09:18 ET,2026-09-09,0.6443,7.1167,6.132,none,1,125.87000274658203,0
2026-09-02 19:00:00-04:00,SOXS,52.06,52.14,51.71,51.756,0,2026-09-10 22:18 JST,2026-09-10 09:18 ET,2026-09-09,0.6443,7.1167,6.132,none,1,125.87000274658203,0
2026-09-03 04:00:00-04:00,SOXS,51.92,53.33,51.24,52.06,0,2026-09-10 22:18 JST,2026-09-10 09:18 ET,2026-09-09,0.6443,7.1167,6.132,none,1,125.87000274658203,0
2026-09-03 05:00:00-04:00,SOXS,52.09,52.91,52.03,52.85,0,2026-09-10 22:18 JST,2026-09-10 09:18 ET,2026-09-09,0.6443,7.1167,6.132,none,1,125.87000274658203,0
2026-09-03 06:00:00-04:00,SOXS,52.87,53.47,52.74,53.34,0,2026-09-10 22:18 JST,2026-09-10 09:18 ET,2026-09-09,0.6443,7.1167,6.132,none,1,125.87000274658203,0
2026-09-03 07:00:00-04:00,SOXS,53.3493,53.58,53.0,53.2,0,2026-09-10 22:18 JST,2026-09-10 09:18 ET,2026-09-09,0.6443,7.1167,6.132,none,1,125.87000274658203,0
2026-09-03 08:00:00-04:00,SOXS,53.19,54.03,53.15,53.56,0,2026-09-10 22:18 JST,2026-09-10 09:18 ET,2026-09-09,0.6443,7.1167,6.132,none,1,125.87000274658203,0
2026-09-03 09:00:00-04:00,SOXS,53.59,53.68,52.53,52.99,0,2026-09-10 22:18 JST,2026-09-10 09:18 ET,2026-09-09,0.6443,7.1167,6.132,none,1,125.87000274658203,0
2026-09-03 09:30:00-04:00,SOXS,53.494998931884766,55.689998626708984,53.279998779296875,54.22999954223633,18731325,2026-09-10 22:18 JST,2026-09-10 09:18 ET,2026-09-09,0.6443,7.1167,6.132,none,1,125.87000274658203,0
2026-09-03 10:30:00-04:00,SOXS,54.22999954223633,54.849998474121094,51.97119903564453,52.040000915527344,6923114,2026-09-10 22:18 JST,2026-09-10 09:18 ET,2026-09-09,0.6443,7.1167,6.132,none,1,125.87000274658203,0
2026-09-03 11:30:00-04:00,SOXS,52.03499984741211,52.65999984741211,52.029998779296875,52.23500061035156,4908522,2026-09-10 22:18 JST,2026-09-10 09:18 ET,2026-09-09,0.6443,7.1167,6.132,none,1,125.87000274658203,0
2026-09-03 12:30:00-04:00,SOXS,52.2400016784668,52.45869827270508,51.689998626708984,52.01499938964844,3344026,2026-09-10 22:18 JST,2026-09-10 09:18 ET,2026-09-09,0.6443,7.1167,6.132,none,1,125.87000274658203,0
2026-09-03 13:30:00-04:00,SOXS,52.0099983215332,52.130001068115234,51.560001373291016,51.68000030517578,2291571,2026-09-10 22:18 JST,2026-09-10 09:18 ET,2026-09-09,0.6443,7.1167,6.132,none,1,125.87000274658203,0
2026-09-03 14:30:00-04:00,SOXS,51.68000030517578,51.959999084472656,51.279998779296875,51.77000045776367,2845499,2026-09-10 22:18 JST,2026-09-10 09:18 ET,2026-09-09,0.6443,7.1167,6.132,none,1,125.87000274658203,0
2026-09-03 15:30:00-04:00,SOXS,51.77000045776367,51.900001525878906,51.55500030517578,51.59000015258789,2627261,2026-09-10 22:18 JST,2026-09-10 09:18 ET,2026-09-09,0.6443,7.1167,6.132,none,1,125.87000274658203,0
2026-09-03 16:00:00-04:00,SOXS,51.6,51.82,51.57,51.73,0,2026-09-10 22:18 JST,2026-09-10 09:18 ET,2026-09-09,0.6443,7.1167,6.132,none,1,125.87000274658203,0
2026-09-03 17:00:00-04:00,SOXS,51.77,51.9,51.64,51.74,0,2026-09-10 22:18 JST,2026-09-10 09:18 ET,2026-09-09,0.6443,7.1167,6.132,none,1,125.87000274658203,0
2026-09-03 18:00:00-04:00,SOXS,51.74,51.95,51.67,51.7,0,2026-09-10 22:18 JST,2026-09-10 09:18 ET,2026-09-09,0.6443,7.1167,6.132,none,1,125.87000274658203,0
2026-09-03 19:00:00-04:00,SOXS,51.68,51.815,51.58,51.72,0,2026-09-10 22:18 JST,2026-09-10 09:18 ET,2026-09-09,0.6443,7.1167,6.132,none,1,125.87000274658203,0
2026-09-04 04:00:00-04:00,SOXS,49.84,50.77,48.94,49.02,0,2026-09-10 22:18 JST,2026-09-10 09:18 ET,2026-09-09,0.6443,7.1167,6.132,none,1,125.87000274658203,0
2026-09-04 05:00:00-04:00,SOXS,49.03,49.46,49.01,49.4303,0,2026-09-10 22:18 JST,2026-09-10 09:18 ET,2026-09-09,0.6443,7.1167,6.132,none,1,125.87000274658203,0
2026-09-04 06:00:00-04:00,SOXS,49.43,49.49,48.56,48.62,0,2026-09-10 22:18 JST,2026-09-10 09:18 ET,2026-09-09,0.6443,7.1167,6.132,none,1,125.87000274658203,0
2026-09-04 07:00:00-04:00,SOXS,48.62,49.16,48.54,49.0301,0,2026-09-10 22:18 JST,2026-09-10 09:18 ET,2026-09-09,0.6443,7.1167,6.132,none,1,125.87000274658203,0
2026-09-04 08:00:00-04:00,SOXS,49.01,49.07,48.31,48.51,0,2026-09-10 22:18 JST,2026-09-10 09:18 ET,2026-09-09,0.6443,7.1167,6.132,none,1,125.87000274658203,0
2026-09-04 09:00:00-04:00,SOXS,48.51,50.59,48.41,50.09,0,2026-09-10 22:18 JST,2026-09-10 09:18 ET,2026-09-09,0.6443,7.1167,6.132,none,1,125.87000274658203,0
2026-09-04 09:30:00-04:00,SOXS,49.560001373291016,50.209999084472656,46.2599983215332,46.70100021362305,28945878,2026-09-10 22:18 JST,2026-09-10 09:18 ET,2026-09-09,0.6443,7.1167,6.132,none,1,125.87000274658203,0
2026-09-04 10:30:00-04:00,SOXS,46.701698303222656,47.70000076293945,46.40999984741211,47.1349983215332,7879446,2026-09-10 22:18 JST,2026-09-10 09:18 ET,2026-09-09,0.6443,7.1167,6.132,none,1,125.87000274658203,0
2026-09-04 11:30:00-04:00,SOXS,47.130001068115234,47.439998626708984,46.56999969482422,46.720001220703125,4015534,2026-09-10 22:18 JST,2026-09-10 09:18 ET,2026-09-09,0.6443,7.1167,6.132,none,1,125.87000274658203,0
2026-09-04 12:30:00-04:00,SOXS,46.724998474121094,47.310001373291016,46.345001220703125,47.26499938964844,3450258,2026-09-10 22:18 JST,2026-09-10 09:18 ET,2026-09-09,0.6443,7.1167,6.132,none,1,125.87000274658203,0
2026-09-04 13:30:00-04:00,SOXS,47.26100158691406,47.53499984741211,46.91999816894531,46.935001373291016,2864431,2026-09-10 22:18 JST,2026-09-10 09:18 ET,2026-09-09,0.6443,7.1167,6.132,none,1,125.87000274658203,0
2026-09-04 14:30:00-04:00,SOXS,46.93000030517578,47.630001068115234,46.869998931884766,47.439998626708984,2454961,2026-09-10 22:18 JST,2026-09-10 09:18 ET,2026-09-09,0.6443,7.1167,6.132,none,1,125.87000274658203,0
2026-09-04 15:30:00-04:00,SOXS,47.45500183105469,47.560001373291016,46.099998474121094,46.34000015258789,4182469,2026-09-10 22:18 JST,2026-09-10 09:18 ET,2026-09-09,0.6443,7.1167,6.132,none,1,125.87000274658203,0
2026-09-04 16:00:00-04:00,SOXS,46.34,46.72,46.34,46.62,0,2026-09-10 22:18 JST,2026-09-10 09:18 ET,2026-09-09,0.6443,7.1167,6.132,none,1,125.87000274658203,0
2026-09-04 17:00:00-04:00,SOXS,46.62,46.65,46.5,46.59,0,2026-09-10 22:18 JST,2026-09-10 09:18 ET,2026-09-09,0.6443,7.1167,6.132,none,1,125.87000274658203,0
2026-09-04 18:00:00-04:00,SOXS,46.59,46.66,46.52,46.52,0,2026-09-10 22:18 JST,2026-09-10 09:18 ET,2026-09-09,0.6443,7.1167,6.132,none,1,125.87000274658203,0
2026-09-04 19:00:00-04:00,SOXS,46.53,46.65,46.475,46.6,0,2026-09-10 22:18 JST,2026-09-10 09:18 ET,2026-09-09,0.6443,7.1167,6.132,none,1,125.87000274658203,0
2026-09-08 04:00:00-04:00,SOXS,44.88,46.15,42.9737,45.45,0,2026-09-10 22:18 JST,2026-09-10 09:18 ET,2026-09-09,0.6443,7.1167,6.132,none,1,125.87000274658203,0
2026-09-08 05:00:00-04:00,SOXS,45.4986,45.65,44.92,44.96,0,2026-09-10 22:18 JST,2026-09-10 09:18 ET,2026-09-09,0.6443,7.1167,6.132,none,1,125.87000274658203,0
2026-09-08 06:00:00-04:00,SOXS,44.9501,45.0,44.19,44.39,0,2026-09-10 22:18 JST,2026-09-10 09:18 ET,2026-09-09,0.6443,7.1167,6.132,none,1,125.87000274658203,0
2026-09-08 07:00:00-04:00,SOXS,44.34,45.03,44.3,44.81,0,2026-09-10 22:18 JST,2026-09-10 09:18 ET,2026-09-09,0.6443,7.1167,6.132,none,1,125.87000274658203,0
2026-09-08 08:00:00-04:00,SOXS,44.81,44.97,44.15,44.23,0,2026-09-10 22:18 JST,2026-09-10 09:18 ET,2026-09-09,0.6443,7.1167,6.132,none,1,125.87000274658203,0
2026-09-08 09:00:00-04:00,SOXS,44.2186,44.26,43.34,43.5415,0,2026-09-10 22:18 JST,2026-09-10 09:18 ET,2026-09-09,0.6443,7.1167,6.132,none,1,125.87000274658203,0
2026-09-08 09:30:00-04:00,SOXS,43.54999923706055,44.83000183105469,42.83000183105469,43.494998931884766,26411734,2026-09-10 22:18 JST,2026-09-10 09:18 ET,2026-09-09,0.6443,7.1167,6.132,none,1,125.87000274658203,0
2026-09-08 10:30:00-04:00,SOXS,43.4900016784668,43.97999954223633,42.56999969482422,42.78499984741211,8595192,2026-09-10 22:18 JST,2026-09-10 09:18 ET,2026-09-09,0.6443,7.1167,6.132,none,1,125.87000274658203,0
2026-09-08 11:30:00-04:00,SOXS,42.7599983215332,43.5,42.5099983215332,43.5,5380855,2026-09-10 22:18 JST,2026-09-10 09:18 ET,2026-09-09,0.6443,7.1167,6.132,none,1,125.87000274658203,0
2026-09-08 12:30:00-04:00,SOXS,43.4900016784668,43.85499954223633,43.0,43.22999954223633,4442797,2026-09-10 22:18 JST,2026-09-10 09:18 ET,2026-09-09,0.6443,7.1167,6.132,none,1,125.87000274658203,0
2026-09-08 13:30:00-04:00,SOXS,43.220001220703125,43.58380126953125,43.13999938964844,43.36000061035156,2153315,2026-09-10 22:18 JST,2026-09-10 09:18 ET,2026-09-09,0.6443,7.1167,6.132,none,1,125.87000274658203,0
2026-09-08 14:30:00-04:00,SOXS,43.36899948120117,44.02000045776367,43.20000076293945,43.90010070800781,3744359,2026-09-10 22:18 JST,2026-09-10 09:18 ET,2026-09-09,0.6443,7.1167,6.132,none,1,125.87000274658203,0
2026-09-08 15:30:00-04:00,SOXS,43.91999816894531,44.53499984741211,43.85499954223633,44.06999969482422,4971114,2026-09-10 22:18 JST,2026-09-10 09:18 ET,2026-09-09,0.6443,7.1167,6.132,none,1,125.87000274658203,0
2026-09-08 16:00:00-04:00,SOXS,44.09,44.16,43.89,43.98,0,2026-09-10 22:18 JST,2026-09-10 09:18 ET,2026-09-09,0.6443,7.1167,6.132,none,1,125.87000274658203,0
2026-09-08 17:00:00-04:00,SOXS,43.9803,44.08,43.93,44.08,0,2026-09-10 22:18 JST,2026-09-10 09:18 ET,2026-09-09,0.6443,7.1167,6.132,none,1,125.87000274658203,0
2026-09-08 18:00:00-04:00,SOXS,44.04,44.15,43.9203,43.94,0,2026-09-10 22:18 JST,2026-09-10 09:18 ET,2026-09-09,0.6443,7.1167,6.132,none,1,125.87000274658203,0
2026-09-08 19:00:00-04:00,SOXS,43.9201,44.23,43.861,44.1997,0,2026-09-10 22:18 JST,2026-09-10 09:18 ET,2026-09-09,0.6443,7.1167,6.132,none,1,125.87000274658203,0
2026-09-09 04:00:00-04:00,SOXS,43.73,44.0,43.2264,43.4,0,2026-09-10 22:18 JST,2026-09-10 09:18 ET,2026-09-09,0.6443,7.1167,6.132,none,1,125.87000274658203,0
2026-09-09 05:00:00-04:00,SOXS,43.45,44.16,43.36,44.09,0,2026-09-10 22:18 JST,2026-09-10 09:18 ET,2026-09-09,0.6443,7.1167,6.132,none,1,125.87000274658203,0
2026-09-09 06:00:00-04:00,SOXS,44.11,45.82,44.03,45.47,0,2026-09-10 22:18 JST,2026-09-10 09:18 ET,2026-09-09,0.6443,7.1167,6.132,none,1,125.87000274658203,0
2026-09-09 07:00:00-04:00,SOXS,45.5,45.75,45.2,45.37,0,2026-09-10 22:18 JST,2026-09-10 09:18 ET,2026-09-09,0.6443,7.1167,6.132,none,1,125.87000274658203,0
2026-09-09 08:00:00-04:00,SOXS,45.37,45.96,45.06,45.77,0,2026-09-10 22:18 JST,2026-09-10 09:18 ET,2026-09-09,0.6443,7.1167,6.132,none,1,125.87000274658203,0
2026-09-09 09:00:00-04:00,SOXS,45.78,45.85,45.42,45.47,0,2026-09-10 22:18 JST,2026-09-10 09:18 ET,2026-09-09,0.6443,7.1167,6.132,none,1,125.87000274658203,0
2026-09-09 09:30:00-04:00,SOXS,44.79999923706055,44.81999969482422,42.314998626708984,42.775001525878906,27584938,2026-09-10 22:18 JST,2026-09-10 09:18 ET,2026-09-09,0.6443,7.1167,6.132,none,1,125.87000274658203,0
2026-09-09 10:30:00-04:00,SOXS,42.775001525878906,44.25899887084961,42.660701751708984,43.95000076293945,9052324,2026-09-10 22:18 JST,2026-09-10 09:18 ET,2026-09-09,0.6443,7.1167,6.132,none,1,125.87000274658203,0
2026-09-09 11:30:00-04:00,SOXS,43.939998626708984,43.959999084472656,43.06010055541992,43.69990158081055,4873011,2026-09-10 22:18 JST,2026-09-10 09:18 ET,2026-09-09,0.6443,7.1167,6.132,none,1,125.87000274658203,0
2026-09-09 12:30:00-04:00,SOXS,43.68000030517578,43.709999084472656,42.959999084472656,43.3291015625,3502196,2026-09-10 22:18 JST,2026-09-10 09:18 ET,2026-09-09,0.6443,7.1167,6.132,none,1,125.87000274658203,0
2026-09-09 13:30:00-04:00,SOXS,43.31999969482422,43.52000045776367,43.09000015258789,43.31999969482422,2257126,2026-09-10 22:18 JST,2026-09-10 09:18 ET,2026-09-09,0.6443,7.1167,6.132,none,1,125.87000274658203,0
2026-09-09 14:30:00-04:00,SOXS,43.314998626708984,43.60499954223633,43.13199996948242,43.46500015258789,2645943,2026-09-10 22:18 JST,2026-09-10 09:18 ET,2026-09-09,0.6443,7.1167,6.132,none,1,125.87000274658203,0
2026-09-09 15:30:00-04:00,SOXS,43.459999084472656,43.529998779296875,43.15999984741211,43.185001373291016,2368183,2026-09-10 22:18 JST,2026-09-10 09:18 ET,2026-09-09,0.6443,7.1167,6.132,none,1,125.87000274658203,0
2026-09-09 16:00:00-04:00,SOXS,43.24,43.2892,43.0802,43.11,0,2026-09-10 22:18 JST,2026-09-10 09:18 ET,2026-09-09,0.6443,7.1167,6.132,none,1,125.87000274658203,0
2026-09-09 17:00:00-04:00,SOXS,43.12,43.3,43.11,43.24,0,2026-09-10 22:18 JST,2026-09-10 09:18 ET,2026-09-09,0.6443,7.1167,6.132,none,1,125.87000274658203,0
2026-09-09 18:00:00-04:00,SOXS,43.24,43.45,43.19,43.44,0,2026-09-10 22:18 JST,2026-09-10 09:18 ET,2026-09-09,0.6443,7.1167,6.132,none,1,125.87000274658203,0
2026-09-09 19:00:00-04:00,SOXS,43.45,43.51,43.2307,43.32,0,2026-09-10 22:18 JST,2026-09-10 09:18 ET,2026-09-09,0.6443,7.1167,6.132,none,1,125.87000274658203,0
2026-09-10 04:00:00-04:00,SOXS,44.04,44.32,43.29,44.26,0,2026-09-10 22:18 JST,2026-09-10 09:18 ET,2026-09-09,0.6443,7.1167,6.132,none,1,125.87000274658203,0
2026-09-10 05:00:00-04:00,SOXS,44.27,44.62,44.0808,44.38,0,2026-09-10 22:18 JST,2026-09-10 09:18 ET,2026-09-09,0.6443,7.1167,6.132,none,1,125.87000274658203,0
2026-09-10 06:00:00-04:00,SOXS,44.4,44.61,44.25,44.52,0,2026-09-10 22:18 JST,2026-09-10 09:18 ET,2026-09-09,0.6443,7.1167,6.132,none,1,125.87000274658203,0
2026-09-10 07:00:00-04:00,SOXS,44.51,45.41,44.4802,45.4,0,2026-09-10 22:18 JST,2026-09-10 09:18 ET,2026-09-09,0.6443,7.1167,6.132,none,1,125.87000274658203,0
2026-09-10 08:00:00-04:00,SOXS,45.405,47.26,45.31,47.0787,0,2026-09-10 22:18 JST,2026-09-10 09:18 ET,2026-09-09,0.6443,7.1167,6.132,none,1,125.87000274658203,0
2026-09-10 09:00:00-04:00,SOXS,47.0715,47.2,46.82,47.16,0,2026-09-10 22:18 JST,2026-09-10 09:18 ET,2026-09-09,0.6443,7.1167,6.132,none,1,125.87000274658203,0
2026-09-10 09:18:00-04:00,SOXS,47.15,47.15,47.15,47.15,0,2026-09-10 22:18 JST,2026-09-10 09:18 ET,2026-09-09,0.6443,7.1167,6.132,none,1,125.87000274658203,0
