Datetime,Ticker,Open,High,Low,Close,Volume,RUN_JST,RUN_ET,BASE_SESSION,POS,CC2,SD20,SIG,C2,SRC2_CLOSE,ZEROV
2026-08-27 04:00:00-04:00,SOXL,124.7,127.95,122.1,127.93,0,2026-10-08 22:23 JST,2026-10-08 09:23 ET,2026-10-07,0.9083,-3.4133,6.978,none,0,158.91000366210938,0
2026-08-27 05:00:00-04:00,SOXL,127.93,128.21,126.0,126.5,0,2026-10-08 22:23 JST,2026-10-08 09:23 ET,2026-10-07,0.9083,-3.4133,6.978,none,0,158.91000366210938,0
2026-08-27 06:00:00-04:00,SOXL,126.55,127.5,126.02,126.13,0,2026-10-08 22:23 JST,2026-10-08 09:23 ET,2026-10-07,0.9083,-3.4133,6.978,none,0,158.91000366210938,0
2026-08-27 07:00:00-04:00,SOXL,126.1,126.9505,125.45,125.4526,0,2026-10-08 22:23 JST,2026-10-08 09:23 ET,2026-10-07,0.9083,-3.4133,6.978,none,0,158.91000366210938,0
2026-08-27 08:00:00-04:00,SOXL,125.4526,126.09,124.27,125.81,0,2026-10-08 22:23 JST,2026-10-08 09:23 ET,2026-10-07,0.9083,-3.4133,6.978,none,0,158.91000366210938,0
2026-08-27 09:00:00-04:00,SOXL,125.77,125.9,124.08,124.66,0,2026-10-08 22:23 JST,2026-10-08 09:23 ET,2026-10-07,0.9083,-3.4133,6.978,none,0,158.91000366210938,0
2026-08-27 09:30:00-04:00,SOXL,123.4000015258789,124.87999725341797,117.69010162353516,122.69000244140625,25062151,2026-10-08 22:23 JST,2026-10-08 09:23 ET,2026-10-07,0.9083,-3.4133,6.978,none,0,158.91000366210938,0
2026-08-27 10:30:00-04:00,SOXL,122.7699966430664,122.83989715576172,120.22100067138672,120.89869689941406,5263217,2026-10-08 22:23 JST,2026-10-08 09:23 ET,2026-10-07,0.9083,-3.4133,6.978,none,0,158.91000366210938,0
2026-08-27 11:30:00-04:00,SOXL,120.91999816894531,122.3499984741211,119.58000183105469,121.26750183105469,3932205,2026-10-08 22:23 JST,2026-10-08 09:23 ET,2026-10-07,0.9083,-3.4133,6.978,none,0,158.91000366210938,0
2026-08-27 12:30:00-04:00,SOXL,121.2699966430664,122.44000244140625,121.1500015258789,121.38999938964844,2882696,2026-10-08 22:23 JST,2026-10-08 09:23 ET,2026-10-07,0.9083,-3.4133,6.978,none,0,158.91000366210938,0
2026-08-27 13:30:00-04:00,SOXL,121.41999816894531,121.66999816894531,118.94999694824219,119.24639892578125,2831441,2026-10-08 22:23 JST,2026-10-08 09:23 ET,2026-10-07,0.9083,-3.4133,6.978,none,0,158.91000366210938,0
2026-08-27 14:30:00-04:00,SOXL,119.27999877929688,120.77989959716797,119.19999694824219,120.24430084228516,3221077,2026-10-08 22:23 JST,2026-10-08 09:23 ET,2026-10-07,0.9083,-3.4133,6.978,none,0,158.91000366210938,0
2026-08-27 15:30:00-04:00,SOXL,120.22000122070312,123.58999633789062,120.01499938964844,123.16999816894531,8960013,2026-10-08 22:23 JST,2026-10-08 09:23 ET,2026-10-07,0.9083,-3.4133,6.978,none,0,158.91000366210938,0
2026-08-27 16:00:00-04:00,SOXL,123.14,123.48,121.35,121.9,0,2026-10-08 22:23 JST,2026-10-08 09:23 ET,2026-10-07,0.9083,-3.4133,6.978,none,0,158.91000366210938,0
2026-08-27 17:00:00-04:00,SOXL,121.85,122.1,120.44,120.71,0,2026-10-08 22:23 JST,2026-10-08 09:23 ET,2026-10-07,0.9083,-3.4133,6.978,none,0,158.91000366210938,0
2026-08-27 18:00:00-04:00,SOXL,120.79,121.19,120.25,120.6,0,2026-10-08 22:23 JST,2026-10-08 09:23 ET,2026-10-07,0.9083,-3.4133,6.978,none,0,158.91000366210938,0
2026-08-27 19:00:00-04:00,SOXL,120.61,120.62,119.8,119.9969,0,2026-10-08 22:23 JST,2026-10-08 09:23 ET,2026-10-07,0.9083,-3.4133,6.978,none,0,158.91000366210938,0
2026-08-28 04:00:00-04:00,SOXL,119.37,121.9455,118.27,118.94,0,2026-10-08 22:23 JST,2026-10-08 09:23 ET,2026-10-07,0.9083,-3.4133,6.978,none,0,158.91000366210938,0
2026-08-28 05:00:00-04:00,SOXL,118.99,119.69,118.6,118.98,0,2026-10-08 22:23 JST,2026-10-08 09:23 ET,2026-10-07,0.9083,-3.4133,6.978,none,0,158.91000366210938,0
2026-08-28 06:00:00-04:00,SOXL,118.95,119.75,118.69,119.64,0,2026-10-08 22:23 JST,2026-10-08 09:23 ET,2026-10-07,0.9083,-3.4133,6.978,none,0,158.91000366210938,0
2026-08-28 07:00:00-04:00,SOXL,119.66,120.77,119.43,120.14,0,2026-10-08 22:23 JST,2026-10-08 09:23 ET,2026-10-07,0.9083,-3.4133,6.978,none,0,158.91000366210938,0
2026-08-28 08:00:00-04:00,SOXL,120.12,120.2974,118.55,120.03,0,2026-10-08 22:23 JST,2026-10-08 09:23 ET,2026-10-07,0.9083,-3.4133,6.978,none,0,158.91000366210938,0
2026-08-28 09:00:00-04:00,SOXL,120.01,120.6199,118.9,120.34,0,2026-10-08 22:23 JST,2026-10-08 09:23 ET,2026-10-07,0.9083,-3.4133,6.978,none,0,158.91000366210938,0
2026-08-28 09:30:00-04:00,SOXL,119.91999816894531,121.19989776611328,116.5199966430664,119.4800033569336,15136994,2026-10-08 22:23 JST,2026-10-08 09:23 ET,2026-10-07,0.9083,-3.4133,6.978,none,0,158.91000366210938,0
2026-08-28 10:30:00-04:00,SOXL,119.48999786376953,120.44999694824219,117.30999755859375,117.9000015258789,5455649,2026-10-08 22:23 JST,2026-10-08 09:23 ET,2026-10-07,0.9083,-3.4133,6.978,none,0,158.91000366210938,0
2026-08-28 11:30:00-04:00,SOXL,117.91999816894531,117.91999816894531,110.63999938964844,111.54000091552734,12556190,2026-10-08 22:23 JST,2026-10-08 09:23 ET,2026-10-07,0.9083,-3.4133,6.978,none,0,158.91000366210938,0
2026-08-28 12:30:00-04:00,SOXL,111.50499725341797,113.1771011352539,110.20999908447266,111.55000305175781,6316442,2026-10-08 22:23 JST,2026-10-08 09:23 ET,2026-10-07,0.9083,-3.4133,6.978,none,0,158.91000366210938,0
2026-08-28 13:30:00-04:00,SOXL,111.53990173339844,113.05000305175781,111.41999816894531,112.01000213623047,3161844,2026-10-08 22:23 JST,2026-10-08 09:23 ET,2026-10-07,0.9083,-3.4133,6.978,none,0,158.91000366210938,0
2026-08-28 14:30:00-04:00,SOXL,111.9801025390625,112.6500015258789,110.83000183105469,112.48999786376953,5508099,2026-10-08 22:23 JST,2026-10-08 09:23 ET,2026-10-07,0.9083,-3.4133,6.978,none,0,158.91000366210938,0
2026-08-28 15:30:00-04:00,SOXL,112.5,112.87999725341797,111.25,111.37000274658203,9877231,2026-10-08 22:23 JST,2026-10-08 09:23 ET,2026-10-07,0.9083,-3.4133,6.978,none,0,158.91000366210938,0
2026-08-28 16:00:00-04:00,SOXL,111.33,111.71,111.08,111.5,0,2026-10-08 22:23 JST,2026-10-08 09:23 ET,2026-10-07,0.9083,-3.4133,6.978,none,0,158.91000366210938,0
2026-08-28 17:00:00-04:00,SOXL,111.5,111.79,111.47,111.74,0,2026-10-08 22:23 JST,2026-10-08 09:23 ET,2026-10-07,0.9083,-3.4133,6.978,none,0,158.91000366210938,0
2026-08-28 18:00:00-04:00,SOXL,111.74,111.8399,111.4,111.5301,0,2026-10-08 22:23 JST,2026-10-08 09:23 ET,2026-10-07,0.9083,-3.4133,6.978,none,0,158.91000366210938,0
2026-08-28 19:00:00-04:00,SOXL,111.54,111.76,111.15,111.3,0,2026-10-08 22:23 JST,2026-10-08 09:23 ET,2026-10-07,0.9083,-3.4133,6.978,none,0,158.91000366210938,0
2026-08-31 04:00:00-04:00,SOXL,113.8,115.43,109.171,113.9995,0,2026-10-08 22:23 JST,2026-10-08 09:23 ET,2026-10-07,0.9083,-3.4133,6.978,none,0,158.91000366210938,0
2026-08-31 05:00:00-04:00,SOXL,114.0,114.12,112.8,113.54,0,2026-10-08 22:23 JST,2026-10-08 09:23 ET,2026-10-07,0.9083,-3.4133,6.978,none,0,158.91000366210938,0
2026-08-31 06:00:00-04:00,SOXL,113.53,113.5622,112.0,112.7,0,2026-10-08 22:23 JST,2026-10-08 09:23 ET,2026-10-07,0.9083,-3.4133,6.978,none,0,158.91000366210938,0
2026-08-31 07:00:00-04:00,SOXL,112.72,113.09,111.69,112.62,0,2026-10-08 22:23 JST,2026-10-08 09:23 ET,2026-10-07,0.9083,-3.4133,6.978,none,0,158.91000366210938,0
2026-08-31 08:00:00-04:00,SOXL,112.62,113.58,112.0,112.3897,0,2026-10-08 22:23 JST,2026-10-08 09:23 ET,2026-10-07,0.9083,-3.4133,6.978,none,0,158.91000366210938,0
2026-08-31 09:00:00-04:00,SOXL,112.3895,112.7353,111.01,111.55,0,2026-10-08 22:23 JST,2026-10-08 09:23 ET,2026-10-07,0.9083,-3.4133,6.978,none,0,158.91000366210938,0
2026-08-31 09:30:00-04:00,SOXL,112.41000366210938,115.05000305175781,111.29000091552734,112.19999694824219,13550595,2026-10-08 22:23 JST,2026-10-08 09:23 ET,2026-10-07,0.9083,-3.4133,6.978,none,0,158.91000366210938,0
2026-08-31 10:30:00-04:00,SOXL,112.12999725341797,113.17289733886719,110.86000061035156,111.68000030517578,4272960,2026-10-08 22:23 JST,2026-10-08 09:23 ET,2026-10-07,0.9083,-3.4133,6.978,none,0,158.91000366210938,0
2026-08-31 11:30:00-04:00,SOXL,111.6500015258789,111.80000305175781,110.33000183105469,111.73999786376953,3068623,2026-10-08 22:23 JST,2026-10-08 09:23 ET,2026-10-07,0.9083,-3.4133,6.978,none,0,158.91000366210938,0
2026-08-31 12:30:00-04:00,SOXL,111.75,112.26000213623047,111.30999755859375,111.36000061035156,2009578,2026-10-08 22:23 JST,2026-10-08 09:23 ET,2026-10-07,0.9083,-3.4133,6.978,none,0,158.91000366210938,0
2026-08-31 13:30:00-04:00,SOXL,111.36499786376953,112.83989715576172,111.30500030517578,112.43250274658203,1645654,2026-10-08 22:23 JST,2026-10-08 09:23 ET,2026-10-07,0.9083,-3.4133,6.978,none,0,158.91000366210938,0
2026-08-31 14:30:00-04:00,SOXL,112.41500091552734,112.52629852294922,111.30000305175781,111.95999908447266,2430601,2026-10-08 22:23 JST,2026-10-08 09:23 ET,2026-10-07,0.9083,-3.4133,6.978,none,0,158.91000366210938,0
2026-08-31 15:30:00-04:00,SOXL,111.94499969482422,113.11000061035156,111.83000183105469,112.84500122070312,5619204,2026-10-08 22:23 JST,2026-10-08 09:23 ET,2026-10-07,0.9083,-3.4133,6.978,none,0,158.91000366210938,0
2026-08-31 16:00:00-04:00,SOXL,112.79,112.99,112.56,112.89,0,2026-10-08 22:23 JST,2026-10-08 09:23 ET,2026-10-07,0.9083,-3.4133,6.978,none,0,158.91000366210938,0
2026-08-31 17:00:00-04:00,SOXL,112.89,113.0,112.61,112.97,0,2026-10-08 22:23 JST,2026-10-08 09:23 ET,2026-10-07,0.9083,-3.4133,6.978,none,0,158.91000366210938,0
2026-08-31 18:00:00-04:00,SOXL,112.95,112.99,112.51,112.66,0,2026-10-08 22:23 JST,2026-10-08 09:23 ET,2026-10-07,0.9083,-3.4133,6.978,none,0,158.91000366210938,0
2026-08-31 19:00:00-04:00,SOXL,112.67,112.9,112.46,112.89,0,2026-10-08 22:23 JST,2026-10-08 09:23 ET,2026-10-07,0.9083,-3.4133,6.978,none,0,158.91000366210938,0
2026-09-01 04:00:00-04:00,SOXL,112.9,115.0,109.32,109.58,0,2026-10-08 22:23 JST,2026-10-08 09:23 ET,2026-10-07,0.9083,-3.4133,6.978,none,0,158.91000366210938,0
2026-09-01 05:00:00-04:00,SOXL,109.59,110.16,107.56,107.7322,0,2026-10-08 22:23 JST,2026-10-08 09:23 ET,2026-10-07,0.9083,-3.4133,6.978,none,0,158.91000366210938,0
2026-09-01 06:00:00-04:00,SOXL,107.72,109.18,107.64,108.57,0,2026-10-08 22:23 JST,2026-10-08 09:23 ET,2026-10-07,0.9083,-3.4133,6.978,none,0,158.91000366210938,0
2026-09-01 07:00:00-04:00,SOXL,108.56,109.07,107.19,107.7,0,2026-10-08 22:23 JST,2026-10-08 09:23 ET,2026-10-07,0.9083,-3.4133,6.978,none,0,158.91000366210938,0
2026-09-01 08:00:00-04:00,SOXL,107.7,108.3974,106.05,106.64,0,2026-10-08 22:23 JST,2026-10-08 09:23 ET,2026-10-07,0.9083,-3.4133,6.978,none,0,158.91000366210938,0
2026-09-01 09:00:00-04:00,SOXL,106.62,106.75,105.31,105.3783,0,2026-10-08 22:23 JST,2026-10-08 09:23 ET,2026-10-07,0.9083,-3.4133,6.978,none,0,158.91000366210938,0
2026-09-01 09:30:00-04:00,SOXL,106.3550033569336,106.56999969482422,102.30999755859375,102.62000274658203,23506644,2026-10-08 22:23 JST,2026-10-08 09:23 ET,2026-10-07,0.9083,-3.4133,6.978,none,0,158.91000366210938,0
2026-09-01 10:30:00-04:00,SOXL,102.61000061035156,106.69999694824219,102.58999633789062,106.62000274658203,8710496,2026-10-08 22:23 JST,2026-10-08 09:23 ET,2026-10-07,0.9083,-3.4133,6.978,none,0,158.91000366210938,0
2026-09-01 11:30:00-04:00,SOXL,106.61000061035156,108.63999938964844,105.25,105.5250015258789,6228704,2026-10-08 22:23 JST,2026-10-08 09:23 ET,2026-10-07,0.9083,-3.4133,6.978,none,0,158.91000366210938,0
2026-09-01 12:30:00-04:00,SOXL,105.5,106.61750030517578,104.32630157470703,105.20500183105469,4142695,2026-10-08 22:23 JST,2026-10-08 09:23 ET,2026-10-07,0.9083,-3.4133,6.978,none,0,158.91000366210938,0
2026-09-01 13:30:00-04:00,SOXL,105.19000244140625,105.48999786376953,103.5999984741211,104.01000213623047,2965966,2026-10-08 22:23 JST,2026-10-08 09:23 ET,2026-10-07,0.9083,-3.4133,6.978,none,0,158.91000366210938,0
2026-09-01 14:30:00-04:00,SOXL,104.0,106.13999938964844,102.69999694824219,106.0999984741211,6789861,2026-10-08 22:23 JST,2026-10-08 09:23 ET,2026-10-07,0.9083,-3.4133,6.978,none,0,158.91000366210938,0
2026-09-01 15:30:00-04:00,SOXL,106.1176986694336,106.23999786376953,104.7300033569336,105.77999877929688,8609804,2026-10-08 22:23 JST,2026-10-08 09:23 ET,2026-10-07,0.9083,-3.4133,6.978,none,0,158.91000366210938,0
2026-09-01 16:00:00-04:00,SOXL,105.91,106.04,105.13,105.55,0,2026-10-08 22:23 JST,2026-10-08 09:23 ET,2026-10-07,0.9083,-3.4133,6.978,none,0,158.91000366210938,0
2026-09-01 17:00:00-04:00,SOXL,105.54,105.64,104.88,104.92,0,2026-10-08 22:23 JST,2026-10-08 09:23 ET,2026-10-07,0.9083,-3.4133,6.978,none,0,158.91000366210938,0
2026-09-01 18:00:00-04:00,SOXL,104.93,105.0899,104.2939,104.82,0,2026-10-08 22:23 JST,2026-10-08 09:23 ET,2026-10-07,0.9083,-3.4133,6.978,none,0,158.91000366210938,0
2026-09-01 19:00:00-04:00,SOXL,104.81,105.0,104.4331,104.82,0,2026-10-08 22:23 JST,2026-10-08 09:23 ET,2026-10-07,0.9083,-3.4133,6.978,none,0,158.91000366210938,0
2026-09-02 04:00:00-04:00,SOXL,104.6,104.84,102.47,103.39,0,2026-10-08 22:23 JST,2026-10-08 09:23 ET,2026-10-07,0.9083,-3.4133,6.978,none,0,158.91000366210938,0
2026-09-02 05:00:00-04:00,SOXL,103.38,103.94,101.48,102.1254,0,2026-10-08 22:23 JST,2026-10-08 09:23 ET,2026-10-07,0.9083,-3.4133,6.978,none,0,158.91000366210938,0
2026-09-02 06:00:00-04:00,SOXL,102.12,102.22,101.0,101.85,0,2026-10-08 22:23 JST,2026-10-08 09:23 ET,2026-10-07,0.9083,-3.4133,6.978,none,0,158.91000366210938,0
2026-09-02 07:00:00-04:00,SOXL,101.84,102.98,100.88,102.69,0,2026-10-08 22:23 JST,2026-10-08 09:23 ET,2026-10-07,0.9083,-3.4133,6.978,none,0,158.91000366210938,0
2026-09-02 08:00:00-04:00,SOXL,102.71,104.99,102.41,104.5,0,2026-10-08 22:23 JST,2026-10-08 09:23 ET,2026-10-07,0.9083,-3.4133,6.978,none,0,158.91000366210938,0
2026-09-02 09:00:00-04:00,SOXL,104.43,104.55,102.71,103.5,0,2026-10-08 22:23 JST,2026-10-08 09:23 ET,2026-10-07,0.9083,-3.4133,6.978,none,0,158.91000366210938,0
2026-09-02 09:30:00-04:00,SOXL,104.5,106.75,101.33999633789062,106.68000030517578,20528245,2026-10-08 22:23 JST,2026-10-08 09:23 ET,2026-10-07,0.9083,-3.4133,6.978,none,0,158.91000366210938,0
2026-09-02 10:30:00-04:00,SOXL,106.66000366210938,108.06999969482422,104.64398956298828,106.86000061035156,7181432,2026-10-08 22:23 JST,2026-10-08 09:23 ET,2026-10-07,0.9083,-3.4133,6.978,none,0,158.91000366210938,0
2026-09-02 11:30:00-04:00,SOXL,106.8499984741211,107.9000015258789,106.3550033569336,106.51000213623047,3726116,2026-10-08 22:23 JST,2026-10-08 09:23 ET,2026-10-07,0.9083,-3.4133,6.978,none,0,158.91000366210938,0
2026-09-02 12:30:00-04:00,SOXL,106.5625991821289,106.98989868164062,105.63999938964844,106.19999694824219,2393729,2026-10-08 22:23 JST,2026-10-08 09:23 ET,2026-10-07,0.9083,-3.4133,6.978,none,0,158.91000366210938,0
2026-09-02 13:30:00-04:00,SOXL,106.19960021972656,106.55999755859375,105.45010375976562,105.84391021728516,1913360,2026-10-08 22:23 JST,2026-10-08 09:23 ET,2026-10-07,0.9083,-3.4133,6.978,none,0,158.91000366210938,0
2026-09-02 14:30:00-04:00,SOXL,105.86499786376953,106.5999984741211,105.7699966430664,106.2699966430664,2255446,2026-10-08 22:23 JST,2026-10-08 09:23 ET,2026-10-07,0.9083,-3.4133,6.978,none,0,158.91000366210938,0
2026-09-02 15:30:00-04:00,SOXL,106.26499938964844,106.43000030517578,105.9000015258789,106.36000061035156,4810259,2026-10-08 22:23 JST,2026-10-08 09:23 ET,2026-10-07,0.9083,-3.4133,6.978,none,0,158.91000366210938,0
2026-09-02 16:00:00-04:00,SOXL,106.35,106.66,103.55,104.61,0,2026-10-08 22:23 JST,2026-10-08 09:23 ET,2026-10-07,0.9083,-3.4133,6.978,none,0,158.91000366210938,0
2026-09-02 17:00:00-04:00,SOXL,104.605,107.28,103.8,106.3875,0,2026-10-08 22:23 JST,2026-10-08 09:23 ET,2026-10-07,0.9083,-3.4133,6.978,none,0,158.91000366210938,0
2026-09-02 18:00:00-04:00,SOXL,106.39,106.5,105.5,105.7805,0,2026-10-08 22:23 JST,2026-10-08 09:23 ET,2026-10-07,0.9083,-3.4133,6.978,none,0,158.91000366210938,0
2026-09-02 19:00:00-04:00,SOXL,105.78,106.59,105.66,106.42,0,2026-10-08 22:23 JST,2026-10-08 09:23 ET,2026-10-07,0.9083,-3.4133,6.978,none,0,158.91000366210938,0
2026-09-03 04:00:00-04:00,SOXL,105.73,107.53,103.12,105.91,0,2026-10-08 22:23 JST,2026-10-08 09:23 ET,2026-10-07,0.9083,-3.4133,6.978,none,0,158.91000366210938,0
2026-09-03 05:00:00-04:00,SOXL,105.88,106.01,104.2,104.2752,0,2026-10-08 22:23 JST,2026-10-08 09:23 ET,2026-10-07,0.9083,-3.4133,6.978,none,0,158.91000366210938,0
2026-09-03 06:00:00-04:00,SOXL,104.2752,104.5443,103.04,103.36,0,2026-10-08 22:23 JST,2026-10-08 09:23 ET,2026-10-07,0.9083,-3.4133,6.978,none,0,158.91000366210938,0
2026-09-03 07:00:00-04:00,SOXL,103.31,106.35,102.83,103.6,0,2026-10-08 22:23 JST,2026-10-08 09:23 ET,2026-10-07,0.9083,-3.4133,6.978,none,0,158.91000366210938,0
2026-09-03 08:00:00-04:00,SOXL,103.61,103.72,101.88,102.86,0,2026-10-08 22:23 JST,2026-10-08 09:23 ET,2026-10-07,0.9083,-3.4133,6.978,none,0,158.91000366210938,0
2026-09-03 09:00:00-04:00,SOXL,102.8596,104.96,102.62,104.01,0,2026-10-08 22:23 JST,2026-10-08 09:23 ET,2026-10-07,0.9083,-3.4133,6.978,none,0,158.91000366210938,0
2026-09-03 09:30:00-04:00,SOXL,103.0,103.37999725341797,98.62039947509766,101.54000091552734,26329492,2026-10-08 22:23 JST,2026-10-08 09:23 ET,2026-10-07,0.9083,-3.4133,6.978,none,0,158.91000366210938,0
2026-09-03 10:30:00-04:00,SOXL,101.52999877929688,106.13500213623047,100.29010009765625,106.01599884033203,9849288,2026-10-08 22:23 JST,2026-10-08 09:23 ET,2026-10-07,0.9083,-3.4133,6.978,none,0,158.91000366210938,0
2026-09-03 11:30:00-04:00,SOXL,106.02999877929688,106.05000305175781,104.69000244140625,105.58000183105469,4060522,2026-10-08 22:23 JST,2026-10-08 09:23 ET,2026-10-07,0.9083,-3.4133,6.978,none,0,158.91000366210938,0
2026-09-03 12:30:00-04:00,SOXL,105.58000183105469,106.69000244140625,105.12000274658203,106.0,3061182,2026-10-08 22:23 JST,2026-10-08 09:23 ET,2026-10-07,0.9083,-3.4133,6.978,none,0,158.91000366210938,0
2026-09-03 13:30:00-04:00,SOXL,105.99500274658203,106.94999694824219,105.79010009765625,106.69999694824219,2448904,2026-10-08 22:23 JST,2026-10-08 09:23 ET,2026-10-07,0.9083,-3.4133,6.978,none,0,158.91000366210938,0
2026-09-03 14:30:00-04:00,SOXL,106.68499755859375,107.48999786376953,106.13999938964844,106.55999755859375,3302084,2026-10-08 22:23 JST,2026-10-08 09:23 ET,2026-10-07,0.9083,-3.4133,6.978,none,0,158.91000366210938,0
2026-09-03 15:30:00-04:00,SOXL,106.54000091552734,106.87999725341797,106.23999786376953,106.77999877929688,4239132,2026-10-08 22:23 JST,2026-10-08 09:23 ET,2026-10-07,0.9083,-3.4133,6.978,none,0,158.91000366210938,0
2026-09-03 16:00:00-04:00,SOXL,106.75,106.88,106.36,106.44,0,2026-10-08 22:23 JST,2026-10-08 09:23 ET,2026-10-07,0.9083,-3.4133,6.978,none,0,158.91000366210938,0
2026-09-03 17:00:00-04:00,SOXL,106.44,106.69,106.16,106.47,0,2026-10-08 22:23 JST,2026-10-08 09:23 ET,2026-10-07,0.9083,-3.4133,6.978,none,0,158.91000366210938,0
2026-09-03 18:00:00-04:00,SOXL,106.47,106.6,106.01,106.59,0,2026-10-08 22:23 JST,2026-10-08 09:23 ET,2026-10-07,0.9083,-3.4133,6.978,none,0,158.91000366210938,0
2026-09-03 19:00:00-04:00,SOXL,106.57,106.5862,106.3,106.43,0,2026-10-08 22:23 JST,2026-10-08 09:23 ET,2026-10-07,0.9083,-3.4133,6.978,none,0,158.91000366210938,0
2026-09-04 04:00:00-04:00,SOXL,111.48,112.36,108.0,112.23,0,2026-10-08 22:23 JST,2026-10-08 09:23 ET,2026-10-07,0.9083,-3.4133,6.978,none,0,158.91000366210938,0
2026-09-04 05:00:00-04:00,SOXL,112.2187,112.25,111.25,111.29,0,2026-10-08 22:23 JST,2026-10-08 09:23 ET,2026-10-07,0.9083,-3.4133,6.978,none,0,158.91000366210938,0
2026-09-04 06:00:00-04:00,SOXL,111.29,113.13,111.18,113.04,0,2026-10-08 22:23 JST,2026-10-08 09:23 ET,2026-10-07,0.9083,-3.4133,6.978,none,0,158.91000366210938,0
2026-09-04 07:00:00-04:00,SOXL,113.01,113.2,106.74,112.16,0,2026-10-08 22:23 JST,2026-10-08 09:23 ET,2026-10-07,0.9083,-3.4133,6.978,none,0,158.91000366210938,0
2026-09-04 08:00:00-04:00,SOXL,112.18,113.6,112.08,113.3051,0,2026-10-08 22:23 JST,2026-10-08 09:23 ET,2026-10-07,0.9083,-3.4133,6.978,none,0,158.91000366210938,0
2026-09-04 09:00:00-04:00,SOXL,113.38,113.7,108.94,110.0916,0,2026-10-08 22:23 JST,2026-10-08 09:23 ET,2026-10-07,0.9083,-3.4133,6.978,none,0,158.91000366210938,0
2026-09-04 09:30:00-04:00,SOXL,111.22000122070312,117.86000061035156,109.7300033569336,116.95999908447266,28455915,2026-10-08 22:23 JST,2026-10-08 09:23 ET,2026-10-07,0.9083,-3.4133,6.978,none,0,158.91000366210938,0
2026-09-04 10:30:00-04:00,SOXL,116.94999694824219,117.55999755859375,114.86000061035156,116.06099700927734,7438763,2026-10-08 22:23 JST,2026-10-08 09:23 ET,2026-10-07,0.9083,-3.4133,6.978,none,0,158.91000366210938,0
2026-09-04 11:30:00-04:00,SOXL,116.04000091552734,117.19989776611328,115.41999816894531,116.9000015258789,3774475,2026-10-08 22:23 JST,2026-10-08 09:23 ET,2026-10-07,0.9083,-3.4133,6.978,none,0,158.91000366210938,0
2026-09-04 12:30:00-04:00,SOXL,116.9000015258789,117.67990112304688,115.66000366210938,115.76000213623047,3292312,2026-10-08 22:23 JST,2026-10-08 09:23 ET,2026-10-07,0.9083,-3.4133,6.978,none,0,158.91000366210938,0
2026-09-04 13:30:00-04:00,SOXL,115.73999786376953,116.5,115.18000030517578,116.4800033569336,2629014,2026-10-08 22:23 JST,2026-10-08 09:23 ET,2026-10-07,0.9083,-3.4133,6.978,none,0,158.91000366210938,0
2026-09-04 14:30:00-04:00,SOXL,116.48999786376953,116.62000274658203,114.97000122070312,115.37999725341797,3781741,2026-10-08 22:23 JST,2026-10-08 09:23 ET,2026-10-07,0.9083,-3.4133,6.978,none,0,158.91000366210938,0
2026-09-04 15:30:00-04:00,SOXL,115.37999725341797,118.18000030517578,115.11000061035156,117.54000091552734,9394009,2026-10-08 22:23 JST,2026-10-08 09:23 ET,2026-10-07,0.9083,-3.4133,6.978,none,0,158.91000366210938,0
2026-09-04 16:00:00-04:00,SOXL,117.28,117.53,116.7,116.89,0,2026-10-08 22:23 JST,2026-10-08 09:23 ET,2026-10-07,0.9083,-3.4133,6.978,none,0,158.91000366210938,0
2026-09-04 17:00:00-04:00,SOXL,116.86,117.2,116.61,116.8,0,2026-10-08 22:23 JST,2026-10-08 09:23 ET,2026-10-07,0.9083,-3.4133,6.978,none,0,158.91000366210938,0
2026-09-04 18:00:00-04:00,SOXL,116.8169,116.87,116.68,116.82,0,2026-10-08 22:23 JST,2026-10-08 09:23 ET,2026-10-07,0.9083,-3.4133,6.978,none,0,158.91000366210938,0
2026-09-04 19:00:00-04:00,SOXL,116.84,116.9,116.33,116.61,0,2026-10-08 22:23 JST,2026-10-08 09:23 ET,2026-10-07,0.9083,-3.4133,6.978,none,0,158.91000366210938,0
2026-09-08 04:00:00-04:00,SOXL,122.0,126.6,118.39,120.2,0,2026-10-08 22:23 JST,2026-10-08 09:23 ET,2026-10-07,0.9083,-3.4133,6.978,none,0,158.91000366210938,0
2026-09-08 05:00:00-04:00,SOXL,120.16,121.5,119.65,121.39,0,2026-10-08 22:23 JST,2026-10-08 09:23 ET,2026-10-07,0.9083,-3.4133,6.978,none,0,158.91000366210938,0
2026-09-08 06:00:00-04:00,SOXL,121.42,123.3322,121.23,122.95,0,2026-10-08 22:23 JST,2026-10-08 09:23 ET,2026-10-07,0.9083,-3.4133,6.978,none,0,158.91000366210938,0
2026-09-08 07:00:00-04:00,SOXL,122.9,123.0,121.1136,121.8,0,2026-10-08 22:23 JST,2026-10-08 09:23 ET,2026-10-07,0.9083,-3.4133,6.978,none,0,158.91000366210938,0
2026-09-08 08:00:00-04:00,SOXL,121.8,123.49,121.3,123.28,0,2026-10-08 22:23 JST,2026-10-08 09:23 ET,2026-10-07,0.9083,-3.4133,6.978,none,0,158.91000366210938,0
2026-09-08 09:00:00-04:00,SOXL,123.27,125.5,123.18,125.0177,0,2026-10-08 22:23 JST,2026-10-08 09:23 ET,2026-10-07,0.9083,-3.4133,6.978,none,0,158.91000366210938,0
2026-09-08 09:30:00-04:00,SOXL,125.12000274658203,126.69999694824219,121.5999984741211,125.089599609375,24706272,2026-10-08 22:23 JST,2026-10-08 09:23 ET,2026-10-07,0.9083,-3.4133,6.978,none,0,158.91000366210938,0
2026-09-08 10:30:00-04:00,SOXL,125.04000091552734,127.33000183105469,123.75,126.83499908447266,7565496,2026-10-08 22:23 JST,2026-10-08 09:23 ET,2026-10-07,0.9083,-3.4133,6.978,none,0,158.91000366210938,0
2026-09-08 11:30:00-04:00,SOXL,126.85549926757812,127.54000091552734,124.93000030517578,124.96710205078125,4484350,2026-10-08 22:23 JST,2026-10-08 09:23 ET,2026-10-07,0.9083,-3.4133,6.978,none,0,158.91000366210938,0
2026-09-08 12:30:00-04:00,SOXL,124.99500274658203,126.2699966430664,124.06999969482422,125.66500091552734,3661286,2026-10-08 22:23 JST,2026-10-08 09:23 ET,2026-10-07,0.9083,-3.4133,6.978,none,0,158.91000366210938,0
2026-09-08 13:30:00-04:00,SOXL,125.69000244140625,125.87000274658203,124.7300033569336,125.30000305175781,1978421,2026-10-08 22:23 JST,2026-10-08 09:23 ET,2026-10-07,0.9083,-3.4133,6.978,none,0,158.91000366210938,0
2026-09-08 14:30:00-04:00,SOXL,125.30000305175781,125.68000030517578,123.58000183105469,123.86000061035156,3148527,2026-10-08 22:23 JST,2026-10-08 09:23 ET,2026-10-07,0.9083,-3.4133,6.978,none,0,158.91000366210938,0
2026-09-08 15:30:00-04:00,SOXL,123.8499984741211,123.98999786376953,122.25,123.3499984741211,5068997,2026-10-08 22:23 JST,2026-10-08 09:23 ET,2026-10-07,0.9083,-3.4133,6.978,none,0,158.91000366210938,0
2026-09-08 16:00:00-04:00,SOXL,123.35,123.93,123.1203,123.59,0,2026-10-08 22:23 JST,2026-10-08 09:23 ET,2026-10-07,0.9083,-3.4133,6.978,none,0,158.91000366210938,0
2026-09-08 17:00:00-04:00,SOXL,123.5238,123.84,123.41,123.46,0,2026-10-08 22:23 JST,2026-10-08 09:23 ET,2026-10-07,0.9083,-3.4133,6.978,none,0,158.91000366210938,0
2026-09-08 18:00:00-04:00,SOXL,123.42,123.8,123.22,123.79,0,2026-10-08 22:23 JST,2026-10-08 09:23 ET,2026-10-07,0.9083,-3.4133,6.978,none,0,158.91000366210938,0
2026-09-08 19:00:00-04:00,SOXL,123.7549,123.95,122.9,123.04,0,2026-10-08 22:23 JST,2026-10-08 09:23 ET,2026-10-07,0.9083,-3.4133,6.978,none,0,158.91000366210938,0
2026-09-09 04:00:00-04:00,SOXL,125.0,125.89,123.6,125.4,0,2026-10-08 22:23 JST,2026-10-08 09:23 ET,2026-10-07,0.9083,-3.4133,6.978,none,0,158.91000366210938,0
2026-09-09 05:00:00-04:00,SOXL,125.41,125.55,123.27,123.54,0,2026-10-08 22:23 JST,2026-10-08 09:23 ET,2026-10-07,0.9083,-3.4133,6.978,none,0,158.91000366210938,0
2026-09-09 06:00:00-04:00,SOXL,123.53,123.66,118.68,119.66,0,2026-10-08 22:23 JST,2026-10-08 09:23 ET,2026-10-07,0.9083,-3.4133,6.978,none,0,158.91000366210938,0
2026-09-09 07:00:00-04:00,SOXL,119.6,120.33,118.84,119.9,0,2026-10-08 22:23 JST,2026-10-08 09:23 ET,2026-10-07,0.9083,-3.4133,6.978,none,0,158.91000366210938,0
2026-09-09 08:00:00-04:00,SOXL,119.78,120.79,118.225,118.8,0,2026-10-08 22:23 JST,2026-10-08 09:23 ET,2026-10-07,0.9083,-3.4133,6.978,none,0,158.91000366210938,0
2026-09-09 09:00:00-04:00,SOXL,118.72,119.77,118.58,119.59,0,2026-10-08 22:23 JST,2026-10-08 09:23 ET,2026-10-07,0.9083,-3.4133,6.978,none,0,158.91000366210938,0
2026-09-09 09:30:00-04:00,SOXL,121.23999786376953,128.47999572753906,121.23999786376953,127.15499877929688,19020541,2026-10-08 22:23 JST,2026-10-08 09:23 ET,2026-10-07,0.9083,-3.4133,6.978,none,0,158.91000366210938,0
2026-09-09 10:30:00-04:00,SOXL,127.1500015258789,127.44000244140625,122.95999908447266,123.8499984741211,6351286,2026-10-08 22:23 JST,2026-10-08 09:23 ET,2026-10-07,0.9083,-3.4133,6.978,none,0,158.91000366210938,0
2026-09-09 11:30:00-04:00,SOXL,123.87000274658203,126.30989837646484,123.7947006225586,124.52999877929688,3491911,2026-10-08 22:23 JST,2026-10-08 09:23 ET,2026-10-07,0.9083,-3.4133,6.978,none,0,158.91000366210938,0
2026-09-09 12:30:00-04:00,SOXL,124.5,126.5696029663086,124.48999786376953,125.56999969482422,2484467,2026-10-08 22:23 JST,2026-10-08 09:23 ET,2026-10-07,0.9083,-3.4133,6.978,none,0,158.91000366210938,0
2026-09-09 13:30:00-04:00,SOXL,125.58000183105469,126.19999694824219,125.04000091552734,125.5510025024414,1723403,2026-10-08 22:23 JST,2026-10-08 09:23 ET,2026-10-07,0.9083,-3.4133,6.978,none,0,158.91000366210938,0
2026-09-09 14:30:00-04:00,SOXL,125.5999984741211,126.06500244140625,124.7699966430664,125.17500305175781,2419377,2026-10-08 22:23 JST,2026-10-08 09:23 ET,2026-10-07,0.9083,-3.4133,6.978,none,0,158.91000366210938,0
2026-09-09 15:30:00-04:00,SOXL,125.18000030517578,125.9800033569336,125.0,125.90499877929688,3160613,2026-10-08 22:23 JST,2026-10-08 09:23 ET,2026-10-07,0.9083,-3.4133,6.978,none,0,158.91000366210938,0
2026-09-09 16:00:00-04:00,SOXL,125.92,131.0286,125.66,126.07,0,2026-10-08 22:23 JST,2026-10-08 09:23 ET,2026-10-07,0.9083,-3.4133,6.978,none,0,158.91000366210938,0
2026-09-09 17:00:00-04:00,SOXL,126.05,126.12,125.58,125.8,0,2026-10-08 22:23 JST,2026-10-08 09:23 ET,2026-10-07,0.9083,-3.4133,6.978,none,0,158.91000366210938,0
2026-09-09 18:00:00-04:00,SOXL,125.85,125.92,125.19,125.21,0,2026-10-08 22:23 JST,2026-10-08 09:23 ET,2026-10-07,0.9083,-3.4133,6.978,none,0,158.91000366210938,0
2026-09-09 19:00:00-04:00,SOXL,125.21,125.7,125.02,125.621,0,2026-10-08 22:23 JST,2026-10-08 09:23 ET,2026-10-07,0.9083,-3.4133,6.978,none,0,158.91000366210938,0
2026-09-10 04:00:00-04:00,SOXL,124.67,125.72,122.9,123.76,0,2026-10-08 22:23 JST,2026-10-08 09:23 ET,2026-10-07,0.9083,-3.4133,6.978,none,0,158.91000366210938,0
2026-09-10 05:00:00-04:00,SOXL,123.84,124.0,122.66,122.73,0,2026-10-08 22:23 JST,2026-10-08 09:23 ET,2026-10-07,0.9083,-3.4133,6.978,none,0,158.91000366210938,0
2026-09-10 06:00:00-04:00,SOXL,122.66,122.94,121.82,122.5177,0,2026-10-08 22:23 JST,2026-10-08 09:23 ET,2026-10-07,0.9083,-3.4133,6.978,none,0,158.91000366210938,0
2026-09-10 07:00:00-04:00,SOXL,122.35,122.94,120.9,121.19,0,2026-10-08 22:23 JST,2026-10-08 09:23 ET,2026-10-07,0.9083,-3.4133,6.978,none,0,158.91000366210938,0
2026-09-10 08:00:00-04:00,SOXL,121.19,121.76,117.77,118.6,0,2026-10-08 22:23 JST,2026-10-08 09:23 ET,2026-10-07,0.9083,-3.4133,6.978,none,0,158.91000366210938,0
2026-09-10 09:00:00-04:00,SOXL,118.6287,119.24,114.16,114.79,0,2026-10-08 22:23 JST,2026-10-08 09:23 ET,2026-10-07,0.9083,-3.4133,6.978,none,0,158.91000366210938,0
2026-09-10 09:30:00-04:00,SOXL,116.3499984741211,118.13999938964844,113.55480194091797,117.08999633789062,23487002,2026-10-08 22:23 JST,2026-10-08 09:23 ET,2026-10-07,0.9083,-3.4133,6.978,none,0,158.91000366210938,0
2026-09-10 10:30:00-04:00,SOXL,117.08999633789062,119.31999969482422,116.84010314941406,118.55000305175781,6136200,2026-10-08 22:23 JST,2026-10-08 09:23 ET,2026-10-07,0.9083,-3.4133,6.978,none,0,158.91000366210938,0
2026-09-10 11:30:00-04:00,SOXL,118.55480194091797,119.01499938964844,116.45010375976562,116.77999877929688,3577267,2026-10-08 22:23 JST,2026-10-08 09:23 ET,2026-10-07,0.9083,-3.4133,6.978,none,0,158.91000366210938,0
2026-09-10 12:30:00-04:00,SOXL,116.76000213623047,118.80000305175781,115.75,117.62999725341797,3672172,2026-10-08 22:23 JST,2026-10-08 09:23 ET,2026-10-07,0.9083,-3.4133,6.978,none,0,158.91000366210938,0
2026-09-10 13:30:00-04:00,SOXL,117.5999984741211,117.86000061035156,116.7300033569336,117.01000213623047,1841732,2026-10-08 22:23 JST,2026-10-08 09:23 ET,2026-10-07,0.9083,-3.4133,6.978,none,0,158.91000366210938,0
2026-09-10 14:30:00-04:00,SOXL,116.96009826660156,117.66999816894531,116.08000183105469,117.23999786376953,4372102,2026-10-08 22:23 JST,2026-10-08 09:23 ET,2026-10-07,0.9083,-3.4133,6.978,none,0,158.91000366210938,0
2026-09-10 15:30:00-04:00,SOXL,117.2300033569336,117.61000061035156,115.44999694824219,115.67500305175781,7823422,2026-10-08 22:23 JST,2026-10-08 09:23 ET,2026-10-07,0.9083,-3.4133,6.978,none,0,158.91000366210938,0
2026-09-10 16:00:00-04:00,SOXL,115.645,115.91,115.36,115.42,0,2026-10-08 22:23 JST,2026-10-08 09:23 ET,2026-10-07,0.9083,-3.4133,6.978,none,0,158.91000366210938,0
2026-09-10 17:00:00-04:00,SOXL,115.478,116.32,115.34,115.75,0,2026-10-08 22:23 JST,2026-10-08 09:23 ET,2026-10-07,0.9083,-3.4133,6.978,none,0,158.91000366210938,0
2026-09-10 18:00:00-04:00,SOXL,115.73,115.89,114.52,114.65,0,2026-10-08 22:23 JST,2026-10-08 09:23 ET,2026-10-07,0.9083,-3.4133,6.978,none,0,158.91000366210938,0
2026-09-10 19:00:00-04:00,SOXL,114.65,114.95,113.9,113.99,0,2026-10-08 22:23 JST,2026-10-08 09:23 ET,2026-10-07,0.9083,-3.4133,6.978,none,0,158.91000366210938,0
2026-09-11 04:00:00-04:00,SOXL,117.19,118.55,112.76,117.94,0,2026-10-08 22:23 JST,2026-10-08 09:23 ET,2026-10-07,0.9083,-3.4133,6.978,none,0,158.91000366210938,0
2026-09-11 05:00:00-04:00,SOXL,117.99,118.92,117.9,118.31,0,2026-10-08 22:23 JST,2026-10-08 09:23 ET,2026-10-07,0.9083,-3.4133,6.978,none,0,158.91000366210938,0
2026-09-11 06:00:00-04:00,SOXL,118.34,118.83,117.99,118.33,0,2026-10-08 22:23 JST,2026-10-08 09:23 ET,2026-10-07,0.9083,-3.4133,6.978,none,0,158.91000366210938,0
2026-09-11 07:00:00-04:00,SOXL,118.36,118.6707,117.63,118.55,0,2026-10-08 22:23 JST,2026-10-08 09:23 ET,2026-10-07,0.9083,-3.4133,6.978,none,0,158.91000366210938,0
2026-09-11 08:00:00-04:00,SOXL,118.52,120.3,118.26,120.0939,0,2026-10-08 22:23 JST,2026-10-08 09:23 ET,2026-10-07,0.9083,-3.4133,6.978,none,0,158.91000366210938,0
2026-09-11 09:00:00-04:00,SOXL,120.09,122.3799,115.78,121.64,0,2026-10-08 22:23 JST,2026-10-08 09:23 ET,2026-10-07,0.9083,-3.4133,6.978,none,0,158.91000366210938,0
2026-09-11 09:30:00-04:00,SOXL,120.70999908447266,123.19999694824219,117.8656005859375,122.41999816894531,25551735,2026-10-08 22:23 JST,2026-10-08 09:23 ET,2026-10-07,0.9083,-3.4133,6.978,none,0,158.91000366210938,0
2026-09-11 10:30:00-04:00,SOXL,122.41000366210938,124.02179718017578,120.11710357666016,123.86000061035156,6116336,2026-10-08 22:23 JST,2026-10-08 09:23 ET,2026-10-07,0.9083,-3.4133,6.978,none,0,158.91000366210938,0
2026-09-11 11:30:00-04:00,SOXL,123.87999725341797,124.45999908447266,122.11599731445312,122.22000122070312,3569109,2026-10-08 22:23 JST,2026-10-08 09:23 ET,2026-10-07,0.9083,-3.4133,6.978,none,0,158.91000366210938,0
2026-09-11 12:30:00-04:00,SOXL,122.2300033569336,123.95999908447266,121.65010070800781,123.86000061035156,2594682,2026-10-08 22:23 JST,2026-10-08 09:23 ET,2026-10-07,0.9083,-3.4133,6.978,none,0,158.91000366210938,0
2026-09-11 13:30:00-04:00,SOXL,123.875,124.5,123.19000244140625,123.4800033569336,2469736,2026-10-08 22:23 JST,2026-10-08 09:23 ET,2026-10-07,0.9083,-3.4133,6.978,none,0,158.91000366210938,0
2026-09-11 14:30:00-04:00,SOXL,123.50990295410156,123.9000015258789,121.5999984741211,121.76000213623047,3768230,2026-10-08 22:23 JST,2026-10-08 09:23 ET,2026-10-07,0.9083,-3.4133,6.978,none,0,158.91000366210938,0
2026-09-11 15:30:00-04:00,SOXL,121.74500274658203,122.08999633789062,121.30039978027344,121.83999633789062,7477198,2026-10-08 22:23 JST,2026-10-08 09:23 ET,2026-10-07,0.9083,-3.4133,6.978,none,0,158.91000366210938,0
2026-09-11 16:00:00-04:00,SOXL,121.84,121.88,121.45,121.8246,0,2026-10-08 22:23 JST,2026-10-08 09:23 ET,2026-10-07,0.9083,-3.4133,6.978,none,0,158.91000366210938,0
2026-09-11 17:00:00-04:00,SOXL,121.81,121.92,121.6085,121.63,0,2026-10-08 22:23 JST,2026-10-08 09:23 ET,2026-10-07,0.9083,-3.4133,6.978,none,0,158.91000366210938,0
2026-09-11 18:00:00-04:00,SOXL,121.6391,121.88,121.6391,121.78,0,2026-10-08 22:23 JST,2026-10-08 09:23 ET,2026-10-07,0.9083,-3.4133,6.978,none,0,158.91000366210938,0
2026-09-11 19:00:00-04:00,SOXL,121.77,122.2769,121.71,122.2769,0,2026-10-08 22:23 JST,2026-10-08 09:23 ET,2026-10-07,0.9083,-3.4133,6.978,none,0,158.91000366210938,0
2026-09-14 04:00:00-04:00,SOXL,109.0,113.08,105.17,105.17,0,2026-10-08 22:23 JST,2026-10-08 09:23 ET,2026-10-07,0.9083,-3.4133,6.978,none,0,158.91000366210938,0
2026-09-14 05:00:00-04:00,SOXL,105.2,106.19,103.94,104.738,0,2026-10-08 22:23 JST,2026-10-08 09:23 ET,2026-10-07,0.9083,-3.4133,6.978,none,0,158.91000366210938,0
2026-09-14 06:00:00-04:00,SOXL,104.71,105.97,104.5,105.84,0,2026-10-08 22:23 JST,2026-10-08 09:23 ET,2026-10-07,0.9083,-3.4133,6.978,none,0,158.91000366210938,0
2026-09-14 07:00:00-04:00,SOXL,105.8699,106.0,103.75,105.01,0,2026-10-08 22:23 JST,2026-10-08 09:23 ET,2026-10-07,0.9083,-3.4133,6.978,none,0,158.91000366210938,0
2026-09-14 08:00:00-04:00,SOXL,105.02,105.03,101.65,102.2986,0,2026-10-08 22:23 JST,2026-10-08 09:23 ET,2026-10-07,0.9083,-3.4133,6.978,none,0,158.91000366210938,0
2026-09-14 09:00:00-04:00,SOXL,102.29,102.94,100.65,101.95,0,2026-10-08 22:23 JST,2026-10-08 09:23 ET,2026-10-07,0.9083,-3.4133,6.978,none,0,158.91000366210938,0
2026-09-14 09:30:00-04:00,SOXL,101.52999877929688,105.33989715576172,99.87000274658203,103.0999984741211,47268819,2026-10-08 22:23 JST,2026-10-08 09:23 ET,2026-10-07,0.9083,-3.4133,6.978,none,0,158.91000366210938,0
2026-09-14 10:30:00-04:00,SOXL,103.07009887695312,103.55999755859375,100.37999725341797,102.07499694824219,12251560,2026-10-08 22:23 JST,2026-10-08 09:23 ET,2026-10-07,0.9083,-3.4133,6.978,none,0,158.91000366210938,0
2026-09-14 11:30:00-04:00,SOXL,102.05000305175781,104.45999908447266,101.77999877929688,103.23999786376953,8005745,2026-10-08 22:23 JST,2026-10-08 09:23 ET,2026-10-07,0.9083,-3.4133,6.978,none,0,158.91000366210938,0
2026-09-14 12:30:00-04:00,SOXL,103.20999908447266,104.69999694824219,102.70760345458984,103.87999725341797,4645463,2026-10-08 22:23 JST,2026-10-08 09:23 ET,2026-10-07,0.9083,-3.4133,6.978,none,0,158.91000366210938,0
2026-09-14 13:30:00-04:00,SOXL,103.88500213623047,104.7300033569336,103.41999816894531,104.08899688720703,3477364,2026-10-08 22:23 JST,2026-10-08 09:23 ET,2026-10-07,0.9083,-3.4133,6.978,none,0,158.91000366210938,0
2026-09-14 14:30:00-04:00,SOXL,104.08999633789062,105.38999938964844,103.54000091552734,103.56999969482422,6779939,2026-10-08 22:23 JST,2026-10-08 09:23 ET,2026-10-07,0.9083,-3.4133,6.978,none,0,158.91000366210938,0
2026-09-14 15:30:00-04:00,SOXL,103.58499908447266,103.83989715576172,101.0999984741211,101.13500213623047,14334770,2026-10-08 22:23 JST,2026-10-08 09:23 ET,2026-10-07,0.9083,-3.4133,6.978,none,0,158.91000366210938,0
2026-09-14 16:00:00-04:00,SOXL,101.17,102.57,101.04,102.42,0,2026-10-08 22:23 JST,2026-10-08 09:23 ET,2026-10-07,0.9083,-3.4133,6.978,none,0,158.91000366210938,0
2026-09-14 17:00:00-04:00,SOXL,102.38,102.85,102.3,102.77,0,2026-10-08 22:23 JST,2026-10-08 09:23 ET,2026-10-07,0.9083,-3.4133,6.978,none,0,158.91000366210938,0
2026-09-14 18:00:00-04:00,SOXL,102.78,102.88,102.34,102.83,0,2026-10-08 22:23 JST,2026-10-08 09:23 ET,2026-10-07,0.9083,-3.4133,6.978,none,0,158.91000366210938,0
2026-09-14 19:00:00-04:00,SOXL,102.83,103.07,102.5462,102.81,0,2026-10-08 22:23 JST,2026-10-08 09:23 ET,2026-10-07,0.9083,-3.4133,6.978,none,0,158.91000366210938,0
2026-09-15 04:00:00-04:00,SOXL,101.4,102.7,100.01,100.95,0,2026-10-08 22:23 JST,2026-10-08 09:23 ET,2026-10-07,0.9083,-3.4133,6.978,none,0,158.91000366210938,0
2026-09-15 05:00:00-04:00,SOXL,100.8,101.18,100.3,100.83,0,2026-10-08 22:23 JST,2026-10-08 09:23 ET,2026-10-07,0.9083,-3.4133,6.978,none,0,158.91000366210938,0
2026-09-15 06:00:00-04:00,SOXL,100.82,103.08,100.71,103.0,0,2026-10-08 22:23 JST,2026-10-08 09:23 ET,2026-10-07,0.9083,-3.4133,6.978,none,0,158.91000366210938,0
2026-09-15 07:00:00-04:00,SOXL,102.97,104.5,102.63,103.87,0,2026-10-08 22:23 JST,2026-10-08 09:23 ET,2026-10-07,0.9083,-3.4133,6.978,none,0,158.91000366210938,0
2026-09-15 08:00:00-04:00,SOXL,103.8546,104.4294,103.36,104.1276,0,2026-10-08 22:23 JST,2026-10-08 09:23 ET,2026-10-07,0.9083,-3.4133,6.978,none,0,158.91000366210938,0
2026-09-15 09:00:00-04:00,SOXL,104.07,105.13,103.72,104.1163,0,2026-10-08 22:23 JST,2026-10-08 09:23 ET,2026-10-07,0.9083,-3.4133,6.978,none,0,158.91000366210938,0
2026-09-15 09:30:00-04:00,SOXL,104.55000305175781,105.94000244140625,103.11000061035156,104.25,23622118,2026-10-08 22:23 JST,2026-10-08 09:23 ET,2026-10-07,0.9083,-3.4133,6.978,none,0,158.91000366210938,0
2026-09-15 10:30:00-04:00,SOXL,104.22000122070312,104.69000244140625,101.76000213623047,103.24349975585938,10509909,2026-10-08 22:23 JST,2026-10-08 09:23 ET,2026-10-07,0.9083,-3.4133,6.978,none,0,158.91000366210938,0
2026-09-15 11:30:00-04:00,SOXL,103.2300033569336,103.26000213623047,101.10009765625,101.8499984741211,6058893,2026-10-08 22:23 JST,2026-10-08 09:23 ET,2026-10-07,0.9083,-3.4133,6.978,none,0,158.91000366210938,0
2026-09-15 12:30:00-04:00,SOXL,101.84339904785156,102.05000305175781,100.95999908447266,101.67320251464844,3502469,2026-10-08 22:23 JST,2026-10-08 09:23 ET,2026-10-07,0.9083,-3.4133,6.978,none,0,158.91000366210938,0
2026-09-15 13:30:00-04:00,SOXL,101.66999816894531,102.34210205078125,101.08000183105469,102.17500305175781,2962601,2026-10-08 22:23 JST,2026-10-08 09:23 ET,2026-10-07,0.9083,-3.4133,6.978,none,0,158.91000366210938,0
2026-09-15 14:30:00-04:00,SOXL,102.15499877929688,102.31999969482422,101.23999786376953,102.06999969482422,2961599,2026-10-08 22:23 JST,2026-10-08 09:23 ET,2026-10-07,0.9083,-3.4133,6.978,none,0,158.91000366210938,0
2026-09-15 15:30:00-04:00,SOXL,102.06999969482422,102.54000091552734,101.8499984741211,102.33499908447266,4915472,2026-10-08 22:23 JST,2026-10-08 09:23 ET,2026-10-07,0.9083,-3.4133,6.978,none,0,158.91000366210938,0
2026-09-15 16:00:00-04:00,SOXL,102.37,102.86,102.22,102.75,0,2026-10-08 22:23 JST,2026-10-08 09:23 ET,2026-10-07,0.9083,-3.4133,6.978,none,0,158.91000366210938,0
2026-09-15 17:00:00-04:00,SOXL,102.72,102.77,102.45,102.51,0,2026-10-08 22:23 JST,2026-10-08 09:23 ET,2026-10-07,0.9083,-3.4133,6.978,none,0,158.91000366210938,0
2026-09-15 18:00:00-04:00,SOXL,102.505,102.74,102.5,102.64,0,2026-10-08 22:23 JST,2026-10-08 09:23 ET,2026-10-07,0.9083,-3.4133,6.978,none,0,158.91000366210938,0
2026-09-15 19:00:00-04:00,SOXL,102.65,102.69,102.45,102.46,0,2026-10-08 22:23 JST,2026-10-08 09:23 ET,2026-10-07,0.9083,-3.4133,6.978,none,0,158.91000366210938,0
2026-09-16 04:00:00-04:00,SOXL,105.99,107.08,103.513,106.21,0,2026-10-08 22:23 JST,2026-10-08 09:23 ET,2026-10-07,0.9083,-3.4133,6.978,none,0,158.91000366210938,0
2026-09-16 05:00:00-04:00,SOXL,106.2,106.8,105.68,106.49,0,2026-10-08 22:23 JST,2026-10-08 09:23 ET,2026-10-07,0.9083,-3.4133,6.978,none,0,158.91000366210938,0
2026-09-16 06:00:00-04:00,SOXL,106.5,106.96,106.14,106.33,0,2026-10-08 22:23 JST,2026-10-08 09:23 ET,2026-10-07,0.9083,-3.4133,6.978,none,0,158.91000366210938,0
2026-09-16 07:00:00-04:00,SOXL,106.31,106.99,105.8,106.45,0,2026-10-08 22:23 JST,2026-10-08 09:23 ET,2026-10-07,0.9083,-3.4133,6.978,none,0,158.91000366210938,0
2026-09-16 08:00:00-04:00,SOXL,106.4771,107.51,106.3794,107.3,0,2026-10-08 22:23 JST,2026-10-08 09:23 ET,2026-10-07,0.9083,-3.4133,6.978,none,0,158.91000366210938,0
2026-09-16 09:00:00-04:00,SOXL,107.31,107.32,106.27,106.81,0,2026-10-08 22:23 JST,2026-10-08 09:23 ET,2026-10-07,0.9083,-3.4133,6.978,none,0,158.91000366210938,0
2026-09-16 09:30:00-04:00,SOXL,107.44000244140625,108.93000030517578,106.25,108.19000244140625,19965580,2026-10-08 22:23 JST,2026-10-08 09:23 ET,2026-10-07,0.9083,-3.4133,6.978,none,0,158.91000366210938,0
2026-09-16 10:30:00-04:00,SOXL,108.22000122070312,108.9198989868164,107.30999755859375,108.44000244140625,4542989,2026-10-08 22:23 JST,2026-10-08 09:23 ET,2026-10-07,0.9083,-3.4133,6.978,none,0,158.91000366210938,0
2026-09-16 11:30:00-04:00,SOXL,108.44000244140625,109.31999969482422,107.9000015258789,108.16999816894531,3128253,2026-10-08 22:23 JST,2026-10-08 09:23 ET,2026-10-07,0.9083,-3.4133,6.978,none,0,158.91000366210938,0
2026-09-16 12:30:00-04:00,SOXL,108.17500305175781,108.2699966430664,107.0199966430664,107.16000366210938,2917652,2026-10-08 22:23 JST,2026-10-08 09:23 ET,2026-10-07,0.9083,-3.4133,6.978,none,0,158.91000366210938,0
2026-09-16 13:30:00-04:00,SOXL,107.18000030517578,109.04000091552734,105.73999786376953,106.77629852294922,8633530,2026-10-08 22:23 JST,2026-10-08 09:23 ET,2026-10-07,0.9083,-3.4133,6.978,none,0,158.91000366210938,0
2026-09-16 14:30:00-04:00,SOXL,106.7699966430664,107.12999725341797,101.05999755859375,102.38999938964844,17518361,2026-10-08 22:23 JST,2026-10-08 09:23 ET,2026-10-07,0.9083,-3.4133,6.978,none,0,158.91000366210938,0
2026-09-16 15:30:00-04:00,SOXL,102.37999725341797,104.22000122070312,102.22000122070312,104.08000183105469,13460003,2026-10-08 22:23 JST,2026-10-08 09:23 ET,2026-10-07,0.9083,-3.4133,6.978,none,0,158.91000366210938,0
2026-09-16 16:00:00-04:00,SOXL,104.04,104.6,103.75,104.4,0,2026-10-08 22:23 JST,2026-10-08 09:23 ET,2026-10-07,0.9083,-3.4133,6.978,none,0,158.91000366210938,0
2026-09-16 17:00:00-04:00,SOXL,104.4153,105.01,104.1,104.8554,0,2026-10-08 22:23 JST,2026-10-08 09:23 ET,2026-10-07,0.9083,-3.4133,6.978,none,0,158.91000366210938,0
2026-09-16 18:00:00-04:00,SOXL,104.86,106.88,104.43,106.15,0,2026-10-08 22:23 JST,2026-10-08 09:23 ET,2026-10-07,0.9083,-3.4133,6.978,none,0,158.91000366210938,0
2026-09-16 19:00:00-04:00,SOXL,106.14,107.92,106.13,107.5038,0,2026-10-08 22:23 JST,2026-10-08 09:23 ET,2026-10-07,0.9083,-3.4133,6.978,none,0,158.91000366210938,0
2026-09-17 04:00:00-04:00,SOXL,107.88,108.74,105.91,108.7,0,2026-10-08 22:23 JST,2026-10-08 09:23 ET,2026-10-07,0.9083,-3.4133,6.978,none,0,158.91000366210938,0
2026-09-17 05:00:00-04:00,SOXL,108.6858,110.2179,108.39,109.69,0,2026-10-08 22:23 JST,2026-10-08 09:23 ET,2026-10-07,0.9083,-3.4133,6.978,none,0,158.91000366210938,0
2026-09-17 06:00:00-04:00,SOXL,109.6863,110.639,109.59,110.4418,0,2026-10-08 22:23 JST,2026-10-08 09:23 ET,2026-10-07,0.9083,-3.4133,6.978,none,0,158.91000366210938,0
2026-09-17 07:00:00-04:00,SOXL,110.46,111.08,110.03,110.57,0,2026-10-08 22:23 JST,2026-10-08 09:23 ET,2026-10-07,0.9083,-3.4133,6.978,none,0,158.91000366210938,0
2026-09-17 08:00:00-04:00,SOXL,110.59,113.39,110.36,113.31,0,2026-10-08 22:23 JST,2026-10-08 09:23 ET,2026-10-07,0.9083,-3.4133,6.978,none,0,158.91000366210938,0
2026-09-17 09:00:00-04:00,SOXL,113.3,114.68,113.17,114.63,0,2026-10-08 22:23 JST,2026-10-08 09:23 ET,2026-10-07,0.9083,-3.4133,6.978,none,0,158.91000366210938,0
2026-09-17 09:30:00-04:00,SOXL,113.33000183105469,115.4800033569336,112.01010131835938,113.8499984741211,26282348,2026-10-08 22:23 JST,2026-10-08 09:23 ET,2026-10-07,0.9083,-3.4133,6.978,none,0,158.91000366210938,0
2026-09-17 10:30:00-04:00,SOXL,113.87999725341797,114.55729675292969,113.27999877929688,114.11579895019531,7031216,2026-10-08 22:23 JST,2026-10-08 09:23 ET,2026-10-07,0.9083,-3.4133,6.978,none,0,158.91000366210938,0
2026-09-17 11:30:00-04:00,SOXL,114.12000274658203,114.97000122070312,113.87999725341797,114.94499969482422,3463156,2026-10-08 22:23 JST,2026-10-08 09:23 ET,2026-10-07,0.9083,-3.4133,6.978,none,0,158.91000366210938,0
2026-09-17 12:30:00-04:00,SOXL,114.94999694824219,115.45999908447266,114.47000122070312,115.1500015258789,3321908,2026-10-08 22:23 JST,2026-10-08 09:23 ET,2026-10-07,0.9083,-3.4133,6.978,none,0,158.91000366210938,0
2026-09-17 13:30:00-04:00,SOXL,115.1500015258789,115.28500366210938,114.87010192871094,115.05000305175781,1885997,2026-10-08 22:23 JST,2026-10-08 09:23 ET,2026-10-07,0.9083,-3.4133,6.978,none,0,158.91000366210938,0
2026-09-17 14:30:00-04:00,SOXL,115.05000305175781,115.29000091552734,114.58000183105469,114.6500015258789,5062598,2026-10-08 22:23 JST,2026-10-08 09:23 ET,2026-10-07,0.9083,-3.4133,6.978,none,0,158.91000366210938,0
2026-09-17 15:30:00-04:00,SOXL,114.66000366210938,115.33999633789062,114.5999984741211,114.69999694824219,6471343,2026-10-08 22:23 JST,2026-10-08 09:23 ET,2026-10-07,0.9083,-3.4133,6.978,none,0,158.91000366210938,0
2026-09-17 16:00:00-04:00,SOXL,114.74,114.91,114.32,114.7,0,2026-10-08 22:23 JST,2026-10-08 09:23 ET,2026-10-07,0.9083,-3.4133,6.978,none,0,158.91000366210938,0
2026-09-17 17:00:00-04:00,SOXL,114.67,123.0351,114.67,114.98,0,2026-10-08 22:23 JST,2026-10-08 09:23 ET,2026-10-07,0.9083,-3.4133,6.978,none,0,158.91000366210938,0
2026-09-17 18:00:00-04:00,SOXL,114.96,115.0,113.83,114.21,0,2026-10-08 22:23 JST,2026-10-08 09:23 ET,2026-10-07,0.9083,-3.4133,6.978,none,0,158.91000366210938,0
2026-09-17 19:00:00-04:00,SOXL,114.2062,114.5,114.01,114.3,0,2026-10-08 22:23 JST,2026-10-08 09:23 ET,2026-10-07,0.9083,-3.4133,6.978,none,0,158.91000366210938,0
2026-09-18 04:00:00-04:00,SOXL,118.63,119.9,114.78,118.501,0,2026-10-08 22:23 JST,2026-10-08 09:23 ET,2026-10-07,0.9083,-3.4133,6.978,none,0,158.91000366210938,0
2026-09-18 05:00:00-04:00,SOXL,118.51,118.9782,117.8,118.15,0,2026-10-08 22:23 JST,2026-10-08 09:23 ET,2026-10-07,0.9083,-3.4133,6.978,none,0,158.91000366210938,0
2026-09-18 06:00:00-04:00,SOXL,118.18,118.7479,117.21,118.67,0,2026-10-08 22:23 JST,2026-10-08 09:23 ET,2026-10-07,0.9083,-3.4133,6.978,none,0,158.91000366210938,0
2026-09-18 07:00:00-04:00,SOXL,118.6714,118.8,116.11,116.1461,0,2026-10-08 22:23 JST,2026-10-08 09:23 ET,2026-10-07,0.9083,-3.4133,6.978,none,0,158.91000366210938,0
2026-09-18 08:00:00-04:00,SOXL,116.11,116.87,115.21,115.45,0,2026-10-08 22:23 JST,2026-10-08 09:23 ET,2026-10-07,0.9083,-3.4133,6.978,none,0,158.91000366210938,0
2026-09-18 09:00:00-04:00,SOXL,115.5,115.94,114.91,115.57,0,2026-10-08 22:23 JST,2026-10-08 09:23 ET,2026-10-07,0.9083,-3.4133,6.978,none,0,158.91000366210938,0
2026-09-18 09:30:00-04:00,SOXL,117.02999877929688,119.70880126953125,116.88999938964844,118.5999984741211,19074323,2026-10-08 22:23 JST,2026-10-08 09:23 ET,2026-10-07,0.9083,-3.4133,6.978,none,0,158.91000366210938,0
2026-09-18 10:30:00-04:00,SOXL,118.6500015258789,118.93000030517578,117.75,118.64659881591797,4111616,2026-10-08 22:23 JST,2026-10-08 09:23 ET,2026-10-07,0.9083,-3.4133,6.978,none,0,158.91000366210938,0
2026-09-18 11:30:00-04:00,SOXL,118.62000274658203,118.77999877929688,116.68000030517578,117.1500015258789,3792382,2026-10-08 22:23 JST,2026-10-08 09:23 ET,2026-10-07,0.9083,-3.4133,6.978,none,0,158.91000366210938,0
2026-09-18 12:30:00-04:00,SOXL,117.19000244140625,118.16000366210938,117.04000091552734,118.08999633789062,2627114,2026-10-08 22:23 JST,2026-10-08 09:23 ET,2026-10-07,0.9083,-3.4133,6.978,none,0,158.91000366210938,0
2026-09-18 13:30:00-04:00,SOXL,118.08000183105469,118.44210052490234,117.7301025390625,117.98999786376953,1753638,2026-10-08 22:23 JST,2026-10-08 09:23 ET,2026-10-07,0.9083,-3.4133,6.978,none,0,158.91000366210938,0
2026-09-18 14:30:00-04:00,SOXL,118.0,119.30000305175781,117.69000244140625,119.08999633789062,3103222,2026-10-08 22:23 JST,2026-10-08 09:23 ET,2026-10-07,0.9083,-3.4133,6.978,none,0,158.91000366210938,0
2026-09-18 15:30:00-04:00,SOXL,119.08999633789062,123.9000015258789,118.6500015258789,123.7699966430664,7337344,2026-10-08 22:23 JST,2026-10-08 09:23 ET,2026-10-07,0.9083,-3.4133,6.978,none,0,158.91000366210938,0
2026-09-18 16:00:00-04:00,SOXL,123.7,124.3903,123.17,123.6,0,2026-10-08 22:23 JST,2026-10-08 09:23 ET,2026-10-07,0.9083,-3.4133,6.978,none,0,158.91000366210938,0
2026-09-18 17:00:00-04:00,SOXL,123.61,123.7097,123.2,123.4667,0,2026-10-08 22:23 JST,2026-10-08 09:23 ET,2026-10-07,0.9083,-3.4133,6.978,none,0,158.91000366210938,0
2026-09-18 18:00:00-04:00,SOXL,123.46,123.56,122.26,122.57,0,2026-10-08 22:23 JST,2026-10-08 09:23 ET,2026-10-07,0.9083,-3.4133,6.978,none,0,158.91000366210938,0
2026-09-18 19:00:00-04:00,SOXL,122.5605,123.1,122.41,123.0985,0,2026-10-08 22:23 JST,2026-10-08 09:23 ET,2026-10-07,0.9083,-3.4133,6.978,none,0,158.91000366210938,0
2026-09-21 04:00:00-04:00,SOXL,129.43,131.4033,126.93,131.0,0,2026-10-08 22:23 JST,2026-10-08 09:23 ET,2026-10-07,0.9083,-3.4133,6.978,none,0,158.91000366210938,0
2026-09-21 05:00:00-04:00,SOXL,130.98,132.95,130.96,132.72,0,2026-10-08 22:23 JST,2026-10-08 09:23 ET,2026-10-07,0.9083,-3.4133,6.978,none,0,158.91000366210938,0
2026-09-21 06:00:00-04:00,SOXL,132.65,133.0,131.91,132.18,0,2026-10-08 22:23 JST,2026-10-08 09:23 ET,2026-10-07,0.9083,-3.4133,6.978,none,0,158.91000366210938,0
2026-09-21 07:00:00-04:00,SOXL,132.24,133.0,130.93,131.549,0,2026-10-08 22:23 JST,2026-10-08 09:23 ET,2026-10-07,0.9083,-3.4133,6.978,none,0,158.91000366210938,0
2026-09-21 08:00:00-04:00,SOXL,131.48,133.42,131.17,132.16,0,2026-10-08 22:23 JST,2026-10-08 09:23 ET,2026-10-07,0.9083,-3.4133,6.978,none,0,158.91000366210938,0
2026-09-21 09:00:00-04:00,SOXL,132.1773,133.24,132.01,132.09,0,2026-10-08 22:23 JST,2026-10-08 09:23 ET,2026-10-07,0.9083,-3.4133,6.978,none,0,158.91000366210938,0
2026-09-21 09:30:00-04:00,SOXL,132.06500244140625,136.5800018310547,129.6199951171875,136.44000244140625,23433832,2026-10-08 22:23 JST,2026-10-08 09:23 ET,2026-10-07,0.9083,-3.4133,6.978,none,0,158.91000366210938,0
2026-09-21 10:30:00-04:00,SOXL,136.47000122070312,139.60000610351562,135.71090698242188,139.57000732421875,8276954,2026-10-08 22:23 JST,2026-10-08 09:23 ET,2026-10-07,0.9083,-3.4133,6.978,none,0,158.91000366210938,0
2026-09-21 11:30:00-04:00,SOXL,139.58999633789062,139.9499969482422,138.47500610351562,139.8000030517578,5631342,2026-10-08 22:23 JST,2026-10-08 09:23 ET,2026-10-07,0.9083,-3.4133,6.978,none,0,158.91000366210938,0
2026-09-21 12:30:00-04:00,SOXL,139.80999755859375,140.42010498046875,138.7303009033203,139.2552032470703,4559972,2026-10-08 22:23 JST,2026-10-08 09:23 ET,2026-10-07,0.9083,-3.4133,6.978,none,0,158.91000366210938,0
2026-09-21 13:30:00-04:00,SOXL,139.25,141.0500030517578,139.1699981689453,140.860107421875,3599020,2026-10-08 22:23 JST,2026-10-08 09:23 ET,2026-10-07,0.9083,-3.4133,6.978,none,0,158.91000366210938,0
2026-09-21 14:30:00-04:00,SOXL,140.8699951171875,142.58999633789062,140.5,141.8699951171875,5772261,2026-10-08 22:23 JST,2026-10-08 09:23 ET,2026-10-07,0.9083,-3.4133,6.978,none,0,158.91000366210938,0
2026-09-21 15:30:00-04:00,SOXL,141.8699951171875,144.0,141.8000030517578,142.03990173339844,6828720,2026-10-08 22:23 JST,2026-10-08 09:23 ET,2026-10-07,0.9083,-3.4133,6.978,none,0,158.91000366210938,0
2026-09-21 16:00:00-04:00,SOXL,141.93,142.1201,141.13,141.74,0,2026-10-08 22:23 JST,2026-10-08 09:23 ET,2026-10-07,0.9083,-3.4133,6.978,none,0,158.91000366210938,0
2026-09-21 17:00:00-04:00,SOXL,141.66,142.3,141.5302,142.04,0,2026-10-08 22:23 JST,2026-10-08 09:23 ET,2026-10-07,0.9083,-3.4133,6.978,none,0,158.91000366210938,0
2026-09-21 18:00:00-04:00,SOXL,142.07,143.5,142.05,143.361,0,2026-10-08 22:23 JST,2026-10-08 09:23 ET,2026-10-07,0.9083,-3.4133,6.978,none,0,158.91000366210938,0
2026-09-21 19:00:00-04:00,SOXL,143.4,144.8,143.4,144.6999,0,2026-10-08 22:23 JST,2026-10-08 09:23 ET,2026-10-07,0.9083,-3.4133,6.978,none,0,158.91000366210938,0
2026-09-22 04:00:00-04:00,SOXL,138.75,144.55,135.46,135.6,0,2026-10-08 22:23 JST,2026-10-08 09:23 ET,2026-10-07,0.9083,-3.4133,6.978,none,0,158.91000366210938,0
2026-09-22 05:00:00-04:00,SOXL,135.51,139.57,135.3,138.75,0,2026-10-08 22:23 JST,2026-10-08 09:23 ET,2026-10-07,0.9083,-3.4133,6.978,none,0,158.91000366210938,0
2026-09-22 06:00:00-04:00,SOXL,138.76,142.42,138.35,141.0,0,2026-10-08 22:23 JST,2026-10-08 09:23 ET,2026-10-07,0.9083,-3.4133,6.978,none,0,158.91000366210938,0
2026-09-22 07:00:00-04:00,SOXL,140.97,141.6345,138.57,138.57,0,2026-10-08 22:23 JST,2026-10-08 09:23 ET,2026-10-07,0.9083,-3.4133,6.978,none,0,158.91000366210938,0
2026-09-22 08:00:00-04:00,SOXL,138.6,139.55,136.56,137.71,0,2026-10-08 22:23 JST,2026-10-08 09:23 ET,2026-10-07,0.9083,-3.4133,6.978,none,0,158.91000366210938,0
2026-09-22 09:00:00-04:00,SOXL,137.7,137.9,136.26,136.26,0,2026-10-08 22:23 JST,2026-10-08 09:23 ET,2026-10-07,0.9083,-3.4133,6.978,none,0,158.91000366210938,0
2026-09-22 09:30:00-04:00,SOXL,137.6699981689453,147.55999755859375,137.4600067138672,147.32980346679688,27757040,2026-10-08 22:23 JST,2026-10-08 09:23 ET,2026-10-07,0.9083,-3.4133,6.978,none,0,158.91000366210938,0
2026-09-22 10:30:00-04:00,SOXL,147.3300018310547,148.7050018310547,144.17999267578125,146.36000061035156,10064940,2026-10-08 22:23 JST,2026-10-08 09:23 ET,2026-10-07,0.9083,-3.4133,6.978,none,0,158.91000366210938,0
2026-09-22 11:30:00-04:00,SOXL,146.34500122070312,148.3300018310547,146.1699981689453,146.5500030517578,5403849,2026-10-08 22:23 JST,2026-10-08 09:23 ET,2026-10-07,0.9083,-3.4133,6.978,none,0,158.91000366210938,0
2026-09-22 12:30:00-04:00,SOXL,146.58999633789062,148.83999633789062,146.58999633789062,148.27999877929688,4106988,2026-10-08 22:23 JST,2026-10-08 09:23 ET,2026-10-07,0.9083,-3.4133,6.978,none,0,158.91000366210938,0
2026-09-22 13:30:00-04:00,SOXL,148.2899932861328,149.9199981689453,147.6699981689453,149.83999633789062,5135523,2026-10-08 22:23 JST,2026-10-08 09:23 ET,2026-10-07,0.9083,-3.4133,6.978,none,0,158.91000366210938,0
2026-09-22 14:30:00-04:00,SOXL,149.82000732421875,150.52000427246094,149.00999450683594,150.17999267578125,5181482,2026-10-08 22:23 JST,2026-10-08 09:23 ET,2026-10-07,0.9083,-3.4133,6.978,none,0,158.91000366210938,0
2026-09-22 15:30:00-04:00,SOXL,150.1699981689453,152.63999938964844,150.1300048828125,151.9600067138672,6061220,2026-10-08 22:23 JST,2026-10-08 09:23 ET,2026-10-07,0.9083,-3.4133,6.978,none,0,158.91000366210938,0
2026-09-22 16:00:00-04:00,SOXL,151.95,151.95,150.471,150.7,0,2026-10-08 22:23 JST,2026-10-08 09:23 ET,2026-10-07,0.9083,-3.4133,6.978,none,0,158.91000366210938,0
2026-09-22 17:00:00-04:00,SOXL,150.7,150.83,150.38,150.39,0,2026-10-08 22:23 JST,2026-10-08 09:23 ET,2026-10-07,0.9083,-3.4133,6.978,none,0,158.91000366210938,0
2026-09-22 18:00:00-04:00,SOXL,150.42,152.45,150.38,151.8688,0,2026-10-08 22:23 JST,2026-10-08 09:23 ET,2026-10-07,0.9083,-3.4133,6.978,none,0,158.91000366210938,0
2026-09-22 19:00:00-04:00,SOXL,151.95,152.78,151.8,152.7,0,2026-10-08 22:23 JST,2026-10-08 09:23 ET,2026-10-07,0.9083,-3.4133,6.978,none,0,158.91000366210938,0
2026-09-23 04:00:00-04:00,SOXL,149.68,152.0,148.6,149.98,0,2026-10-08 22:23 JST,2026-10-08 09:23 ET,2026-10-07,0.9083,-3.4133,6.978,none,0,158.91000366210938,0
2026-09-23 05:00:00-04:00,SOXL,149.8,150.03,148.5,149.59,0,2026-10-08 22:23 JST,2026-10-08 09:23 ET,2026-10-07,0.9083,-3.4133,6.978,none,0,158.91000366210938,0
2026-09-23 06:00:00-04:00,SOXL,149.6,149.8,148.56,149.11,0,2026-10-08 22:23 JST,2026-10-08 09:23 ET,2026-10-07,0.9083,-3.4133,6.978,none,0,158.91000366210938,0
2026-09-23 07:00:00-04:00,SOXL,149.14,149.26,146.15,146.15,0,2026-10-08 22:23 JST,2026-10-08 09:23 ET,2026-10-07,0.9083,-3.4133,6.978,none,0,158.91000366210938,0
2026-09-23 08:00:00-04:00,SOXL,146.15,146.59,145.03,146.03,0,2026-10-08 22:23 JST,2026-10-08 09:23 ET,2026-10-07,0.9083,-3.4133,6.978,none,0,158.91000366210938,0
2026-09-23 09:00:00-04:00,SOXL,146.131,147.4196,146.05,146.9423,0,2026-10-08 22:23 JST,2026-10-08 09:23 ET,2026-10-07,0.9083,-3.4133,6.978,none,0,158.91000366210938,0
2026-09-23 09:30:00-04:00,SOXL,149.88999938964844,151.0,139.5800018310547,140.95309448242188,24297885,2026-10-08 22:23 JST,2026-10-08 09:23 ET,2026-10-07,0.9083,-3.4133,6.978,none,0,158.91000366210938,0
2026-09-23 10:30:00-04:00,SOXL,140.93499755859375,146.3000030517578,139.92999267578125,145.27999877929688,9353429,2026-10-08 22:23 JST,2026-10-08 09:23 ET,2026-10-07,0.9083,-3.4133,6.978,none,0,158.91000366210938,0
2026-09-23 11:30:00-04:00,SOXL,145.27499389648438,145.47999572753906,142.6199951171875,142.95399475097656,4654690,2026-10-08 22:23 JST,2026-10-08 09:23 ET,2026-10-07,0.9083,-3.4133,6.978,none,0,158.91000366210938,0
2026-09-23 12:30:00-04:00,SOXL,142.9499969482422,143.8800048828125,140.58009338378906,142.3000030517578,4619720,2026-10-08 22:23 JST,2026-10-08 09:23 ET,2026-10-07,0.9083,-3.4133,6.978,none,0,158.91000366210938,0
2026-09-23 13:30:00-04:00,SOXL,142.26499938964844,145.5258026123047,142.0500030517578,145.1999969482422,4604656,2026-10-08 22:23 JST,2026-10-08 09:23 ET,2026-10-07,0.9083,-3.4133,6.978,none,0,158.91000366210938,0
2026-09-23 14:30:00-04:00,SOXL,145.17999267578125,145.9199981689453,144.44000244140625,145.02000427246094,3956075,2026-10-08 22:23 JST,2026-10-08 09:23 ET,2026-10-07,0.9083,-3.4133,6.978,none,0,158.91000366210938,0
2026-09-23 15:30:00-04:00,SOXL,145.0791015625,146.4600067138672,144.6199951171875,146.32000732421875,7915570,2026-10-08 22:23 JST,2026-10-08 09:23 ET,2026-10-07,0.9083,-3.4133,6.978,none,0,158.91000366210938,0
2026-09-23 16:00:00-04:00,SOXL,146.2401,146.72,145.82,146.1,0,2026-10-08 22:23 JST,2026-10-08 09:23 ET,2026-10-07,0.9083,-3.4133,6.978,none,0,158.91000366210938,0
2026-09-23 17:00:00-04:00,SOXL,146.05,146.1085,145.7,145.96,0,2026-10-08 22:23 JST,2026-10-08 09:23 ET,2026-10-07,0.9083,-3.4133,6.978,none,0,158.91000366210938,0
2026-09-23 18:00:00-04:00,SOXL,145.99,147.12,145.74,146.2227,0,2026-10-08 22:23 JST,2026-10-08 09:23 ET,2026-10-07,0.9083,-3.4133,6.978,none,0,158.91000366210938,0
2026-09-23 19:00:00-04:00,SOXL,146.21,146.5,145.7,145.73,0,2026-10-08 22:23 JST,2026-10-08 09:23 ET,2026-10-07,0.9083,-3.4133,6.978,none,0,158.91000366210938,0
2026-09-24 04:00:00-04:00,SOXL,141.67,145.35,138.38,138.6,0,2026-10-08 22:23 JST,2026-10-08 09:23 ET,2026-10-07,0.9083,-3.4133,6.978,none,0,158.91000366210938,0
2026-09-24 05:00:00-04:00,SOXL,138.63,139.28,135.75,136.83,0,2026-10-08 22:23 JST,2026-10-08 09:23 ET,2026-10-07,0.9083,-3.4133,6.978,none,0,158.91000366210938,0
2026-09-24 06:00:00-04:00,SOXL,136.83,137.0,135.06,136.5,0,2026-10-08 22:23 JST,2026-10-08 09:23 ET,2026-10-07,0.9083,-3.4133,6.978,none,0,158.91000366210938,0
2026-09-24 07:00:00-04:00,SOXL,136.49,139.08,136.3,138.078,0,2026-10-08 22:23 JST,2026-10-08 09:23 ET,2026-10-07,0.9083,-3.4133,6.978,none,0,158.91000366210938,0
2026-09-24 08:00:00-04:00,SOXL,138.06,139.2,136.5,137.36,0,2026-10-08 22:23 JST,2026-10-08 09:23 ET,2026-10-07,0.9083,-3.4133,6.978,none,0,158.91000366210938,0
2026-09-24 09:00:00-04:00,SOXL,137.4,137.85,135.75,137.26,0,2026-10-08 22:23 JST,2026-10-08 09:23 ET,2026-10-07,0.9083,-3.4133,6.978,none,0,158.91000366210938,0
2026-09-24 09:30:00-04:00,SOXL,138.47000122070312,143.47500610351562,136.89999389648438,141.1699981689453,23792190,2026-10-08 22:23 JST,2026-10-08 09:23 ET,2026-10-07,0.9083,-3.4133,6.978,none,0,158.91000366210938,0
2026-09-24 10:30:00-04:00,SOXL,141.1199951171875,141.75,138.0500030517578,138.7899932861328,6690959,2026-10-08 22:23 JST,2026-10-08 09:23 ET,2026-10-07,0.9083,-3.4133,6.978,none,0,158.91000366210938,0
2026-09-24 11:30:00-04:00,SOXL,138.8000030517578,144.1699981689453,138.47999572753906,142.97500610351562,8353035,2026-10-08 22:23 JST,2026-10-08 09:23 ET,2026-10-07,0.9083,-3.4133,6.978,none,0,158.91000366210938,0
2026-09-24 12:30:00-04:00,SOXL,142.9600067138672,147.1999969482422,142.4499969482422,144.63690185546875,8140926,2026-10-08 22:23 JST,2026-10-08 09:23 ET,2026-10-07,0.9083,-3.4133,6.978,none,0,158.91000366210938,0
2026-09-24 13:30:00-04:00,SOXL,144.61000061035156,145.1999969482422,141.50999450683594,144.58999633789062,4739530,2026-10-08 22:23 JST,2026-10-08 09:23 ET,2026-10-07,0.9083,-3.4133,6.978,none,0,158.91000366210938,0
2026-09-24 14:30:00-04:00,SOXL,144.61160278320312,146.38999938964844,143.75,145.35000610351562,4488695,2026-10-08 22:23 JST,2026-10-08 09:23 ET,2026-10-07,0.9083,-3.4133,6.978,none,0,158.91000366210938,0
2026-09-24 15:30:00-04:00,SOXL,145.3699951171875,146.52000427246094,145.2899932861328,146.24000549316406,7088706,2026-10-08 22:23 JST,2026-10-08 09:23 ET,2026-10-07,0.9083,-3.4133,6.978,none,0,158.91000366210938,0
2026-09-24 16:00:00-04:00,SOXL,146.22,146.33,144.76,145.78,0,2026-10-08 22:23 JST,2026-10-08 09:23 ET,2026-10-07,0.9083,-3.4133,6.978,none,0,158.91000366210938,0
2026-09-24 17:00:00-04:00,SOXL,145.74,145.9,145.16,145.61,0,2026-10-08 22:23 JST,2026-10-08 09:23 ET,2026-10-07,0.9083,-3.4133,6.978,none,0,158.91000366210938,0
2026-09-24 18:00:00-04:00,SOXL,145.63,146.0,145.21,145.93,0,2026-10-08 22:23 JST,2026-10-08 09:23 ET,2026-10-07,0.9083,-3.4133,6.978,none,0,158.91000366210938,0
2026-09-24 19:00:00-04:00,SOXL,145.94,146.1,145.13,145.17,0,2026-10-08 22:23 JST,2026-10-08 09:23 ET,2026-10-07,0.9083,-3.4133,6.978,none,0,158.91000366210938,0
2026-09-25 04:00:00-04:00,SOXL,151.2,153.35,148.51,153.2955,0,2026-10-08 22:23 JST,2026-10-08 09:23 ET,2026-10-07,0.9083,-3.4133,6.978,none,0,158.91000366210938,0
2026-09-25 05:00:00-04:00,SOXL,153.29,154.0,152.7586,153.0641,0,2026-10-08 22:23 JST,2026-10-08 09:23 ET,2026-10-07,0.9083,-3.4133,6.978,none,0,158.91000366210938,0
2026-09-25 06:00:00-04:00,SOXL,153.06,153.473,151.98,152.4513,0,2026-10-08 22:23 JST,2026-10-08 09:23 ET,2026-10-07,0.9083,-3.4133,6.978,none,0,158.91000366210938,0
2026-09-25 07:00:00-04:00,SOXL,152.51,153.73,151.3,153.3478,0,2026-10-08 22:23 JST,2026-10-08 09:23 ET,2026-10-07,0.9083,-3.4133,6.978,none,0,158.91000366210938,0
2026-09-25 08:00:00-04:00,SOXL,153.3682,153.7658,152.11,152.265,0,2026-10-08 22:23 JST,2026-10-08 09:23 ET,2026-10-07,0.9083,-3.4133,6.978,none,0,158.91000366210938,0
2026-09-25 09:00:00-04:00,SOXL,152.291,152.4,150.62,152.24,0,2026-10-08 22:23 JST,2026-10-08 09:23 ET,2026-10-07,0.9083,-3.4133,6.978,none,0,158.91000366210938,0
2026-09-25 09:30:00-04:00,SOXL,149.24000549316406,153.08999633789062,147.38999938964844,148.25,21869787,2026-10-08 22:23 JST,2026-10-08 09:23 ET,2026-10-07,0.9083,-3.4133,6.978,none,0,158.91000366210938,0
2026-09-25 10:30:00-04:00,SOXL,148.3000030517578,152.0800018310547,147.8800048828125,150.38600158691406,6850872,2026-10-08 22:23 JST,2026-10-08 09:23 ET,2026-10-07,0.9083,-3.4133,6.978,none,0,158.91000366210938,0
2026-09-25 11:30:00-04:00,SOXL,150.3699951171875,153.89999389648438,148.64999389648438,153.093505859375,8600865,2026-10-08 22:23 JST,2026-10-08 09:23 ET,2026-10-07,0.9083,-3.4133,6.978,none,0,158.91000366210938,0
2026-09-25 12:30:00-04:00,SOXL,153.08770751953125,153.46499633789062,151.9499969482422,152.7050018310547,3960998,2026-10-08 22:23 JST,2026-10-08 09:23 ET,2026-10-07,0.9083,-3.4133,6.978,none,0,158.91000366210938,0
2026-09-25 13:30:00-04:00,SOXL,152.72000122070312,152.9600067138672,151.8699951171875,152.2899932861328,2710277,2026-10-08 22:23 JST,2026-10-08 09:23 ET,2026-10-07,0.9083,-3.4133,6.978,none,0,158.91000366210938,0
2026-09-25 14:30:00-04:00,SOXL,152.30999755859375,152.61000061035156,151.27520751953125,152.1094970703125,3344660,2026-10-08 22:23 JST,2026-10-08 09:23 ET,2026-10-07,0.9083,-3.4133,6.978,none,0,158.91000366210938,0
2026-09-25 15:30:00-04:00,SOXL,152.08999633789062,152.77000427246094,150.64999389648438,151.35000610351562,7092076,2026-10-08 22:23 JST,2026-10-08 09:23 ET,2026-10-07,0.9083,-3.4133,6.978,none,0,158.91000366210938,0
2026-09-25 16:00:00-04:00,SOXL,151.47,151.67,150.9,151.62,0,2026-10-08 22:23 JST,2026-10-08 09:23 ET,2026-10-07,0.9083,-3.4133,6.978,none,0,158.91000366210938,0
2026-09-25 17:00:00-04:00,SOXL,151.64,152.5,151.3493,151.7,0,2026-10-08 22:23 JST,2026-10-08 09:23 ET,2026-10-07,0.9083,-3.4133,6.978,none,0,158.91000366210938,0
2026-09-25 18:00:00-04:00,SOXL,151.75,151.91,151.5501,151.81,0,2026-10-08 22:23 JST,2026-10-08 09:23 ET,2026-10-07,0.9083,-3.4133,6.978,none,0,158.91000366210938,0
2026-09-25 19:00:00-04:00,SOXL,151.81,152.17,151.67,151.75,0,2026-10-08 22:23 JST,2026-10-08 09:23 ET,2026-10-07,0.9083,-3.4133,6.978,none,0,158.91000366210938,0
2026-09-28 04:00:00-04:00,SOXL,141.44,144.74,140.1038,141.44,0,2026-10-08 22:23 JST,2026-10-08 09:23 ET,2026-10-07,0.9083,-3.4133,6.978,none,0,158.91000366210938,0
2026-09-28 05:00:00-04:00,SOXL,141.45,141.7,139.2,140.86,0,2026-10-08 22:23 JST,2026-10-08 09:23 ET,2026-10-07,0.9083,-3.4133,6.978,none,0,158.91000366210938,0
2026-09-28 06:00:00-04:00,SOXL,140.8536,141.7979,140.2,141.13,0,2026-10-08 22:23 JST,2026-10-08 09:23 ET,2026-10-07,0.9083,-3.4133,6.978,none,0,158.91000366210938,0
2026-09-28 07:00:00-04:00,SOXL,141.14,143.76,140.77,143.6,0,2026-10-08 22:23 JST,2026-10-08 09:23 ET,2026-10-07,0.9083,-3.4133,6.978,none,0,158.91000366210938,0
2026-09-28 08:00:00-04:00,SOXL,143.62,146.3,142.7,145.144,0,2026-10-08 22:23 JST,2026-10-08 09:23 ET,2026-10-07,0.9083,-3.4133,6.978,none,0,158.91000366210938,0
2026-09-28 09:00:00-04:00,SOXL,145.14,148.05,145.12,146.86,0,2026-10-08 22:23 JST,2026-10-08 09:23 ET,2026-10-07,0.9083,-3.4133,6.978,none,0,158.91000366210938,0
2026-09-28 09:30:00-04:00,SOXL,148.13999938964844,149.99000549316406,139.25,140.7899932861328,25271975,2026-10-08 22:23 JST,2026-10-08 09:23 ET,2026-10-07,0.9083,-3.4133,6.978,none,0,158.91000366210938,0
2026-09-28 10:30:00-04:00,SOXL,140.7899932861328,141.6300048828125,135.21200561523438,137.4600067138672,13773492,2026-10-08 22:23 JST,2026-10-08 09:23 ET,2026-10-07,0.9083,-3.4133,6.978,none,0,158.91000366210938,0
2026-09-28 11:30:00-04:00,SOXL,137.4600067138672,144.44000244140625,136.85000610351562,143.77499389648438,9199236,2026-10-08 22:23 JST,2026-10-08 09:23 ET,2026-10-07,0.9083,-3.4133,6.978,none,0,158.91000366210938,0
2026-09-28 12:30:00-04:00,SOXL,143.6999969482422,143.9674072265625,140.25030517578125,142.07000732421875,6568617,2026-10-08 22:23 JST,2026-10-08 09:23 ET,2026-10-07,0.9083,-3.4133,6.978,none,0,158.91000366210938,0
2026-09-28 13:30:00-04:00,SOXL,142.0399932861328,142.88999938964844,141.52999877929688,141.91000366210938,1997672,2026-10-08 22:23 JST,2026-10-08 09:23 ET,2026-10-07,0.9083,-3.4133,6.978,none,0,158.91000366210938,0
2026-09-28 14:30:00-04:00,SOXL,141.92999267578125,143.24000549316406,140.72999572753906,142.67999267578125,3925527,2026-10-08 22:23 JST,2026-10-08 09:23 ET,2026-10-07,0.9083,-3.4133,6.978,none,0,158.91000366210938,0
2026-09-28 15:30:00-04:00,SOXL,142.63999938964844,142.92999267578125,141.1425018310547,142.27999877929688,7165206,2026-10-08 22:23 JST,2026-10-08 09:23 ET,2026-10-07,0.9083,-3.4133,6.978,none,0,158.91000366210938,0
2026-09-28 16:00:00-04:00,SOXL,142.31947,142.5,141.36,141.75,0,2026-10-08 22:23 JST,2026-10-08 09:23 ET,2026-10-07,0.9083,-3.4133,6.978,none,0,158.91000366210938,0
2026-09-28 17:00:00-04:00,SOXL,141.6717,142.4,141.6717,141.99,0,2026-10-08 22:23 JST,2026-10-08 09:23 ET,2026-10-07,0.9083,-3.4133,6.978,none,0,158.91000366210938,0
2026-09-28 18:00:00-04:00,SOXL,141.98,142.7,141.52,142.36,0,2026-10-08 22:23 JST,2026-10-08 09:23 ET,2026-10-07,0.9083,-3.4133,6.978,none,0,158.91000366210938,0
2026-09-28 19:00:00-04:00,SOXL,142.26,143.2592,142.1,142.6915,0,2026-10-08 22:23 JST,2026-10-08 09:23 ET,2026-10-07,0.9083,-3.4133,6.978,none,0,158.91000366210938,0
2026-09-29 04:00:00-04:00,SOXL,144.0,146.07,137.23,145.22,0,2026-10-08 22:23 JST,2026-10-08 09:23 ET,2026-10-07,0.9083,-3.4133,6.978,none,0,158.91000366210938,0
2026-09-29 05:00:00-04:00,SOXL,145.2196,145.72,143.22,143.4,0,2026-10-08 22:23 JST,2026-10-08 09:23 ET,2026-10-07,0.9083,-3.4133,6.978,none,0,158.91000366210938,0
2026-09-29 06:00:00-04:00,SOXL,143.3,145.25,142.9,144.88,0,2026-10-08 22:23 JST,2026-10-08 09:23 ET,2026-10-07,0.9083,-3.4133,6.978,none,0,158.91000366210938,0
2026-09-29 07:00:00-04:00,SOXL,144.92,146.91,144.4,145.9001,0,2026-10-08 22:23 JST,2026-10-08 09:23 ET,2026-10-07,0.9083,-3.4133,6.978,none,0,158.91000366210938,0
2026-09-29 08:00:00-04:00,SOXL,145.94,148.0769,145.8301,147.0,0,2026-10-08 22:23 JST,2026-10-08 09:23 ET,2026-10-07,0.9083,-3.4133,6.978,none,0,158.91000366210938,0
2026-09-29 09:00:00-04:00,SOXL,146.94,147.49,146.07,147.48,0,2026-10-08 22:23 JST,2026-10-08 09:23 ET,2026-10-07,0.9083,-3.4133,6.978,none,0,158.91000366210938,0
2026-09-29 09:30:00-04:00,SOXL,148.93499755859375,151.7198944091797,145.49000549316406,151.24000549316406,23498837,2026-10-08 22:23 JST,2026-10-08 09:23 ET,2026-10-07,0.9083,-3.4133,6.978,none,0,158.91000366210938,0
2026-09-29 10:30:00-04:00,SOXL,151.24000549316406,152.3699951171875,148.0,148.66000366210938,7778213,2026-10-08 22:23 JST,2026-10-08 09:23 ET,2026-10-07,0.9083,-3.4133,6.978,none,0,158.91000366210938,0
2026-09-29 11:30:00-04:00,SOXL,148.6300048828125,149.97999572753906,148.02999877929688,148.8000946044922,3964620,2026-10-08 22:23 JST,2026-10-08 09:23 ET,2026-10-07,0.9083,-3.4133,6.978,none,0,158.91000366210938,0
2026-09-29 12:30:00-04:00,SOXL,148.80999755859375,148.80999755859375,146.27000427246094,148.16000366210938,3639094,2026-10-08 22:23 JST,2026-10-08 09:23 ET,2026-10-07,0.9083,-3.4133,6.978,none,0,158.91000366210938,0
2026-09-29 13:30:00-04:00,SOXL,148.1300048828125,148.47000122070312,146.1999969482422,147.99009704589844,3356573,2026-10-08 22:23 JST,2026-10-08 09:23 ET,2026-10-07,0.9083,-3.4133,6.978,none,0,158.91000366210938,0
2026-09-29 14:30:00-04:00,SOXL,147.9199981689453,148.8000030517578,147.0800018310547,147.13999938964844,3063047,2026-10-08 22:23 JST,2026-10-08 09:23 ET,2026-10-07,0.9083,-3.4133,6.978,none,0,158.91000366210938,0
2026-09-29 15:30:00-04:00,SOXL,147.13949584960938,147.5500030517578,146.25999450683594,147.0399932861328,5969256,2026-10-08 22:23 JST,2026-10-08 09:23 ET,2026-10-07,0.9083,-3.4133,6.978,none,0,158.91000366210938,0
2026-09-29 16:00:00-04:00,SOXL,147.05,148.13,146.45,147.49,0,2026-10-08 22:23 JST,2026-10-08 09:23 ET,2026-10-07,0.9083,-3.4133,6.978,none,0,158.91000366210938,0
2026-09-29 17:00:00-04:00,SOXL,147.49,148.11,147.49,147.71,0,2026-10-08 22:23 JST,2026-10-08 09:23 ET,2026-10-07,0.9083,-3.4133,6.978,none,0,158.91000366210938,0
2026-09-29 18:00:00-04:00,SOXL,147.705,148.58,147.67,148.1,0,2026-10-08 22:23 JST,2026-10-08 09:23 ET,2026-10-07,0.9083,-3.4133,6.978,none,0,158.91000366210938,0
2026-09-29 19:00:00-04:00,SOXL,148.1098,148.99,148.02,148.99,0,2026-10-08 22:23 JST,2026-10-08 09:23 ET,2026-10-07,0.9083,-3.4133,6.978,none,0,158.91000366210938,0
2026-09-30 04:00:00-04:00,SOXL,147.8,148.24,143.58,147.28,0,2026-10-08 22:23 JST,2026-10-08 09:23 ET,2026-10-07,0.9083,-3.4133,6.978,none,0,158.91000366210938,0
2026-09-30 05:00:00-04:00,SOXL,147.17,147.5,145.48,146.3,0,2026-10-08 22:23 JST,2026-10-08 09:23 ET,2026-10-07,0.9083,-3.4133,6.978,none,0,158.91000366210938,0
2026-09-30 06:00:00-04:00,SOXL,146.33,146.86,144.75,145.4,0,2026-10-08 22:23 JST,2026-10-08 09:23 ET,2026-10-07,0.9083,-3.4133,6.978,none,0,158.91000366210938,0
2026-09-30 07:00:00-04:00,SOXL,145.44,145.77,143.5246,144.66,0,2026-10-08 22:23 JST,2026-10-08 09:23 ET,2026-10-07,0.9083,-3.4133,6.978,none,0,158.91000366210938,0
2026-09-30 08:00:00-04:00,SOXL,144.72,145.6,142.97,145.2,0,2026-10-08 22:23 JST,2026-10-08 09:23 ET,2026-10-07,0.9083,-3.4133,6.978,none,0,158.91000366210938,0
2026-09-30 09:00:00-04:00,SOXL,145.3,149.75,145.0,149.08,0,2026-10-08 22:23 JST,2026-10-08 09:23 ET,2026-10-07,0.9083,-3.4133,6.978,none,0,158.91000366210938,0
2026-09-30 09:30:00-04:00,SOXL,147.9499969482422,150.77000427246094,145.64500427246094,146.18499755859375,19028100,2026-10-08 22:23 JST,2026-10-08 09:23 ET,2026-10-07,0.9083,-3.4133,6.978,none,0,158.91000366210938,0
2026-09-30 10:30:00-04:00,SOXL,146.181396484375,146.99000549316406,144.41000366210938,146.59500122070312,5985678,2026-10-08 22:23 JST,2026-10-08 09:23 ET,2026-10-07,0.9083,-3.4133,6.978,none,0,158.91000366210938,0
2026-09-30 11:30:00-04:00,SOXL,146.64999389648438,147.14990234375,145.6300048828125,145.66000366210938,2771027,2026-10-08 22:23 JST,2026-10-08 09:23 ET,2026-10-07,0.9083,-3.4133,6.978,none,0,158.91000366210938,0
2026-09-30 12:30:00-04:00,SOXL,145.6699981689453,146.92999267578125,145.0500030517578,145.93499755859375,2819830,2026-10-08 22:23 JST,2026-10-08 09:23 ET,2026-10-07,0.9083,-3.4133,6.978,none,0,158.91000366210938,0
2026-09-30 13:30:00-04:00,SOXL,145.9550018310547,147.8000030517578,145.86000061035156,147.61500549316406,2886655,2026-10-08 22:23 JST,2026-10-08 09:23 ET,2026-10-07,0.9083,-3.4133,6.978,none,0,158.91000366210938,0
2026-09-30 14:30:00-04:00,SOXL,147.63949584960938,148.74339294433594,146.49000549316406,148.50999450683594,3183750,2026-10-08 22:23 JST,2026-10-08 09:23 ET,2026-10-07,0.9083,-3.4133,6.978,none,0,158.91000366210938,0
2026-09-30 15:30:00-04:00,SOXL,148.50999450683594,149.8000030517578,147.47999572753906,147.64999389648438,7013322,2026-10-08 22:23 JST,2026-10-08 09:23 ET,2026-10-07,0.9083,-3.4133,6.978,none,0,158.91000366210938,0
2026-09-30 16:00:00-04:00,SOXL,147.86,149.75,145.8,148.0275,0,2026-10-08 22:23 JST,2026-10-08 09:23 ET,2026-10-07,0.9083,-3.4133,6.978,none,0,158.91000366210938,0
2026-09-30 17:00:00-04:00,SOXL,148.18,148.18,145.57,146.85,0,2026-10-08 22:23 JST,2026-10-08 09:23 ET,2026-10-07,0.9083,-3.4133,6.978,none,0,158.91000366210938,0
2026-09-30 18:00:00-04:00,SOXL,146.98,149.0,146.5003,148.41,0,2026-10-08 22:23 JST,2026-10-08 09:23 ET,2026-10-07,0.9083,-3.4133,6.978,none,0,158.91000366210938,0
2026-09-30 19:00:00-04:00,SOXL,148.5,149.49,148.11,149.12,0,2026-10-08 22:23 JST,2026-10-08 09:23 ET,2026-10-07,0.9083,-3.4133,6.978,none,0,158.91000366210938,0
2026-10-01 04:00:00-04:00,SOXL,155.01,161.73,151.87,151.94,0,2026-10-08 22:23 JST,2026-10-08 09:23 ET,2026-10-07,0.9083,-3.4133,6.978,none,0,158.91000366210938,0
2026-10-01 05:00:00-04:00,SOXL,151.85,154.46,151.02,154.1999,0,2026-10-08 22:23 JST,2026-10-08 09:23 ET,2026-10-07,0.9083,-3.4133,6.978,none,0,158.91000366210938,0
2026-10-01 06:00:00-04:00,SOXL,154.2,154.33,150.94,152.84,0,2026-10-08 22:23 JST,2026-10-08 09:23 ET,2026-10-07,0.9083,-3.4133,6.978,none,0,158.91000366210938,0
2026-10-01 07:00:00-04:00,SOXL,152.82,154.4,149.59,150.3,0,2026-10-08 22:23 JST,2026-10-08 09:23 ET,2026-10-07,0.9083,-3.4133,6.978,none,0,158.91000366210938,0
2026-10-01 08:00:00-04:00,SOXL,150.34,151.99,149.7,150.45,0,2026-10-08 22:23 JST,2026-10-08 09:23 ET,2026-10-07,0.9083,-3.4133,6.978,none,0,158.91000366210938,0
2026-10-01 09:00:00-04:00,SOXL,150.45,150.89,148.41,148.92,0,2026-10-08 22:23 JST,2026-10-08 09:23 ET,2026-10-07,0.9083,-3.4133,6.978,none,0,158.91000366210938,0
2026-10-01 09:30:00-04:00,SOXL,148.55499267578125,151.25,144.30999755859375,146.84500122070312,30316020,2026-10-08 22:23 JST,2026-10-08 09:23 ET,2026-10-07,0.9083,-3.4133,6.978,none,0,158.91000366210938,0
2026-10-01 10:30:00-04:00,SOXL,146.8000030517578,150.32000732421875,146.27999877929688,149.10000610351562,9220309,2026-10-08 22:23 JST,2026-10-08 09:23 ET,2026-10-07,0.9083,-3.4133,6.978,none,0,158.91000366210938,0
2026-10-01 11:30:00-04:00,SOXL,149.16000366210938,149.8000030517578,147.1300048828125,149.07000732421875,4717193,2026-10-08 22:23 JST,2026-10-08 09:23 ET,2026-10-07,0.9083,-3.4133,6.978,none,0,158.91000366210938,0
2026-10-01 12:30:00-04:00,SOXL,149.0850067138672,154.49000549316406,148.25100708007812,154.24000549316406,6789946,2026-10-08 22:23 JST,2026-10-08 09:23 ET,2026-10-07,0.9083,-3.4133,6.978,none,0,158.91000366210938,0
2026-10-01 13:30:00-04:00,SOXL,154.25,156.7100067138672,151.17999267578125,154.11129760742188,9891660,2026-10-08 22:23 JST,2026-10-08 09:23 ET,2026-10-07,0.9083,-3.4133,6.978,none,0,158.91000366210938,0
2026-10-01 14:30:00-04:00,SOXL,154.10000610351562,155.5800018310547,153.08999633789062,153.59359741210938,4838962,2026-10-08 22:23 JST,2026-10-08 09:23 ET,2026-10-07,0.9083,-3.4133,6.978,none,0,158.91000366210938,0
2026-10-01 15:30:00-04:00,SOXL,153.5749969482422,155.5,153.1999969482422,153.77000427246094,5497760,2026-10-08 22:23 JST,2026-10-08 09:23 ET,2026-10-07,0.9083,-3.4133,6.978,none,0,158.91000366210938,0
2026-10-01 16:00:00-04:00,SOXL,153.69,154.39,153.38,153.8499,0,2026-10-08 22:23 JST,2026-10-08 09:23 ET,2026-10-07,0.9083,-3.4133,6.978,none,0,158.91000366210938,0
2026-10-01 17:00:00-04:00,SOXL,153.84,153.92,152.88,153.35,0,2026-10-08 22:23 JST,2026-10-08 09:23 ET,2026-10-07,0.9083,-3.4133,6.978,none,0,158.91000366210938,0
2026-10-01 18:00:00-04:00,SOXL,153.29,154.48,153.2221,154.43,0,2026-10-08 22:23 JST,2026-10-08 09:23 ET,2026-10-07,0.9083,-3.4133,6.978,none,0,158.91000366210938,0
2026-10-01 19:00:00-04:00,SOXL,154.44,155.29,154.25,154.8,0,2026-10-08 22:23 JST,2026-10-08 09:23 ET,2026-10-07,0.9083,-3.4133,6.978,none,0,158.91000366210938,0
2026-10-02 04:00:00-04:00,SOXL,158.25,161.0,154.88,160.2242,0,2026-10-08 22:23 JST,2026-10-08 09:23 ET,2026-10-07,0.9083,-3.4133,6.978,none,0,158.91000366210938,0
2026-10-02 05:00:00-04:00,SOXL,160.2,161.18,159.78,160.86,0,2026-10-08 22:23 JST,2026-10-08 09:23 ET,2026-10-07,0.9083,-3.4133,6.978,none,0,158.91000366210938,0
2026-10-02 06:00:00-04:00,SOXL,160.85,161.54,159.4,160.33,0,2026-10-08 22:23 JST,2026-10-08 09:23 ET,2026-10-07,0.9083,-3.4133,6.978,none,0,158.91000366210938,0
2026-10-02 07:00:00-04:00,SOXL,160.36,161.63,159.87,161.01,0,2026-10-08 22:23 JST,2026-10-08 09:23 ET,2026-10-07,0.9083,-3.4133,6.978,none,0,158.91000366210938,0
2026-10-02 08:00:00-04:00,SOXL,161.16,162.04,159.7,161.96,0,2026-10-08 22:23 JST,2026-10-08 09:23 ET,2026-10-07,0.9083,-3.4133,6.978,none,0,158.91000366210938,0
2026-10-02 09:00:00-04:00,SOXL,162.07,166.9,162.0,165.2615,0,2026-10-08 22:23 JST,2026-10-08 09:23 ET,2026-10-07,0.9083,-3.4133,6.978,none,0,158.91000366210938,0
2026-10-02 09:30:00-04:00,SOXL,165.38999938964844,169.75,162.9001007080078,169.1699981689453,28576053,2026-10-08 22:23 JST,2026-10-08 09:23 ET,2026-10-07,0.9083,-3.4133,6.978,none,0,158.91000366210938,0
2026-10-02 10:30:00-04:00,SOXL,169.1699981689453,169.1999969482422,164.0904998779297,165.75,8991564,2026-10-08 22:23 JST,2026-10-08 09:23 ET,2026-10-07,0.9083,-3.4133,6.978,none,0,158.91000366210938,0
2026-10-02 11:30:00-04:00,SOXL,165.75,168.0399932861328,165.00999450683594,166.1199951171875,5276441,2026-10-08 22:23 JST,2026-10-08 09:23 ET,2026-10-07,0.9083,-3.4133,6.978,none,0,158.91000366210938,0
2026-10-02 12:30:00-04:00,SOXL,166.1300048828125,166.63800048828125,162.61000061035156,162.6300048828125,4833926,2026-10-08 22:23 JST,2026-10-08 09:23 ET,2026-10-07,0.9083,-3.4133,6.978,none,0,158.91000366210938,0
2026-10-02 13:30:00-04:00,SOXL,162.60000610351562,164.3798065185547,162.39999389648438,163.27499389648438,3582223,2026-10-08 22:23 JST,2026-10-08 09:23 ET,2026-10-07,0.9083,-3.4133,6.978,none,0,158.91000366210938,0
2026-10-02 14:30:00-04:00,SOXL,163.25,164.5800018310547,162.75,163.9384002685547,3629244,2026-10-08 22:23 JST,2026-10-08 09:23 ET,2026-10-07,0.9083,-3.4133,6.978,none,0,158.91000366210938,0
2026-10-02 15:30:00-04:00,SOXL,163.9199981689453,165.39999389648438,163.3699951171875,163.75,5617564,2026-10-08 22:23 JST,2026-10-08 09:23 ET,2026-10-07,0.9083,-3.4133,6.978,none,0,158.91000366210938,0
2026-10-02 16:00:00-04:00,SOXL,163.71,164.49,163.39,163.76,0,2026-10-08 22:23 JST,2026-10-08 09:23 ET,2026-10-07,0.9083,-3.4133,6.978,none,0,158.91000366210938,0
2026-10-02 17:00:00-04:00,SOXL,163.75,163.75,163.04,163.2496,0,2026-10-08 22:23 JST,2026-10-08 09:23 ET,2026-10-07,0.9083,-3.4133,6.978,none,0,158.91000366210938,0
2026-10-02 18:00:00-04:00,SOXL,163.24,163.71,163.05,163.708,0,2026-10-08 22:23 JST,2026-10-08 09:23 ET,2026-10-07,0.9083,-3.4133,6.978,none,0,158.91000366210938,0
2026-10-02 19:00:00-04:00,SOXL,163.74,164.2,163.72,164.04,0,2026-10-08 22:23 JST,2026-10-08 09:23 ET,2026-10-07,0.9083,-3.4133,6.978,none,0,158.91000366210938,0
2026-10-05 04:00:00-04:00,SOXL,165.68,166.644,164.0,164.0,0,2026-10-08 22:23 JST,2026-10-08 09:23 ET,2026-10-07,0.9083,-3.4133,6.978,none,0,158.91000366210938,0
2026-10-05 05:00:00-04:00,SOXL,164.0,164.5,161.37,161.9636,0,2026-10-08 22:23 JST,2026-10-08 09:23 ET,2026-10-07,0.9083,-3.4133,6.978,none,0,158.91000366210938,0
2026-10-05 06:00:00-04:00,SOXL,161.98,162.5,160.41,160.8,0,2026-10-08 22:23 JST,2026-10-08 09:23 ET,2026-10-07,0.9083,-3.4133,6.978,none,0,158.91000366210938,0
2026-10-05 07:00:00-04:00,SOXL,160.78,162.2332,159.59,161.62,0,2026-10-08 22:23 JST,2026-10-08 09:23 ET,2026-10-07,0.9083,-3.4133,6.978,none,0,158.91000366210938,0
2026-10-05 08:00:00-04:00,SOXL,161.55,161.9,159.6,159.99,0,2026-10-08 22:23 JST,2026-10-08 09:23 ET,2026-10-07,0.9083,-3.4133,6.978,none,0,158.91000366210938,0
2026-10-05 09:00:00-04:00,SOXL,160.06,160.69,159.22,160.36,0,2026-10-08 22:23 JST,2026-10-08 09:23 ET,2026-10-07,0.9083,-3.4133,6.978,none,0,158.91000366210938,0
2026-10-05 09:30:00-04:00,SOXL,161.66000366210938,162.8800048828125,158.0800018310547,161.9199981689453,16213448,2026-10-08 22:23 JST,2026-10-08 09:23 ET,2026-10-07,0.9083,-3.4133,6.978,none,0,158.91000366210938,0
2026-10-05 10:30:00-04:00,SOXL,161.97000122070312,162.97000122070312,160.89999389648438,162.3350067138672,4548761,2026-10-08 22:23 JST,2026-10-08 09:23 ET,2026-10-07,0.9083,-3.4133,6.978,none,0,158.91000366210938,0
2026-10-05 11:30:00-04:00,SOXL,162.36000061035156,162.8699951171875,161.75,162.02999877929688,2211393,2026-10-08 22:23 JST,2026-10-08 09:23 ET,2026-10-07,0.9083,-3.4133,6.978,none,0,158.91000366210938,0
2026-10-05 12:30:00-04:00,SOXL,162.02499389648438,162.9499969482422,162.0,162.54010009765625,1996543,2026-10-08 22:23 JST,2026-10-08 09:23 ET,2026-10-07,0.9083,-3.4133,6.978,none,0,158.91000366210938,0
2026-10-05 13:30:00-04:00,SOXL,162.5399932861328,163.9499053955078,162.49000549316406,163.91990661621094,2291294,2026-10-08 22:23 JST,2026-10-08 09:23 ET,2026-10-07,0.9083,-3.4133,6.978,none,0,158.91000366210938,0
2026-10-05 14:30:00-04:00,SOXL,163.91000366210938,164.27999877929688,162.33999633789062,163.6300048828125,3686440,2026-10-08 22:23 JST,2026-10-08 09:23 ET,2026-10-07,0.9083,-3.4133,6.978,none,0,158.91000366210938,0
2026-10-05 15:30:00-04:00,SOXL,163.6300048828125,164.375,163.52000427246094,164.360107421875,3885516,2026-10-08 22:23 JST,2026-10-08 09:23 ET,2026-10-07,0.9083,-3.4133,6.978,none,0,158.91000366210938,0
2026-10-05 16:00:00-04:00,SOXL,164.36,164.94,161.21,164.85,0,2026-10-08 22:23 JST,2026-10-08 09:23 ET,2026-10-07,0.9083,-3.4133,6.978,none,0,158.91000366210938,0
2026-10-05 17:00:00-04:00,SOXL,164.86,164.91,164.5173,164.68,0,2026-10-08 22:23 JST,2026-10-08 09:23 ET,2026-10-07,0.9083,-3.4133,6.978,none,0,158.91000366210938,0
2026-10-05 18:00:00-04:00,SOXL,164.65,165.4,164.61,164.872,0,2026-10-08 22:23 JST,2026-10-08 09:23 ET,2026-10-07,0.9083,-3.4133,6.978,none,0,158.91000366210938,0
2026-10-05 19:00:00-04:00,SOXL,164.86,165.45,164.7324,165.4,0,2026-10-08 22:23 JST,2026-10-08 09:23 ET,2026-10-07,0.9083,-3.4133,6.978,none,0,158.91000366210938,0
2026-10-06 04:00:00-04:00,SOXL,164.5,165.5181,163.23,164.29,0,2026-10-08 22:23 JST,2026-10-08 09:23 ET,2026-10-07,0.9083,-3.4133,6.978,none,0,158.91000366210938,0
2026-10-06 05:00:00-04:00,SOXL,164.13,165.0,163.76,164.37,0,2026-10-08 22:23 JST,2026-10-08 09:23 ET,2026-10-07,0.9083,-3.4133,6.978,none,0,158.91000366210938,0
2026-10-06 06:00:00-04:00,SOXL,164.39,165.93,164.24,165.42,0,2026-10-08 22:23 JST,2026-10-08 09:23 ET,2026-10-07,0.9083,-3.4133,6.978,none,0,158.91000366210938,0
2026-10-06 07:00:00-04:00,SOXL,165.48,168.14,165.35,167.68,0,2026-10-08 22:23 JST,2026-10-08 09:23 ET,2026-10-07,0.9083,-3.4133,6.978,none,0,158.91000366210938,0
2026-10-06 08:00:00-04:00,SOXL,167.69,168.39,166.92,167.1571,0,2026-10-08 22:23 JST,2026-10-08 09:23 ET,2026-10-07,0.9083,-3.4133,6.978,none,0,158.91000366210938,0
2026-10-06 09:00:00-04:00,SOXL,167.243,167.7,166.02,167.4,0,2026-10-08 22:23 JST,2026-10-08 09:23 ET,2026-10-07,0.9083,-3.4133,6.978,none,0,158.91000366210938,0
2026-10-06 09:30:00-04:00,SOXL,167.33999633789062,169.8300018310547,165.3800048828125,166.9600067138672,16636361,2026-10-08 22:23 JST,2026-10-08 09:23 ET,2026-10-07,0.9083,-3.4133,6.978,none,0,158.91000366210938,0
2026-10-06 10:30:00-04:00,SOXL,166.9893035888672,169.4199981689453,166.32000732421875,167.66000366210938,5353364,2026-10-08 22:23 JST,2026-10-08 09:23 ET,2026-10-07,0.9083,-3.4133,6.978,none,0,158.91000366210938,0
2026-10-06 11:30:00-04:00,SOXL,167.66050720214844,168.10000610351562,165.6300048828125,166.46929931640625,4663449,2026-10-08 22:23 JST,2026-10-08 09:23 ET,2026-10-07,0.9083,-3.4133,6.978,none,0,158.91000366210938,0
2026-10-06 12:30:00-04:00,SOXL,166.4499969482422,167.33999633789062,165.4600067138672,166.77499389648438,3061159,2026-10-08 22:23 JST,2026-10-08 09:23 ET,2026-10-07,0.9083,-3.4133,6.978,none,0,158.91000366210938,0
2026-10-06 13:30:00-04:00,SOXL,166.72999572753906,167.99000549316406,166.39999389648438,166.6750030517578,2797800,2026-10-08 22:23 JST,2026-10-08 09:23 ET,2026-10-07,0.9083,-3.4133,6.978,none,0,158.91000366210938,0
2026-10-06 14:30:00-04:00,SOXL,166.67999267578125,167.13999938964844,165.47999572753906,165.58999633789062,3237826,2026-10-08 22:23 JST,2026-10-08 09:23 ET,2026-10-07,0.9083,-3.4133,6.978,none,0,158.91000366210938,0
2026-10-06 15:30:00-04:00,SOXL,165.55999755859375,165.55999755859375,163.4199981689453,164.19000244140625,7276617,2026-10-08 22:23 JST,2026-10-08 09:23 ET,2026-10-07,0.9083,-3.4133,6.978,none,0,158.91000366210938,0
2026-10-06 16:00:00-04:00,SOXL,164.26,164.5135,164.0,164.42,0,2026-10-08 22:23 JST,2026-10-08 09:23 ET,2026-10-07,0.9083,-3.4133,6.978,none,0,158.91000366210938,0
2026-10-06 17:00:00-04:00,SOXL,164.42,164.85,164.42,164.75,0,2026-10-08 22:23 JST,2026-10-08 09:23 ET,2026-10-07,0.9083,-3.4133,6.978,none,0,158.91000366210938,0
2026-10-06 18:00:00-04:00,SOXL,164.75,164.95,164.7,164.9,0,2026-10-08 22:23 JST,2026-10-08 09:23 ET,2026-10-07,0.9083,-3.4133,6.978,none,0,158.91000366210938,0
2026-10-06 19:00:00-04:00,SOXL,164.5,164.73,164.48,164.55,0,2026-10-08 22:23 JST,2026-10-08 09:23 ET,2026-10-07,0.9083,-3.4133,6.978,none,0,158.91000366210938,0
2026-10-07 04:00:00-04:00,SOXL,162.36,164.61,161.67,162.0,0,2026-10-08 22:23 JST,2026-10-08 09:23 ET,2026-10-07,0.9083,-3.4133,6.978,none,0,158.91000366210938,0
2026-10-07 05:00:00-04:00,SOXL,161.96,162.22,158.35,159.39,0,2026-10-08 22:23 JST,2026-10-08 09:23 ET,2026-10-07,0.9083,-3.4133,6.978,none,0,158.91000366210938,0
2026-10-07 06:00:00-04:00,SOXL,159.37,159.51,157.85,158.8,0,2026-10-08 22:23 JST,2026-10-08 09:23 ET,2026-10-07,0.9083,-3.4133,6.978,none,0,158.91000366210938,0
2026-10-07 07:00:00-04:00,SOXL,158.69,158.83,154.89,155.71,0,2026-10-08 22:23 JST,2026-10-08 09:23 ET,2026-10-07,0.9083,-3.4133,6.978,none,0,158.91000366210938,0
2026-10-07 08:00:00-04:00,SOXL,155.7,156.24,153.25,153.9,0,2026-10-08 22:23 JST,2026-10-08 09:23 ET,2026-10-07,0.9083,-3.4133,6.978,none,0,158.91000366210938,0
2026-10-07 09:00:00-04:00,SOXL,153.87,154.9843,153.6,154.88,0,2026-10-08 22:23 JST,2026-10-08 09:23 ET,2026-10-07,0.9083,-3.4133,6.978,none,0,158.91000366210938,0
2026-10-07 09:30:00-04:00,SOXL,153.6999969482422,157.4199981689453,151.4199981689453,156.77999877929688,22012459,2026-10-08 22:23 JST,2026-10-08 09:23 ET,2026-10-07,0.9083,-3.4133,6.978,none,0,158.91000366210938,0
2026-10-07 10:30:00-04:00,SOXL,156.7449951171875,157.42999267578125,154.63009643554688,155.4604949951172,5476051,2026-10-08 22:23 JST,2026-10-08 09:23 ET,2026-10-07,0.9083,-3.4133,6.978,none,0,158.91000366210938,0
2026-10-07 11:30:00-04:00,SOXL,155.47999572753906,156.9199981689453,155.14999389648438,155.55999755859375,3085937,2026-10-08 22:23 JST,2026-10-08 09:23 ET,2026-10-07,0.9083,-3.4133,6.978,none,0,158.91000366210938,0
2026-10-07 12:30:00-04:00,SOXL,155.5399932861328,157.83999633789062,155.3800048828125,157.17999267578125,3189502,2026-10-08 22:23 JST,2026-10-08 09:23 ET,2026-10-07,0.9083,-3.4133,6.978,none,0,158.91000366210938,0
2026-10-07 13:30:00-04:00,SOXL,157.2100067138672,157.97999572753906,156.05999755859375,157.3083038330078,2257121,2026-10-08 22:23 JST,2026-10-08 09:23 ET,2026-10-07,0.9083,-3.4133,6.978,none,0,158.91000366210938,0
2026-10-07 14:30:00-04:00,SOXL,157.30999755859375,157.44000244140625,155.27000427246094,156.91000366210938,3281677,2026-10-08 22:23 JST,2026-10-08 09:23 ET,2026-10-07,0.9083,-3.4133,6.978,none,0,158.91000366210938,0
2026-10-07 15:30:00-04:00,SOXL,156.88999938964844,159.49000549316406,156.8800048828125,158.75,9686487,2026-10-08 22:23 JST,2026-10-08 09:23 ET,2026-10-07,0.9083,-3.4133,6.978,none,0,158.91000366210938,0
2026-10-07 16:00:00-04:00,SOXL,158.91,158.91,158.91,158.91,1190645,2026-10-08 22:23 JST,2026-10-08 09:23 ET,2026-10-07,0.9083,-3.4133,6.978,none,0,158.91000366210938,0
2026-10-07 19:00:00-04:00,SOXL,160.23,160.58,160.2,160.22,0,2026-10-08 22:23 JST,2026-10-08 09:23 ET,2026-10-07,0.9083,-3.4133,6.978,none,0,158.91000366210938,0
2026-10-08 04:00:00-04:00,SOXL,153.8,159.45,151.33,151.33,0,2026-10-08 22:23 JST,2026-10-08 09:23 ET,2026-10-07,0.9083,-3.4133,6.978,none,0,158.91000366210938,0
2026-10-08 05:00:00-04:00,SOXL,151.39,153.09,151.31,151.761,0,2026-10-08 22:23 JST,2026-10-08 09:23 ET,2026-10-07,0.9083,-3.4133,6.978,none,0,158.91000366210938,0
2026-10-08 06:00:00-04:00,SOXL,151.71,151.79,148.19,149.05,0,2026-10-08 22:23 JST,2026-10-08 09:23 ET,2026-10-07,0.9083,-3.4133,6.978,none,0,158.91000366210938,0
2026-10-08 07:00:00-04:00,SOXL,149.1,150.42,148.22,149.0,0,2026-10-08 22:23 JST,2026-10-08 09:23 ET,2026-10-07,0.9083,-3.4133,6.978,none,0,158.91000366210938,0
2026-10-08 08:00:00-04:00,SOXL,149.0,150.1269,148.54,149.7649,0,2026-10-08 22:23 JST,2026-10-08 09:23 ET,2026-10-07,0.9083,-3.4133,6.978,none,0,158.91000366210938,0
2026-10-08 09:00:00-04:00,SOXL,149.72,151.26,149.64,151.08,0,2026-10-08 22:23 JST,2026-10-08 09:23 ET,2026-10-07,0.9083,-3.4133,6.978,none,0,158.91000366210938,0
2026-08-27 04:00:00-04:00,SOXS,45.0,45.88,43.44,43.45,0,2026-10-08 22:23 JST,2026-10-08 09:23 ET,2026-10-07,0.9083,-3.4133,6.978,none,0,158.91000366210938,0
2026-08-27 05:00:00-04:00,SOXS,43.46,44.2,43.35,44.06,0,2026-10-08 22:23 JST,2026-10-08 09:23 ET,2026-10-07,0.9083,-3.4133,6.978,none,0,158.91000366210938,0
2026-08-27 06:00:00-04:00,SOXS,44.06,44.235,43.64,44.21,0,2026-10-08 22:23 JST,2026-10-08 09:23 ET,2026-10-07,0.9083,-3.4133,6.978,none,0,158.91000366210938,0
2026-08-27 07:00:00-04:00,SOXS,44.205,44.52,43.9206,44.52,0,2026-10-08 22:23 JST,2026-10-08 09:23 ET,2026-10-07,0.9083,-3.4133,6.978,none,0,158.91000366210938,0
2026-08-27 08:00:00-04:00,SOXS,44.51,45.0,44.24,44.35,0,2026-10-08 22:23 JST,2026-10-08 09:23 ET,2026-10-07,0.9083,-3.4133,6.978,none,0,158.91000366210938,0
2026-08-27 09:00:00-04:00,SOXS,44.36,45.0602,44.33,44.81,0,2026-10-08 22:23 JST,2026-10-08 09:23 ET,2026-10-07,0.9083,-3.4133,6.978,none,0,158.91000366210938,0
2026-08-27 09:30:00-04:00,SOXS,45.415000915527344,47.709999084472656,44.709999084472656,45.60499954223633,19465163,2026-10-08 22:23 JST,2026-10-08 09:23 ET,2026-10-07,0.9083,-3.4133,6.978,none,0,158.91000366210938,0
2026-08-27 10:30:00-04:00,SOXS,45.599998474121094,46.619998931884766,45.58000183105469,46.36000061035156,5729931,2026-10-08 22:23 JST,2026-10-08 09:23 ET,2026-10-07,0.9083,-3.4133,6.978,none,0,158.91000366210938,0
2026-08-27 11:30:00-04:00,SOXS,46.36000061035156,46.90650177001953,45.760101318359375,46.19499969482422,4704893,2026-10-08 22:23 JST,2026-10-08 09:23 ET,2026-10-07,0.9083,-3.4133,6.978,none,0,158.91000366210938,0
2026-08-27 12:30:00-04:00,SOXS,46.20000076293945,46.25,45.720001220703125,46.150001525878906,3222607,2026-10-08 22:23 JST,2026-10-08 09:23 ET,2026-10-07,0.9083,-3.4133,6.978,none,0,158.91000366210938,0
2026-08-27 13:30:00-04:00,SOXS,46.13999938964844,47.14500045776367,46.025001525878906,47.01499938964844,3095077,2026-10-08 22:23 JST,2026-10-08 09:23 ET,2026-10-07,0.9083,-3.4133,6.978,none,0,158.91000366210938,0
2026-08-27 14:30:00-04:00,SOXS,47.029998779296875,47.060001373291016,46.410099029541016,46.619998931884766,2205862,2026-10-08 22:23 JST,2026-10-08 09:23 ET,2026-10-07,0.9083,-3.4133,6.978,none,0,158.91000366210938,0
2026-08-27 15:30:00-04:00,SOXS,46.625,46.720001220703125,45.209999084472656,45.349998474121094,2913486,2026-10-08 22:23 JST,2026-10-08 09:23 ET,2026-10-07,0.9083,-3.4133,6.978,none,0,158.91000366210938,0
2026-08-27 16:00:00-04:00,SOXS,45.4654,45.98,45.2144,45.86,0,2026-10-08 22:23 JST,2026-10-08 09:23 ET,2026-10-07,0.9083,-3.4133,6.978,none,0,158.91000366210938,0
2026-08-27 17:00:00-04:00,SOXS,45.86,46.3754,45.71,46.275,0,2026-10-08 22:23 JST,2026-10-08 09:23 ET,2026-10-07,0.9083,-3.4133,6.978,none,0,158.91000366210938,0
2026-08-27 18:00:00-04:00,SOXS,46.26,46.36,46.05,46.29,0,2026-10-08 22:23 JST,2026-10-08 09:23 ET,2026-10-07,0.9083,-3.4133,6.978,none,0,158.91000366210938,0
2026-08-27 19:00:00-04:00,SOXS,46.29,46.6,46.28,46.55,0,2026-10-08 22:23 JST,2026-10-08 09:23 ET,2026-10-07,0.9083,-3.4133,6.978,none,0,158.91000366210938,0
2026-08-28 04:00:00-04:00,SOXS,46.74,47.21,45.9,46.97,0,2026-10-08 22:23 JST,2026-10-08 09:23 ET,2026-10-07,0.9083,-3.4133,6.978,none,0,158.91000366210938,0
2026-08-28 05:00:00-04:00,SOXS,46.9918,47.1,46.7,46.95,0,2026-10-08 22:23 JST,2026-10-08 09:23 ET,2026-10-07,0.9083,-3.4133,6.978,none,0,158.91000366210938,0
2026-08-28 06:00:00-04:00,SOXS,46.95,47.07,46.67,46.72,0,2026-10-08 22:23 JST,2026-10-08 09:23 ET,2026-10-07,0.9083,-3.4133,6.978,none,0,158.91000366210938,0
2026-08-28 07:00:00-04:00,SOXS,46.74,46.8,46.29,46.52,0,2026-10-08 22:23 JST,2026-10-08 09:23 ET,2026-10-07,0.9083,-3.4133,6.978,none,0,158.91000366210938,0
2026-08-28 08:00:00-04:00,SOXS,46.53,47.11,46.48,46.5597,0,2026-10-08 22:23 JST,2026-10-08 09:23 ET,2026-10-07,0.9083,-3.4133,6.978,none,0,158.91000366210938,0
2026-08-28 09:00:00-04:00,SOXS,46.56,46.98,46.3601,46.45,0,2026-10-08 22:23 JST,2026-10-08 09:23 ET,2026-10-07,0.9083,-3.4133,6.978,none,0,158.91000366210938,0
2026-08-28 09:30:00-04:00,SOXS,46.60499954223633,47.86000061035156,46.150001525878906,46.76499938964844,15788638,2026-10-08 22:23 JST,2026-10-08 09:23 ET,2026-10-07,0.9083,-3.4133,6.978,none,0,158.91000366210938,0
2026-08-28 10:30:00-04:00,SOXS,46.77000045776367,47.56999969482422,46.410499572753906,47.349998474121094,5431285,2026-10-08 22:23 JST,2026-10-08 09:23 ET,2026-10-07,0.9083,-3.4133,6.978,none,0,158.91000366210938,0
2026-08-28 11:30:00-04:00,SOXS,47.349998474121094,50.04999923706055,47.349998474121094,49.75,12859325,2026-10-08 22:23 JST,2026-10-08 09:23 ET,2026-10-07,0.9083,-3.4133,6.978,none,0,158.91000366210938,0
2026-08-28 12:30:00-04:00,SOXS,49.7599983215332,50.22999954223633,49.13999938964844,49.72010040283203,5201974,2026-10-08 22:23 JST,2026-10-08 09:23 ET,2026-10-07,0.9083,-3.4133,6.978,none,0,158.91000366210938,0
2026-08-28 13:30:00-04:00,SOXS,49.72990036010742,49.769901275634766,49.150001525878906,49.540000915527344,2808211,2026-10-08 22:23 JST,2026-10-08 09:23 ET,2026-10-07,0.9083,-3.4133,6.978,none,0,158.91000366210938,0
2026-08-28 14:30:00-04:00,SOXS,49.54999923706055,49.97999954223633,49.30500030517578,49.36000061035156,2868828,2026-10-08 22:23 JST,2026-10-08 09:23 ET,2026-10-07,0.9083,-3.4133,6.978,none,0,158.91000366210938,0
2026-08-28 15:30:00-04:00,SOXS,49.349998474121094,49.869998931884766,49.209999084472656,49.775001525878906,3425684,2026-10-08 22:23 JST,2026-10-08 09:23 ET,2026-10-07,0.9083,-3.4133,6.978,none,0,158.91000366210938,0
2026-08-28 16:00:00-04:00,SOXS,49.82,49.88,49.58,49.67,0,2026-10-08 22:23 JST,2026-10-08 09:23 ET,2026-10-07,0.9083,-3.4133,6.978,none,0,158.91000366210938,0
2026-08-28 17:00:00-04:00,SOXS,49.67,49.7,49.55,49.56,0,2026-10-08 22:23 JST,2026-10-08 09:23 ET,2026-10-07,0.9083,-3.4133,6.978,none,0,158.91000366210938,0
2026-08-28 18:00:00-04:00,SOXS,49.56,49.69,49.5,49.635,0,2026-10-08 22:23 JST,2026-10-08 09:23 ET,2026-10-07,0.9083,-3.4133,6.978,none,0,158.91000366210938,0
2026-08-28 19:00:00-04:00,SOXS,49.64,49.75,49.52,49.7267,0,2026-10-08 22:23 JST,2026-10-08 09:23 ET,2026-10-07,0.9083,-3.4133,6.978,none,0,158.91000366210938,0
2026-08-31 04:00:00-04:00,SOXS,48.68,50.77,47.96,48.59,0,2026-10-08 22:23 JST,2026-10-08 09:23 ET,2026-10-07,0.9083,-3.4133,6.978,none,0,158.91000366210938,0
2026-08-31 05:00:00-04:00,SOXS,48.6,49.11,48.48,48.805,0,2026-10-08 22:23 JST,2026-10-08 09:23 ET,2026-10-07,0.9083,-3.4133,6.978,none,0,158.91000366210938,0
2026-08-31 06:00:00-04:00,SOXS,48.8,49.47,48.79,49.13,0,2026-10-08 22:23 JST,2026-10-08 09:23 ET,2026-10-07,0.9083,-3.4133,6.978,none,0,158.91000366210938,0
2026-08-31 07:00:00-04:00,SOXS,49.17,49.6,49.0,49.17,0,2026-10-08 22:23 JST,2026-10-08 09:23 ET,2026-10-07,0.9083,-3.4133,6.978,none,0,158.91000366210938,0
2026-08-31 08:00:00-04:00,SOXS,49.18,49.5,48.75,49.31,0,2026-10-08 22:23 JST,2026-10-08 09:23 ET,2026-10-07,0.9083,-3.4133,6.978,none,0,158.91000366210938,0
2026-08-31 09:00:00-04:00,SOXS,49.32,49.93,49.1333,49.69,0,2026-10-08 22:23 JST,2026-10-08 09:23 ET,2026-10-07,0.9083,-3.4133,6.978,none,0,158.91000366210938,0
2026-08-31 09:30:00-04:00,SOXS,49.27000045776367,49.779998779296875,48.09000015258789,49.38999938964844,17955906,2026-10-08 22:23 JST,2026-10-08 09:23 ET,2026-10-07,0.9083,-3.4133,6.978,none,0,158.91000366210938,0
2026-08-31 10:30:00-04:00,SOXS,49.400001525878906,49.98500061035156,48.932498931884766,49.604000091552734,4447974,2026-10-08 22:23 JST,2026-10-08 09:23 ET,2026-10-07,0.9083,-3.4133,6.978,none,0,158.91000366210938,0
2026-08-31 11:30:00-04:00,SOXS,49.619998931884766,50.2400016784668,49.54999923706055,49.59000015258789,2717210,2026-10-08 22:23 JST,2026-10-08 09:23 ET,2026-10-07,0.9083,-3.4133,6.978,none,0,158.91000366210938,0
2026-08-31 12:30:00-04:00,SOXS,49.65999984741211,49.779998779296875,49.35100173950195,49.75,1825911,2026-10-08 22:23 JST,2026-10-08 09:23 ET,2026-10-07,0.9083,-3.4133,6.978,none,0,158.91000366210938,0
2026-08-31 13:30:00-04:00,SOXS,49.755001068115234,49.779998779296875,49.090999603271484,49.275001525878906,1782505,2026-10-08 22:23 JST,2026-10-08 09:23 ET,2026-10-07,0.9083,-3.4133,6.978,none,0,158.91000366210938,0
2026-08-31 14:30:00-04:00,SOXS,49.279998779296875,49.79999923706055,49.244998931884766,49.470001220703125,1899360,2026-10-08 22:23 JST,2026-10-08 09:23 ET,2026-10-07,0.9083,-3.4133,6.978,none,0,158.91000366210938,0
2026-08-31 15:30:00-04:00,SOXS,49.47999954223633,49.529998779296875,48.91999816894531,49.0099983215332,1749806,2026-10-08 22:23 JST,2026-10-08 09:23 ET,2026-10-07,0.9083,-3.4133,6.978,none,0,158.91000366210938,0
2026-08-31 16:00:00-04:00,SOXS,49.02,49.16,48.99,49.02,0,2026-10-08 22:23 JST,2026-10-08 09:23 ET,2026-10-07,0.9083,-3.4133,6.978,none,0,158.91000366210938,0
2026-08-31 17:00:00-04:00,SOXS,49.03,49.1407,48.9577,48.99,0,2026-10-08 22:23 JST,2026-10-08 09:23 ET,2026-10-07,0.9083,-3.4133,6.978,none,0,158.91000366210938,0
2026-08-31 18:00:00-04:00,SOXS,48.99,49.18,48.9602,49.1,0,2026-10-08 22:23 JST,2026-10-08 09:23 ET,2026-10-07,0.9083,-3.4133,6.978,none,0,158.91000366210938,0
2026-08-31 19:00:00-04:00,SOXS,49.124,49.22,48.98,48.99,0,2026-10-08 22:23 JST,2026-10-08 09:23 ET,2026-10-07,0.9083,-3.4133,6.978,none,0,158.91000366210938,0
2026-09-01 04:00:00-04:00,SOXS,48.95,50.62,48.19,50.51,0,2026-10-08 22:23 JST,2026-10-08 09:23 ET,2026-10-07,0.9083,-3.4133,6.978,none,0,158.91000366210938,0
2026-09-01 05:00:00-04:00,SOXS,50.54,51.41,50.25,51.36,0,2026-10-08 22:23 JST,2026-10-08 09:23 ET,2026-10-07,0.9083,-3.4133,6.978,none,0,158.91000366210938,0
2026-09-01 06:00:00-04:00,SOXS,51.366,51.38,50.72,50.95,0,2026-10-08 22:23 JST,2026-10-08 09:23 ET,2026-10-07,0.9083,-3.4133,6.978,none,0,158.91000366210938,0
2026-09-01 07:00:00-04:00,SOXS,50.94,51.5798,50.75,51.34,0,2026-10-08 22:23 JST,2026-10-08 09:23 ET,2026-10-07,0.9083,-3.4133,6.978,none,0,158.91000366210938,0
2026-09-01 08:00:00-04:00,SOXS,51.21,52.08,51.04,51.8215,0,2026-10-08 22:23 JST,2026-10-08 09:23 ET,2026-10-07,0.9083,-3.4133,6.978,none,0,158.91000366210938,0
2026-09-01 09:00:00-04:00,SOXS,51.83,52.41,51.7901,52.4,0,2026-10-08 22:23 JST,2026-10-08 09:23 ET,2026-10-07,0.9083,-3.4133,6.978,none,0,158.91000366210938,0
2026-09-01 09:30:00-04:00,SOXS,51.880001068115234,53.689998626708984,51.779998779296875,53.558998107910156,20080061,2026-10-08 22:23 JST,2026-10-08 09:23 ET,2026-10-07,0.9083,-3.4133,6.978,none,0,158.91000366210938,0
2026-09-01 10:30:00-04:00,SOXS,53.54999923706055,53.54999923706055,51.720001220703125,51.779998779296875,6387225,2026-10-08 22:23 JST,2026-10-08 09:23 ET,2026-10-07,0.9083,-3.4133,6.978,none,0,158.91000366210938,0
2026-09-01 11:30:00-04:00,SOXS,51.779998779296875,52.38999938964844,50.900001525878906,52.26499938964844,5960722,2026-10-08 22:23 JST,2026-10-08 09:23 ET,2026-10-07,0.9083,-3.4133,6.978,none,0,158.91000366210938,0
2026-09-01 12:30:00-04:00,SOXS,52.27000045776367,52.77000045776367,51.779998779296875,52.38999938964844,3952899,2026-10-08 22:23 JST,2026-10-08 09:23 ET,2026-10-07,0.9083,-3.4133,6.978,none,0,158.91000366210938,0
2026-09-01 13:30:00-04:00,SOXS,52.400001525878906,53.099998474121094,52.279998779296875,52.94990158081055,2431349,2026-10-08 22:23 JST,2026-10-08 09:23 ET,2026-10-07,0.9083,-3.4133,6.978,none,0,158.91000366210938,0
2026-09-01 14:30:00-04:00,SOXS,52.939998626708984,53.52000045776367,52.0,52.01499938964844,3898632,2026-10-08 22:23 JST,2026-10-08 09:23 ET,2026-10-07,0.9083,-3.4133,6.978,none,0,158.91000366210938,0
2026-09-01 15:30:00-04:00,SOXS,52.02000045776367,52.63999938964844,51.97999954223633,52.170101165771484,2763721,2026-10-08 22:23 JST,2026-10-08 09:23 ET,2026-10-07,0.9083,-3.4133,6.978,none,0,158.91000366210938,0
2026-09-01 16:00:00-04:00,SOXS,52.16,52.43,51.96,52.26,0,2026-10-08 22:23 JST,2026-10-08 09:23 ET,2026-10-07,0.9083,-3.4133,6.978,none,0,158.91000366210938,0
2026-09-01 17:00:00-04:00,SOXS,52.26,52.63,52.19,52.59,0,2026-10-08 22:23 JST,2026-10-08 09:23 ET,2026-10-07,0.9083,-3.4133,6.978,none,0,158.91000366210938,0
2026-09-01 18:00:00-04:00,SOXS,52.57,52.9,52.46,52.64,0,2026-10-08 22:23 JST,2026-10-08 09:23 ET,2026-10-07,0.9083,-3.4133,6.978,none,0,158.91000366210938,0
2026-09-01 19:00:00-04:00,SOXS,52.6353,52.8,52.5,52.5757,0,2026-10-08 22:23 JST,2026-10-08 09:23 ET,2026-10-07,0.9083,-3.4133,6.978,none,0,158.91000366210938,0
2026-09-02 04:00:00-04:00,SOXS,53.04,53.82,52.67,53.34,0,2026-10-08 22:23 JST,2026-10-08 09:23 ET,2026-10-07,0.9083,-3.4133,6.978,none,0,158.91000366210938,0
2026-09-02 05:00:00-04:00,SOXS,53.3417,54.29,53.13,54.0,0,2026-10-08 22:23 JST,2026-10-08 09:23 ET,2026-10-07,0.9083,-3.4133,6.978,none,0,158.91000366210938,0
2026-09-02 06:00:00-04:00,SOXS,54.01,54.54,53.94,54.16,0,2026-10-08 22:23 JST,2026-10-08 09:23 ET,2026-10-07,0.9083,-3.4133,6.978,none,0,158.91000366210938,0
2026-09-02 07:00:00-04:00,SOXS,54.15,54.64,53.56,53.71,0,2026-10-08 22:23 JST,2026-10-08 09:23 ET,2026-10-07,0.9083,-3.4133,6.978,none,0,158.91000366210938,0
2026-09-02 08:00:00-04:00,SOXS,53.7015,53.83,52.56,52.81,0,2026-10-08 22:23 JST,2026-10-08 09:23 ET,2026-10-07,0.9083,-3.4133,6.978,none,0,158.91000366210938,0
2026-09-02 09:00:00-04:00,SOXS,52.84,53.67,52.7861,53.2862,0,2026-10-08 22:23 JST,2026-10-08 09:23 ET,2026-10-07,0.9083,-3.4133,6.978,none,0,158.91000366210938,0
2026-09-02 09:30:00-04:00,SOXS,52.79999923706055,54.38999938964844,51.689998626708984,51.73870086669922,19869206,2026-10-08 22:23 JST,2026-10-08 09:23 ET,2026-10-07,0.9083,-3.4133,6.978,none,0,158.91000366210938,0
2026-09-02 10:30:00-04:00,SOXS,51.7400016784668,52.7400016784668,51.047298431396484,51.650901794433594,8017097,2026-10-08 22:23 JST,2026-10-08 09:23 ET,2026-10-07,0.9083,-3.4133,6.978,none,0,158.91000366210938,0
2026-09-02 11:30:00-04:00,SOXS,51.63999938964844,51.8849983215332,51.119998931884766,51.79999923706055,4367134,2026-10-08 22:23 JST,2026-10-08 09:23 ET,2026-10-07,0.9083,-3.4133,6.978,none,0,158.91000366210938,0
2026-09-02 12:30:00-04:00,SOXS,51.810001373291016,52.23899841308594,51.58000183105469,51.97999954223633,3068356,2026-10-08 22:23 JST,2026-10-08 09:23 ET,2026-10-07,0.9083,-3.4133,6.978,none,0,158.91000366210938,0
2026-09-02 13:30:00-04:00,SOXS,51.96500015258789,52.31999969482422,51.790000915527344,52.154998779296875,2580007,2026-10-08 22:23 JST,2026-10-08 09:23 ET,2026-10-07,0.9083,-3.4133,6.978,none,0,158.91000366210938,0
2026-09-02 14:30:00-04:00,SOXS,52.14500045776367,52.18000030517578,51.750301361083984,51.93899917602539,1643286,2026-10-08 22:23 JST,2026-10-08 09:23 ET,2026-10-07,0.9083,-3.4133,6.978,none,0,158.91000366210938,0
2026-09-02 15:30:00-04:00,SOXS,51.93000030517578,52.09000015258789,51.79999923706055,51.810001373291016,1752423,2026-10-08 22:23 JST,2026-10-08 09:23 ET,2026-10-07,0.9083,-3.4133,6.978,none,0,158.91000366210938,0
2026-09-02 16:00:00-04:00,SOXS,51.79,53.1,51.7,52.67,0,2026-10-08 22:23 JST,2026-10-08 09:23 ET,2026-10-07,0.9083,-3.4133,6.978,none,0,158.91000366210938,0
2026-09-02 17:00:00-04:00,SOXS,52.65,53.0,51.35,51.78,0,2026-10-08 22:23 JST,2026-10-08 09:23 ET,2026-10-07,0.9083,-3.4133,6.978,none,0,158.91000366210938,0
2026-09-02 18:00:00-04:00,SOXS,51.79,52.31,51.68,52.05,0,2026-10-08 22:23 JST,2026-10-08 09:23 ET,2026-10-07,0.9083,-3.4133,6.978,none,0,158.91000366210938,0
2026-09-02 19:00:00-04:00,SOXS,52.06,52.14,51.71,51.756,0,2026-10-08 22:23 JST,2026-10-08 09:23 ET,2026-10-07,0.9083,-3.4133,6.978,none,0,158.91000366210938,0
2026-09-03 04:00:00-04:00,SOXS,51.92,53.33,51.24,52.06,0,2026-10-08 22:23 JST,2026-10-08 09:23 ET,2026-10-07,0.9083,-3.4133,6.978,none,0,158.91000366210938,0
2026-09-03 05:00:00-04:00,SOXS,52.09,52.91,52.03,52.85,0,2026-10-08 22:23 JST,2026-10-08 09:23 ET,2026-10-07,0.9083,-3.4133,6.978,none,0,158.91000366210938,0
2026-09-03 06:00:00-04:00,SOXS,52.87,53.47,52.74,53.34,0,2026-10-08 22:23 JST,2026-10-08 09:23 ET,2026-10-07,0.9083,-3.4133,6.978,none,0,158.91000366210938,0
2026-09-03 07:00:00-04:00,SOXS,53.3493,53.58,53.0,53.2,0,2026-10-08 22:23 JST,2026-10-08 09:23 ET,2026-10-07,0.9083,-3.4133,6.978,none,0,158.91000366210938,0
2026-09-03 08:00:00-04:00,SOXS,53.19,54.03,53.15,53.56,0,2026-10-08 22:23 JST,2026-10-08 09:23 ET,2026-10-07,0.9083,-3.4133,6.978,none,0,158.91000366210938,0
2026-09-03 09:00:00-04:00,SOXS,53.6,53.68,52.53,52.99,0,2026-10-08 22:23 JST,2026-10-08 09:23 ET,2026-10-07,0.9083,-3.4133,6.978,none,0,158.91000366210938,0
2026-09-03 09:30:00-04:00,SOXS,53.494998931884766,55.689998626708984,53.279998779296875,54.22999954223633,18731325,2026-10-08 22:23 JST,2026-10-08 09:23 ET,2026-10-07,0.9083,-3.4133,6.978,none,0,158.91000366210938,0
2026-09-03 10:30:00-04:00,SOXS,54.22999954223633,54.849998474121094,51.97119903564453,52.040000915527344,6923114,2026-10-08 22:23 JST,2026-10-08 09:23 ET,2026-10-07,0.9083,-3.4133,6.978,none,0,158.91000366210938,0
2026-09-03 11:30:00-04:00,SOXS,52.03499984741211,52.65999984741211,52.029998779296875,52.23500061035156,4908522,2026-10-08 22:23 JST,2026-10-08 09:23 ET,2026-10-07,0.9083,-3.4133,6.978,none,0,158.91000366210938,0
2026-09-03 12:30:00-04:00,SOXS,52.2400016784668,52.45869827270508,51.689998626708984,52.01499938964844,3344026,2026-10-08 22:23 JST,2026-10-08 09:23 ET,2026-10-07,0.9083,-3.4133,6.978,none,0,158.91000366210938,0
2026-09-03 13:30:00-04:00,SOXS,52.0099983215332,52.130001068115234,51.560001373291016,51.68000030517578,2291571,2026-10-08 22:23 JST,2026-10-08 09:23 ET,2026-10-07,0.9083,-3.4133,6.978,none,0,158.91000366210938,0
2026-09-03 14:30:00-04:00,SOXS,51.68000030517578,51.959999084472656,51.279998779296875,51.77000045776367,2845499,2026-10-08 22:23 JST,2026-10-08 09:23 ET,2026-10-07,0.9083,-3.4133,6.978,none,0,158.91000366210938,0
2026-09-03 15:30:00-04:00,SOXS,51.77000045776367,51.900001525878906,51.55500030517578,51.59000015258789,2627261,2026-10-08 22:23 JST,2026-10-08 09:23 ET,2026-10-07,0.9083,-3.4133,6.978,none,0,158.91000366210938,0
2026-09-03 16:00:00-04:00,SOXS,51.58,51.82,51.57,51.73,0,2026-10-08 22:23 JST,2026-10-08 09:23 ET,2026-10-07,0.9083,-3.4133,6.978,none,0,158.91000366210938,0
2026-09-03 17:00:00-04:00,SOXS,51.77,51.9,51.64,51.74,0,2026-10-08 22:23 JST,2026-10-08 09:23 ET,2026-10-07,0.9083,-3.4133,6.978,none,0,158.91000366210938,0
2026-09-03 18:00:00-04:00,SOXS,51.75,51.95,51.67,51.7,0,2026-10-08 22:23 JST,2026-10-08 09:23 ET,2026-10-07,0.9083,-3.4133,6.978,none,0,158.91000366210938,0
2026-09-03 19:00:00-04:00,SOXS,51.68,51.815,51.58,51.72,0,2026-10-08 22:23 JST,2026-10-08 09:23 ET,2026-10-07,0.9083,-3.4133,6.978,none,0,158.91000366210938,0
2026-09-04 04:00:00-04:00,SOXS,50.3,50.76,48.94,49.02,0,2026-10-08 22:23 JST,2026-10-08 09:23 ET,2026-10-07,0.9083,-3.4133,6.978,none,0,158.91000366210938,0
2026-09-04 05:00:00-04:00,SOXS,49.03,49.46,49.01,49.4303,0,2026-10-08 22:23 JST,2026-10-08 09:23 ET,2026-10-07,0.9083,-3.4133,6.978,none,0,158.91000366210938,0
2026-09-04 06:00:00-04:00,SOXS,49.43,49.49,48.56,48.62,0,2026-10-08 22:23 JST,2026-10-08 09:23 ET,2026-10-07,0.9083,-3.4133,6.978,none,0,158.91000366210938,0
2026-09-04 07:00:00-04:00,SOXS,48.62,49.16,48.54,49.04,0,2026-10-08 22:23 JST,2026-10-08 09:23 ET,2026-10-07,0.9083,-3.4133,6.978,none,0,158.91000366210938,0
2026-09-04 08:00:00-04:00,SOXS,49.03,49.07,48.31,48.51,0,2026-10-08 22:23 JST,2026-10-08 09:23 ET,2026-10-07,0.9083,-3.4133,6.978,none,0,158.91000366210938,0
2026-09-04 09:00:00-04:00,SOXS,48.57,50.59,48.41,50.09,0,2026-10-08 22:23 JST,2026-10-08 09:23 ET,2026-10-07,0.9083,-3.4133,6.978,none,0,158.91000366210938,0
2026-09-04 09:30:00-04:00,SOXS,49.560001373291016,50.209999084472656,46.2599983215332,46.70100021362305,28945878,2026-10-08 22:23 JST,2026-10-08 09:23 ET,2026-10-07,0.9083,-3.4133,6.978,none,0,158.91000366210938,0
2026-09-04 10:30:00-04:00,SOXS,47.04999923706055,47.70000076293945,46.40999984741211,47.1349983215332,7879279,2026-10-08 22:23 JST,2026-10-08 09:23 ET,2026-10-07,0.9083,-3.4133,6.978,none,0,158.91000366210938,0
2026-09-04 11:30:00-04:00,SOXS,47.130001068115234,47.439998626708984,46.56999969482422,46.720001220703125,4015701,2026-10-08 22:23 JST,2026-10-08 09:23 ET,2026-10-07,0.9083,-3.4133,6.978,none,0,158.91000366210938,0
2026-09-04 12:30:00-04:00,SOXS,46.724998474121094,47.310001373291016,46.345001220703125,47.26499938964844,3450258,2026-10-08 22:23 JST,2026-10-08 09:23 ET,2026-10-07,0.9083,-3.4133,6.978,none,0,158.91000366210938,0
2026-09-04 13:30:00-04:00,SOXS,47.26100158691406,47.53499984741211,46.91999816894531,46.935001373291016,2864431,2026-10-08 22:23 JST,2026-10-08 09:23 ET,2026-10-07,0.9083,-3.4133,6.978,none,0,158.91000366210938,0
2026-09-04 14:30:00-04:00,SOXS,46.93000030517578,47.630001068115234,46.869998931884766,47.439998626708984,2454961,2026-10-08 22:23 JST,2026-10-08 09:23 ET,2026-10-07,0.9083,-3.4133,6.978,none,0,158.91000366210938,0
2026-09-04 15:30:00-04:00,SOXS,47.45500183105469,47.560001373291016,46.099998474121094,46.34000015258789,4182469,2026-10-08 22:23 JST,2026-10-08 09:23 ET,2026-10-07,0.9083,-3.4133,6.978,none,0,158.91000366210938,0
2026-09-04 16:00:00-04:00,SOXS,46.34,46.72,46.34,46.62,0,2026-10-08 22:23 JST,2026-10-08 09:23 ET,2026-10-07,0.9083,-3.4133,6.978,none,0,158.91000366210938,0
2026-09-04 17:00:00-04:00,SOXS,46.62,46.65,46.5,46.59,0,2026-10-08 22:23 JST,2026-10-08 09:23 ET,2026-10-07,0.9083,-3.4133,6.978,none,0,158.91000366210938,0
2026-09-04 18:00:00-04:00,SOXS,46.59,46.66,46.52,46.52,0,2026-10-08 22:23 JST,2026-10-08 09:23 ET,2026-10-07,0.9083,-3.4133,6.978,none,0,158.91000366210938,0
2026-09-04 19:00:00-04:00,SOXS,46.53,46.65,46.475,46.61,0,2026-10-08 22:23 JST,2026-10-08 09:23 ET,2026-10-07,0.9083,-3.4133,6.978,none,0,158.91000366210938,0
2026-09-08 04:00:00-04:00,SOXS,45.1,46.15,42.9737,45.45,0,2026-10-08 22:23 JST,2026-10-08 09:23 ET,2026-10-07,0.9083,-3.4133,6.978,none,0,158.91000366210938,0
2026-09-08 05:00:00-04:00,SOXS,45.4986,45.65,44.92,44.96,0,2026-10-08 22:23 JST,2026-10-08 09:23 ET,2026-10-07,0.9083,-3.4133,6.978,none,0,158.91000366210938,0
2026-09-08 06:00:00-04:00,SOXS,44.9501,45.0,44.19,44.39,0,2026-10-08 22:23 JST,2026-10-08 09:23 ET,2026-10-07,0.9083,-3.4133,6.978,none,0,158.91000366210938,0
2026-09-08 07:00:00-04:00,SOXS,44.34,45.03,44.3,44.81,0,2026-10-08 22:23 JST,2026-10-08 09:23 ET,2026-10-07,0.9083,-3.4133,6.978,none,0,158.91000366210938,0
2026-09-08 08:00:00-04:00,SOXS,44.81,44.97,44.15,44.23,0,2026-10-08 22:23 JST,2026-10-08 09:23 ET,2026-10-07,0.9083,-3.4133,6.978,none,0,158.91000366210938,0
2026-09-08 09:00:00-04:00,SOXS,44.2186,44.26,43.34,43.5415,0,2026-10-08 22:23 JST,2026-10-08 09:23 ET,2026-10-07,0.9083,-3.4133,6.978,none,0,158.91000366210938,0
2026-09-08 09:30:00-04:00,SOXS,43.54999923706055,44.83000183105469,42.83000183105469,43.4901008605957,26411484,2026-10-08 22:23 JST,2026-10-08 09:23 ET,2026-10-07,0.9083,-3.4133,6.978,none,0,158.91000366210938,0
2026-09-08 10:30:00-04:00,SOXS,43.4900016784668,43.97999954223633,42.56999969482422,42.78499984741211,8595442,2026-10-08 22:23 JST,2026-10-08 09:23 ET,2026-10-07,0.9083,-3.4133,6.978,none,0,158.91000366210938,0
2026-09-08 11:30:00-04:00,SOXS,42.7599983215332,43.5,42.5099983215332,43.5,5380855,2026-10-08 22:23 JST,2026-10-08 09:23 ET,2026-10-07,0.9083,-3.4133,6.978,none,0,158.91000366210938,0
2026-09-08 12:30:00-04:00,SOXS,43.4900016784668,43.85499954223633,43.0,43.22999954223633,4442797,2026-10-08 22:23 JST,2026-10-08 09:23 ET,2026-10-07,0.9083,-3.4133,6.978,none,0,158.91000366210938,0
2026-09-08 13:30:00-04:00,SOXS,43.220001220703125,43.58380126953125,43.13999938964844,43.36000061035156,2153315,2026-10-08 22:23 JST,2026-10-08 09:23 ET,2026-10-07,0.9083,-3.4133,6.978,none,0,158.91000366210938,0
2026-09-08 14:30:00-04:00,SOXS,43.36899948120117,44.02000045776367,43.20000076293945,43.90010070800781,3744359,2026-10-08 22:23 JST,2026-10-08 09:23 ET,2026-10-07,0.9083,-3.4133,6.978,none,0,158.91000366210938,0
2026-09-08 15:30:00-04:00,SOXS,43.91999816894531,44.53499984741211,43.85499954223633,44.06999969482422,4971114,2026-10-08 22:23 JST,2026-10-08 09:23 ET,2026-10-07,0.9083,-3.4133,6.978,none,0,158.91000366210938,0
2026-09-08 16:00:00-04:00,SOXS,44.09,44.16,43.89,43.98,0,2026-10-08 22:23 JST,2026-10-08 09:23 ET,2026-10-07,0.9083,-3.4133,6.978,none,0,158.91000366210938,0
2026-09-08 17:00:00-04:00,SOXS,43.9803,44.08,43.93,44.08,0,2026-10-08 22:23 JST,2026-10-08 09:23 ET,2026-10-07,0.9083,-3.4133,6.978,none,0,158.91000366210938,0
2026-09-08 18:00:00-04:00,SOXS,44.04,44.15,43.9203,43.94,0,2026-10-08 22:23 JST,2026-10-08 09:23 ET,2026-10-07,0.9083,-3.4133,6.978,none,0,158.91000366210938,0
2026-09-08 19:00:00-04:00,SOXS,43.9201,44.23,43.861,44.1997,0,2026-10-08 22:23 JST,2026-10-08 09:23 ET,2026-10-07,0.9083,-3.4133,6.978,none,0,158.91000366210938,0
2026-09-09 04:00:00-04:00,SOXS,43.73,44.0,43.2264,43.4,0,2026-10-08 22:23 JST,2026-10-08 09:23 ET,2026-10-07,0.9083,-3.4133,6.978,none,0,158.91000366210938,0
2026-09-09 05:00:00-04:00,SOXS,43.45,44.16,43.36,44.09,0,2026-10-08 22:23 JST,2026-10-08 09:23 ET,2026-10-07,0.9083,-3.4133,6.978,none,0,158.91000366210938,0
2026-09-09 06:00:00-04:00,SOXS,44.11,45.82,44.03,45.47,0,2026-10-08 22:23 JST,2026-10-08 09:23 ET,2026-10-07,0.9083,-3.4133,6.978,none,0,158.91000366210938,0
2026-09-09 07:00:00-04:00,SOXS,45.5,45.75,45.2,45.37,0,2026-10-08 22:23 JST,2026-10-08 09:23 ET,2026-10-07,0.9083,-3.4133,6.978,none,0,158.91000366210938,0
2026-09-09 08:00:00-04:00,SOXS,45.37,45.96,45.06,45.77,0,2026-10-08 22:23 JST,2026-10-08 09:23 ET,2026-10-07,0.9083,-3.4133,6.978,none,0,158.91000366210938,0
2026-09-09 09:00:00-04:00,SOXS,45.78,45.85,45.42,45.47,0,2026-10-08 22:23 JST,2026-10-08 09:23 ET,2026-10-07,0.9083,-3.4133,6.978,none,0,158.91000366210938,0
2026-09-09 09:30:00-04:00,SOXS,44.79999923706055,44.81999969482422,42.314998626708984,42.775001525878906,27584938,2026-10-08 22:23 JST,2026-10-08 09:23 ET,2026-10-07,0.9083,-3.4133,6.978,none,0,158.91000366210938,0
2026-09-09 10:30:00-04:00,SOXS,42.775001525878906,44.25899887084961,42.660701751708984,43.95000076293945,9052324,2026-10-08 22:23 JST,2026-10-08 09:23 ET,2026-10-07,0.9083,-3.4133,6.978,none,0,158.91000366210938,0
2026-09-09 11:30:00-04:00,SOXS,43.939998626708984,43.959999084472656,43.06010055541992,43.69990158081055,4873011,2026-10-08 22:23 JST,2026-10-08 09:23 ET,2026-10-07,0.9083,-3.4133,6.978,none,0,158.91000366210938,0
2026-09-09 12:30:00-04:00,SOXS,43.68000030517578,43.709999084472656,42.959999084472656,43.3291015625,3502196,2026-10-08 22:23 JST,2026-10-08 09:23 ET,2026-10-07,0.9083,-3.4133,6.978,none,0,158.91000366210938,0
2026-09-09 13:30:00-04:00,SOXS,43.31999969482422,43.52000045776367,43.09000015258789,43.31999969482422,2257126,2026-10-08 22:23 JST,2026-10-08 09:23 ET,2026-10-07,0.9083,-3.4133,6.978,none,0,158.91000366210938,0
2026-09-09 14:30:00-04:00,SOXS,43.314998626708984,43.60499954223633,43.13199996948242,43.46500015258789,2645943,2026-10-08 22:23 JST,2026-10-08 09:23 ET,2026-10-07,0.9083,-3.4133,6.978,none,0,158.91000366210938,0
2026-09-09 15:30:00-04:00,SOXS,43.459999084472656,43.529998779296875,43.15999984741211,43.185001373291016,2368183,2026-10-08 22:23 JST,2026-10-08 09:23 ET,2026-10-07,0.9083,-3.4133,6.978,none,0,158.91000366210938,0
2026-09-09 16:00:00-04:00,SOXS,43.24,43.2892,43.0802,43.11,0,2026-10-08 22:23 JST,2026-10-08 09:23 ET,2026-10-07,0.9083,-3.4133,6.978,none,0,158.91000366210938,0
2026-09-09 17:00:00-04:00,SOXS,43.12,43.3,43.11,43.24,0,2026-10-08 22:23 JST,2026-10-08 09:23 ET,2026-10-07,0.9083,-3.4133,6.978,none,0,158.91000366210938,0
2026-09-09 18:00:00-04:00,SOXS,43.24,43.45,43.19,43.44,0,2026-10-08 22:23 JST,2026-10-08 09:23 ET,2026-10-07,0.9083,-3.4133,6.978,none,0,158.91000366210938,0
2026-09-09 19:00:00-04:00,SOXS,43.45,43.51,43.2307,43.32,0,2026-10-08 22:23 JST,2026-10-08 09:23 ET,2026-10-07,0.9083,-3.4133,6.978,none,0,158.91000366210938,0
2026-09-10 04:00:00-04:00,SOXS,44.05,44.25,43.29,43.96,0,2026-10-08 22:23 JST,2026-10-08 09:23 ET,2026-10-07,0.9083,-3.4133,6.978,none,0,158.91000366210938,0
2026-09-10 05:00:00-04:00,SOXS,43.96,44.35,43.9,44.33,0,2026-10-08 22:23 JST,2026-10-08 09:23 ET,2026-10-07,0.9083,-3.4133,6.978,none,0,158.91000366210938,0
2026-09-10 06:00:00-04:00,SOXS,44.35,44.62,44.24,44.4014,0,2026-10-08 22:23 JST,2026-10-08 09:23 ET,2026-10-07,0.9083,-3.4133,6.978,none,0,158.91000366210938,0
2026-09-10 07:00:00-04:00,SOXS,44.405,44.94,44.26,44.85,0,2026-10-08 22:23 JST,2026-10-08 09:23 ET,2026-10-07,0.9083,-3.4133,6.978,none,0,158.91000366210938,0
2026-09-10 08:00:00-04:00,SOXS,44.85,46.0,44.65,45.71,0,2026-10-08 22:23 JST,2026-10-08 09:23 ET,2026-10-07,0.9083,-3.4133,6.978,none,0,158.91000366210938,0
2026-09-10 09:00:00-04:00,SOXS,45.73,47.26,45.54,47.03,0,2026-10-08 22:23 JST,2026-10-08 09:23 ET,2026-10-07,0.9083,-3.4133,6.978,none,0,158.91000366210938,0
2026-09-10 09:30:00-04:00,SOXS,46.16120147705078,47.4900016784668,45.869998931884766,46.249900817871094,30318570,2026-10-08 22:23 JST,2026-10-08 09:23 ET,2026-10-07,0.9083,-3.4133,6.978,none,0,158.91000366210938,0
2026-09-10 10:30:00-04:00,SOXS,46.25,46.33000183105469,45.494998931884766,45.7400016784668,7265605,2026-10-08 22:23 JST,2026-10-08 09:23 ET,2026-10-07,0.9083,-3.4133,6.978,none,0,158.91000366210938,0
2026-09-10 11:30:00-04:00,SOXS,45.720001220703125,46.470001220703125,45.59000015258789,46.3650016784668,4555686,2026-10-08 22:23 JST,2026-10-08 09:23 ET,2026-10-07,0.9083,-3.4133,6.978,none,0,158.91000366210938,0
2026-09-10 12:30:00-04:00,SOXS,46.26499938964844,46.720001220703125,45.63999938964844,46.040000915527344,4021622,2026-10-08 22:23 JST,2026-10-08 09:23 ET,2026-10-07,0.9083,-3.4133,6.978,none,0,158.91000366210938,0
2026-09-10 13:30:00-04:00,SOXS,46.04499816894531,46.36000061035156,45.959999084472656,46.2599983215332,2373403,2026-10-08 22:23 JST,2026-10-08 09:23 ET,2026-10-07,0.9083,-3.4133,6.978,none,0,158.91000366210938,0
2026-09-10 14:30:00-04:00,SOXS,46.2599983215332,46.61000061035156,46.04999923706055,46.19499969482422,2946942,2026-10-08 22:23 JST,2026-10-08 09:23 ET,2026-10-07,0.9083,-3.4133,6.978,none,0,158.91000366210938,0
2026-09-10 15:30:00-04:00,SOXS,46.209999084472656,46.81999969482422,46.09130096435547,46.779998779296875,3542940,2026-10-08 22:23 JST,2026-10-08 09:23 ET,2026-10-07,0.9083,-3.4133,6.978,none,0,158.91000366210938,0
2026-09-10 16:00:00-04:00,SOXS,46.74,46.84,46.66,46.82,0,2026-10-08 22:23 JST,2026-10-08 09:23 ET,2026-10-07,0.9083,-3.4133,6.978,none,0,158.91000366210938,0
2026-09-10 17:00:00-04:00,SOXS,46.8195,46.83,46.45,46.6701,0,2026-10-08 22:23 JST,2026-10-08 09:23 ET,2026-10-07,0.9083,-3.4133,6.978,none,0,158.91000366210938,0
2026-09-10 18:00:00-04:00,SOXS,46.68,47.1659,46.62,47.12,0,2026-10-08 22:23 JST,2026-10-08 09:23 ET,2026-10-07,0.9083,-3.4133,6.978,none,0,158.91000366210938,0
2026-09-10 19:00:00-04:00,SOXS,47.12,47.44,47.03,47.4185,0,2026-10-08 22:23 JST,2026-10-08 09:23 ET,2026-10-07,0.9083,-3.4133,6.978,none,0,158.91000366210938,0
2026-09-11 04:00:00-04:00,SOXS,46.3,48.0,45.61,45.86,0,2026-10-08 22:23 JST,2026-10-08 09:23 ET,2026-10-07,0.9083,-3.4133,6.978,none,0,158.91000366210938,0
2026-09-11 05:00:00-04:00,SOXS,45.85,45.85,45.43,45.68,0,2026-10-08 22:23 JST,2026-10-08 09:23 ET,2026-10-07,0.9083,-3.4133,6.978,none,0,158.91000366210938,0
2026-09-11 06:00:00-04:00,SOXS,45.67,45.81,45.46,45.669,0,2026-10-08 22:23 JST,2026-10-08 09:23 ET,2026-10-07,0.9083,-3.4133,6.978,none,0,158.91000366210938,0
2026-09-11 07:00:00-04:00,SOXS,45.68,45.95,45.52,45.61,0,2026-10-08 22:23 JST,2026-10-08 09:23 ET,2026-10-07,0.9083,-3.4133,6.978,none,0,158.91000366210938,0
2026-09-11 08:00:00-04:00,SOXS,45.6185,45.6969,44.84,44.9916,0,2026-10-08 22:23 JST,2026-10-08 09:23 ET,2026-10-07,0.9083,-3.4133,6.978,none,0,158.91000366210938,0
2026-09-11 09:00:00-04:00,SOXS,44.92,46.66,44.04,44.37,0,2026-10-08 22:23 JST,2026-10-08 09:23 ET,2026-10-07,0.9083,-3.4133,6.978,none,0,158.91000366210938,0
2026-09-11 09:30:00-04:00,SOXS,44.689998626708984,45.81999969482422,43.6349983215332,43.974998474121094,30676438,2026-10-08 22:23 JST,2026-10-08 09:23 ET,2026-10-07,0.9083,-3.4133,6.978,none,0,158.91000366210938,0
2026-09-11 10:30:00-04:00,SOXS,43.97999954223633,44.899898529052734,43.33000183105469,43.38840103149414,9902557,2026-10-08 22:23 JST,2026-10-08 09:23 ET,2026-10-07,0.9083,-3.4133,6.978,none,0,158.91000366210938,0
2026-09-11 11:30:00-04:00,SOXS,43.38990020751953,44.09000015258789,43.154998779296875,44.07500076293945,6165357,2026-10-08 22:23 JST,2026-10-08 09:23 ET,2026-10-07,0.9083,-3.4133,6.978,none,0,158.91000366210938,0
2026-09-11 12:30:00-04:00,SOXS,44.059600830078125,44.209999084472656,43.3406982421875,43.38999938964844,4117813,2026-10-08 22:23 JST,2026-10-08 09:23 ET,2026-10-07,0.9083,-3.4133,6.978,none,0,158.91000366210938,0
2026-09-11 13:30:00-04:00,SOXS,43.3849983215332,43.65999984741211,43.12049865722656,43.529701232910156,3886042,2026-10-08 22:23 JST,2026-10-08 09:23 ET,2026-10-07,0.9083,-3.4133,6.978,none,0,158.91000366210938,0
2026-09-11 14:30:00-04:00,SOXS,43.560001373291016,44.27159881591797,43.369998931884766,44.22999954223633,4112971,2026-10-08 22:23 JST,2026-10-08 09:23 ET,2026-10-07,0.9083,-3.4133,6.978,none,0,158.91000366210938,0
2026-09-11 15:30:00-04:00,SOXS,44.220001220703125,44.380001068115234,44.06999969482422,44.165000915527344,3726157,2026-10-08 22:23 JST,2026-10-08 09:23 ET,2026-10-07,0.9083,-3.4133,6.978,none,0,158.91000366210938,0
2026-09-11 16:00:00-04:00,SOXS,44.14,44.291,44.12,44.1309,0,2026-10-08 22:23 JST,2026-10-08 09:23 ET,2026-10-07,0.9083,-3.4133,6.978,none,0,158.91000366210938,0
2026-09-11 17:00:00-04:00,SOXS,44.14,44.2,44.11,44.19,0,2026-10-08 22:23 JST,2026-10-08 09:23 ET,2026-10-07,0.9083,-3.4133,6.978,none,0,158.91000366210938,0
2026-09-11 18:00:00-04:00,SOXS,44.19,44.19,44.1,44.15,0,2026-10-08 22:23 JST,2026-10-08 09:23 ET,2026-10-07,0.9083,-3.4133,6.978,none,0,158.91000366210938,0
2026-09-11 19:00:00-04:00,SOXS,44.14,44.15,43.93,43.95,0,2026-10-08 22:23 JST,2026-10-08 09:23 ET,2026-10-07,0.9083,-3.4133,6.978,none,0,158.91000366210938,0
2026-09-14 04:00:00-04:00,SOXS,48.31,50.32,47.63,50.31,0,2026-10-08 22:23 JST,2026-10-08 09:23 ET,2026-10-07,0.9083,-3.4133,6.978,none,0,158.91000366210938,0
2026-09-14 05:00:00-04:00,SOXS,50.32,50.77,49.93,50.5,0,2026-10-08 22:23 JST,2026-10-08 09:23 ET,2026-10-07,0.9083,-3.4133,6.978,none,0,158.91000366210938,0
2026-09-14 06:00:00-04:00,SOXS,50.4812,50.59,50.02,50.08,0,2026-10-08 22:23 JST,2026-10-08 09:23 ET,2026-10-07,0.9083,-3.4133,6.978,none,0,158.91000366210938,0
2026-09-14 07:00:00-04:00,SOXS,50.08,50.805,50.01,50.35,0,2026-10-08 22:23 JST,2026-10-08 09:23 ET,2026-10-07,0.9083,-3.4133,6.978,none,0,158.91000366210938,0
2026-09-14 08:00:00-04:00,SOXS,50.35,51.59,50.34,51.3419,0,2026-10-08 22:23 JST,2026-10-08 09:23 ET,2026-10-07,0.9083,-3.4133,6.978,none,0,158.91000366210938,0
2026-09-14 09:00:00-04:00,SOXS,51.33,51.93,51.13,51.45,0,2026-10-08 22:23 JST,2026-10-08 09:23 ET,2026-10-07,0.9083,-3.4133,6.978,none,0,158.91000366210938,0
2026-09-14 09:30:00-04:00,SOXS,51.61000061035156,52.220001220703125,50.209999084472656,51.02000045776367,34097949,2026-10-08 22:23 JST,2026-10-08 09:23 ET,2026-10-07,0.9083,-3.4133,6.978,none,0,158.91000366210938,0
2026-09-14 10:30:00-04:00,SOXS,51.03229904174805,52.029998779296875,50.86000061035156,51.40999984741211,6590913,2026-10-08 22:23 JST,2026-10-08 09:23 ET,2026-10-07,0.9083,-3.4133,6.978,none,0,158.91000366210938,0
2026-09-14 11:30:00-04:00,SOXS,51.400001525878906,51.5099983215332,50.53499984741211,50.9900016784668,5447279,2026-10-08 22:23 JST,2026-10-08 09:23 ET,2026-10-07,0.9083,-3.4133,6.978,none,0,158.91000366210938,0
2026-09-14 12:30:00-04:00,SOXS,51.02000045776367,51.189998626708984,50.45009994506836,50.7599983215332,3028937,2026-10-08 22:23 JST,2026-10-08 09:23 ET,2026-10-07,0.9083,-3.4133,6.978,none,0,158.91000366210938,0
2026-09-14 13:30:00-04:00,SOXS,50.75,50.91999816894531,50.43000030517578,50.68000030517578,2037379,2026-10-08 22:23 JST,2026-10-08 09:23 ET,2026-10-07,0.9083,-3.4133,6.978,none,0,158.91000366210938,0
2026-09-14 14:30:00-04:00,SOXS,50.68000030517578,50.899898529052734,50.20500183105469,50.875,3269640,2026-10-08 22:23 JST,2026-10-08 09:23 ET,2026-10-07,0.9083,-3.4133,6.978,none,0,158.91000366210938,0
2026-09-14 15:30:00-04:00,SOXS,50.880001068115234,51.77989959716797,50.79059982299805,51.75,6720410,2026-10-08 22:23 JST,2026-10-08 09:23 ET,2026-10-07,0.9083,-3.4133,6.978,none,0,158.91000366210938,0
2026-09-14 16:00:00-04:00,SOXS,51.72,51.7923,50.3498,51.14,0,2026-10-08 22:23 JST,2026-10-08 09:23 ET,2026-10-07,0.9083,-3.4133,6.978,none,0,158.91000366210938,0
2026-09-14 17:00:00-04:00,SOXS,51.11,51.14,50.86,50.8803,0,2026-10-08 22:23 JST,2026-10-08 09:23 ET,2026-10-07,0.9083,-3.4133,6.978,none,0,158.91000366210938,0
2026-09-14 18:00:00-04:00,SOXS,50.88,51.14,50.85,50.93,0,2026-10-08 22:23 JST,2026-10-08 09:23 ET,2026-10-07,0.9083,-3.4133,6.978,none,0,158.91000366210938,0
2026-09-14 19:00:00-04:00,SOXS,50.94,51.04,50.78,50.8802,0,2026-10-08 22:23 JST,2026-10-08 09:23 ET,2026-10-07,0.9083,-3.4133,6.978,none,0,158.91000366210938,0
2026-09-15 04:00:00-04:00,SOXS,51.87,52.34,50.96,51.845,0,2026-10-08 22:23 JST,2026-10-08 09:23 ET,2026-10-07,0.9083,-3.4133,6.978,none,0,158.91000366210938,0
2026-09-15 05:00:00-04:00,SOXS,51.89,52.18,51.7,51.8821,0,2026-10-08 22:23 JST,2026-10-08 09:23 ET,2026-10-07,0.9083,-3.4133,6.978,none,0,158.91000366210938,0
2026-09-15 06:00:00-04:00,SOXS,51.91,51.96,50.74,50.8284,0,2026-10-08 22:23 JST,2026-10-08 09:23 ET,2026-10-07,0.9083,-3.4133,6.978,none,0,158.91000366210938,0
2026-09-15 07:00:00-04:00,SOXS,50.8,50.96,50.02,50.3359,0,2026-10-08 22:23 JST,2026-10-08 09:23 ET,2026-10-07,0.9083,-3.4133,6.978,none,0,158.91000366210938,0
2026-09-15 08:00:00-04:00,SOXS,50.3501,50.59,50.05,50.17,0,2026-10-08 22:23 JST,2026-10-08 09:23 ET,2026-10-07,0.9083,-3.4133,6.978,none,0,158.91000366210938,0
2026-09-15 09:00:00-04:00,SOXS,50.1902,50.4,49.65,50.1544,0,2026-10-08 22:23 JST,2026-10-08 09:23 ET,2026-10-07,0.9083,-3.4133,6.978,none,0,158.91000366210938,0
2026-09-15 09:30:00-04:00,SOXS,49.869998931884766,50.709999084472656,49.2599983215332,50.150001525878906,21742039,2026-10-08 22:23 JST,2026-10-08 09:23 ET,2026-10-07,0.9083,-3.4133,6.978,none,0,158.91000366210938,0
2026-09-15 10:30:00-04:00,SOXS,50.150001525878906,51.40999984741211,49.88999938964844,50.630001068115234,7824447,2026-10-08 22:23 JST,2026-10-08 09:23 ET,2026-10-07,0.9083,-3.4133,6.978,none,0,158.91000366210938,0
2026-09-15 11:30:00-04:00,SOXS,50.630001068115234,51.720001220703125,50.630001068115234,51.345001220703125,3007957,2026-10-08 22:23 JST,2026-10-08 09:23 ET,2026-10-07,0.9083,-3.4133,6.978,none,0,158.91000366210938,0
2026-09-15 12:30:00-04:00,SOXS,51.359901428222656,51.79999923706055,51.2400016784668,51.43000030517578,2139601,2026-10-08 22:23 JST,2026-10-08 09:23 ET,2026-10-07,0.9083,-3.4133,6.978,none,0,158.91000366210938,0
2026-09-15 13:30:00-04:00,SOXS,51.439998626708984,51.7599983215332,51.092899322509766,51.16999816894531,1781297,2026-10-08 22:23 JST,2026-10-08 09:23 ET,2026-10-07,0.9083,-3.4133,6.978,none,0,158.91000366210938,0
2026-09-15 14:30:00-04:00,SOXS,51.16999816894531,51.66999816894531,51.119998931884766,51.22999954223633,1675017,2026-10-08 22:23 JST,2026-10-08 09:23 ET,2026-10-07,0.9083,-3.4133,6.978,none,0,158.91000366210938,0
2026-09-15 15:30:00-04:00,SOXS,51.25,51.35499954223633,50.9900016784668,51.080101013183594,2144637,2026-10-08 22:23 JST,2026-10-08 09:23 ET,2026-10-07,0.9083,-3.4133,6.978,none,0,158.91000366210938,0
2026-09-15 16:00:00-04:00,SOXS,51.07,51.13,50.8,50.88,0,2026-10-08 22:23 JST,2026-10-08 09:23 ET,2026-10-07,0.9083,-3.4133,6.978,none,0,158.91000366210938,0
2026-09-15 17:00:00-04:00,SOXS,50.85,51.05,50.84,51.01,0,2026-10-08 22:23 JST,2026-10-08 09:23 ET,2026-10-07,0.9083,-3.4133,6.978,none,0,158.91000366210938,0
2026-09-15 18:00:00-04:00,SOXS,50.97,51.04,50.89,50.96,0,2026-10-08 22:23 JST,2026-10-08 09:23 ET,2026-10-07,0.9083,-3.4133,6.978,none,0,158.91000366210938,0
2026-09-15 19:00:00-04:00,SOXS,50.96,51.05,50.92,51.04,0,2026-10-08 22:23 JST,2026-10-08 09:23 ET,2026-10-07,0.9083,-3.4133,6.978,none,0,158.91000366210938,0
2026-09-16 04:00:00-04:00,SOXS,49.12,50.48,48.72,49.16,0,2026-10-08 22:23 JST,2026-10-08 09:23 ET,2026-10-07,0.9083,-3.4133,6.978,none,0,158.91000366210938,0
2026-09-16 05:00:00-04:00,SOXS,49.1507,49.4,48.851,49.01,0,2026-10-08 22:23 JST,2026-10-08 09:23 ET,2026-10-07,0.9083,-3.4133,6.978,none,0,158.91000366210938,0
2026-09-16 06:00:00-04:00,SOXS,49.01,49.17,48.76,49.09,0,2026-10-08 22:23 JST,2026-10-08 09:23 ET,2026-10-07,0.9083,-3.4133,6.978,none,0,158.91000366210938,0
2026-09-16 07:00:00-04:00,SOXS,49.07,49.33,48.72,49.0,0,2026-10-08 22:23 JST,2026-10-08 09:23 ET,2026-10-07,0.9083,-3.4133,6.978,none,0,158.91000366210938,0
2026-09-16 08:00:00-04:00,SOXS,49.0003,49.0597,48.52,48.597,0,2026-10-08 22:23 JST,2026-10-08 09:23 ET,2026-10-07,0.9083,-3.4133,6.978,none,0,158.91000366210938,0
2026-09-16 09:00:00-04:00,SOXS,48.61,49.1,48.59,48.8469,0,2026-10-08 22:23 JST,2026-10-08 09:23 ET,2026-10-07,0.9083,-3.4133,6.978,none,0,158.91000366210938,0
2026-09-16 09:30:00-04:00,SOXS,48.54999923706055,49.097999572753906,47.779998779296875,48.1599006652832,18980178,2026-10-08 22:23 JST,2026-10-08 09:23 ET,2026-10-07,0.9083,-3.4133,6.978,none,0,158.91000366210938,0
2026-09-16 10:30:00-04:00,SOXS,48.15999984741211,48.59000015258789,47.779998779296875,48.019901275634766,6056553,2026-10-08 22:23 JST,2026-10-08 09:23 ET,2026-10-07,0.9083,-3.4133,6.978,none,0,158.91000366210938,0
2026-09-16 11:30:00-04:00,SOXS,48.02000045776367,48.290000915527344,47.56999969482422,48.150001525878906,3740565,2026-10-08 22:23 JST,2026-10-08 09:23 ET,2026-10-07,0.9083,-3.4133,6.978,none,0,158.91000366210938,0
2026-09-16 12:30:00-04:00,SOXS,48.130001068115234,48.71500015258789,48.11000061035156,48.63999938964844,2466573,2026-10-08 22:23 JST,2026-10-08 09:23 ET,2026-10-07,0.9083,-3.4133,6.978,none,0,158.91000366210938,0
2026-09-16 13:30:00-04:00,SOXS,48.63999938964844,49.36000061035156,47.709999084472656,48.83000183105469,7537848,2026-10-08 22:23 JST,2026-10-08 09:23 ET,2026-10-07,0.9083,-3.4133,6.978,none,0,158.91000366210938,0
2026-09-16 14:30:00-04:00,SOXS,48.849998474121094,51.720001220703125,48.68669891357422,51.05009841918945,13131454,2026-10-08 22:23 JST,2026-10-08 09:23 ET,2026-10-07,0.9083,-3.4133,6.978,none,0,158.91000366210938,0
2026-09-16 15:30:00-04:00,SOXS,51.06999969482422,51.15999984741211,50.099998474121094,50.16999816894531,4523613,2026-10-08 22:23 JST,2026-10-08 09:23 ET,2026-10-07,0.9083,-3.4133,6.978,none,0,158.91000366210938,0
2026-09-16 16:00:00-04:00,SOXS,50.1773,50.35,49.94,50.0449,0,2026-10-08 22:23 JST,2026-10-08 09:23 ET,2026-10-07,0.9083,-3.4133,6.978,none,0,158.91000366210938,0
2026-09-16 17:00:00-04:00,SOXS,50.02,50.16,49.72,49.83,0,2026-10-08 22:23 JST,2026-10-08 09:23 ET,2026-10-07,0.9083,-3.4133,6.978,none,0,158.91000366210938,0
2026-09-16 18:00:00-04:00,SOXS,49.83,50.02,48.81,49.19,0,2026-10-08 22:23 JST,2026-10-08 09:23 ET,2026-10-07,0.9083,-3.4133,6.978,none,0,158.91000366210938,0
2026-09-16 19:00:00-04:00,SOXS,49.186,49.186,48.3262,48.51,0,2026-10-08 22:23 JST,2026-10-08 09:23 ET,2026-10-07,0.9083,-3.4133,6.978,none,0,158.91000366210938,0
2026-09-17 04:00:00-04:00,SOXS,48.29,49.32,47.96,47.99,0,2026-10-08 22:23 JST,2026-10-08 09:23 ET,2026-10-07,0.9083,-3.4133,6.978,none,0,158.91000366210938,0
2026-09-17 05:00:00-04:00,SOXS,47.98,48.0911,47.2289,47.49,0,2026-10-08 22:23 JST,2026-10-08 09:23 ET,2026-10-07,0.9083,-3.4133,6.978,none,0,158.91000366210938,0
2026-09-17 06:00:00-04:00,SOXS,47.48,47.51,47.02,47.099,0,2026-10-08 22:23 JST,2026-10-08 09:23 ET,2026-10-07,0.9083,-3.4133,6.978,none,0,158.91000366210938,0
2026-09-17 07:00:00-04:00,SOXS,47.09,47.3011,46.8,47.03,0,2026-10-08 22:23 JST,2026-10-08 09:23 ET,2026-10-07,0.9083,-3.4133,6.978,none,0,158.91000366210938,0
2026-09-17 08:00:00-04:00,SOXS,47.0389,47.14,45.71,45.7492,0,2026-10-08 22:23 JST,2026-10-08 09:23 ET,2026-10-07,0.9083,-3.4133,6.978,none,0,158.91000366210938,0
2026-09-17 09:00:00-04:00,SOXS,45.72,45.8,45.1,45.13,0,2026-10-08 22:23 JST,2026-10-08 09:23 ET,2026-10-07,0.9083,-3.4133,6.978,none,0,158.91000366210938,0
2026-09-17 09:30:00-04:00,SOXS,45.71500015258789,46.34000015258789,44.66999816894531,45.439998626708984,26941516,2026-10-08 22:23 JST,2026-10-08 09:23 ET,2026-10-07,0.9083,-3.4133,6.978,none,0,158.91000366210938,0
2026-09-17 10:30:00-04:00,SOXS,45.43000030517578,45.720001220703125,45.119998931884766,45.33000183105469,5248102,2026-10-08 22:23 JST,2026-10-08 09:23 ET,2026-10-07,0.9083,-3.4133,6.978,none,0,158.91000366210938,0
2026-09-17 11:30:00-04:00,SOXS,45.33000183105469,45.43000030517578,44.90999984741211,44.939998626708984,4248628,2026-10-08 22:23 JST,2026-10-08 09:23 ET,2026-10-07,0.9083,-3.4133,6.978,none,0,158.91000366210938,0
2026-09-17 12:30:00-04:00,SOXS,44.93069839477539,45.14849853515625,44.68000030517578,44.829898834228516,4055051,2026-10-08 22:23 JST,2026-10-08 09:23 ET,2026-10-07,0.9083,-3.4133,6.978,none,0,158.91000366210938,0
2026-09-17 13:30:00-04:00,SOXS,44.82500076293945,44.95000076293945,44.75979995727539,44.86009979248047,2356194,2026-10-08 22:23 JST,2026-10-08 09:23 ET,2026-10-07,0.9083,-3.4133,6.978,none,0,158.91000366210938,0
2026-09-17 14:30:00-04:00,SOXS,44.8650016784668,45.09000015258789,44.7599983215332,45.060001373291016,2897993,2026-10-08 22:23 JST,2026-10-08 09:23 ET,2026-10-07,0.9083,-3.4133,6.978,none,0,158.91000366210938,0
2026-09-17 15:30:00-04:00,SOXS,45.060001373291016,45.06999969482422,44.72999954223633,44.980098724365234,3703399,2026-10-08 22:23 JST,2026-10-08 09:23 ET,2026-10-07,0.9083,-3.4133,6.978,none,0,158.91000366210938,0
2026-09-17 16:00:00-04:00,SOXS,44.94,45.14,44.94,45.0,0,2026-10-08 22:23 JST,2026-10-08 09:23 ET,2026-10-07,0.9083,-3.4133,6.978,none,0,158.91000366210938,0
2026-09-17 17:00:00-04:00,SOXS,45.0,45.01,44.8,44.89,0,2026-10-08 22:23 JST,2026-10-08 09:23 ET,2026-10-07,0.9083,-3.4133,6.978,none,0,158.91000366210938,0
2026-09-17 18:00:00-04:00,SOXS,44.89,45.3,44.89,45.17,0,2026-10-08 22:23 JST,2026-10-08 09:23 ET,2026-10-07,0.9083,-3.4133,6.978,none,0,158.91000366210938,0
2026-09-17 19:00:00-04:00,SOXS,45.17,45.25,45.06,45.1169,0,2026-10-08 22:23 JST,2026-10-08 09:23 ET,2026-10-07,0.9083,-3.4133,6.978,none,0,158.91000366210938,0
2026-09-18 04:00:00-04:00,SOXS,43.88,44.99,43.04,43.58,0,2026-10-08 22:23 JST,2026-10-08 09:23 ET,2026-10-07,0.9083,-3.4133,6.978,none,0,158.91000366210938,0
2026-09-18 05:00:00-04:00,SOXS,43.58,43.85,43.42,43.7361,0,2026-10-08 22:23 JST,2026-10-08 09:23 ET,2026-10-07,0.9083,-3.4133,6.978,none,0,158.91000366210938,0
2026-09-18 06:00:00-04:00,SOXS,43.7289,44.08,43.5,43.5189,0,2026-10-08 22:23 JST,2026-10-08 09:23 ET,2026-10-07,0.9083,-3.4133,6.978,none,0,158.91000366210938,0
2026-09-18 07:00:00-04:00,SOXS,43.51,44.5,43.48,44.5,0,2026-10-08 22:23 JST,2026-10-08 09:23 ET,2026-10-07,0.9083,-3.4133,6.978,none,0,158.91000366210938,0
2026-09-18 08:00:00-04:00,SOXS,44.5011,44.87,44.224,44.77,0,2026-10-08 22:23 JST,2026-10-08 09:23 ET,2026-10-07,0.9083,-3.4133,6.978,none,0,158.91000366210938,0
2026-09-18 09:00:00-04:00,SOXS,44.77,44.99,44.58,44.73,0,2026-10-08 22:23 JST,2026-10-08 09:23 ET,2026-10-07,0.9083,-3.4133,6.978,none,0,158.91000366210938,0
2026-09-18 09:30:00-04:00,SOXS,44.11000061035156,44.189998626708984,43.099998474121094,43.51499938964844,25966921,2026-10-08 22:23 JST,2026-10-08 09:23 ET,2026-10-07,0.9083,-3.4133,6.978,none,0,158.91000366210938,0
2026-09-18 10:30:00-04:00,SOXS,43.500099182128906,43.845001220703125,43.380001068115234,43.494998931884766,4619564,2026-10-08 22:23 JST,2026-10-08 09:23 ET,2026-10-07,0.9083,-3.4133,6.978,none,0,158.91000366210938,0
2026-09-18 11:30:00-04:00,SOXS,43.5,44.2599983215332,43.44499969482422,44.06999969482422,4607180,2026-10-08 22:23 JST,2026-10-08 09:23 ET,2026-10-07,0.9083,-3.4133,6.978,none,0,158.91000366210938,0
2026-09-18 12:30:00-04:00,SOXS,44.06999969482422,44.125,43.68000030517578,43.71500015258789,2886367,2026-10-08 22:23 JST,2026-10-08 09:23 ET,2026-10-07,0.9083,-3.4133,6.978,none,0,158.91000366210938,0
2026-09-18 13:30:00-04:00,SOXS,43.720001220703125,43.849998474121094,43.56999969482422,43.744998931884766,2163648,2026-10-08 22:23 JST,2026-10-08 09:23 ET,2026-10-07,0.9083,-3.4133,6.978,none,0,158.91000366210938,0
2026-09-18 14:30:00-04:00,SOXS,43.739898681640625,43.8568000793457,43.2400016784668,43.32500076293945,3356179,2026-10-08 22:23 JST,2026-10-08 09:23 ET,2026-10-07,0.9083,-3.4133,6.978,none,0,158.91000366210938,0
2026-09-18 15:30:00-04:00,SOXS,43.32820129394531,43.470001220703125,41.46500015258789,41.48500061035156,8005515,2026-10-08 22:23 JST,2026-10-08 09:23 ET,2026-10-07,0.9083,-3.4133,6.978,none,0,158.91000366210938,0
2026-09-18 16:00:00-04:00,SOXS,41.49,41.69,41.26,41.53,0,2026-10-08 22:23 JST,2026-10-08 09:23 ET,2026-10-07,0.9083,-3.4133,6.978,none,0,158.91000366210938,0
2026-09-18 17:00:00-04:00,SOXS,41.53,41.65,41.51,41.53,0,2026-10-08 22:23 JST,2026-10-08 09:23 ET,2026-10-07,0.9083,-3.4133,6.978,none,0,158.91000366210938,0
2026-09-18 18:00:00-04:00,SOXS,41.52,41.98,41.49,41.83,0,2026-10-08 22:23 JST,2026-10-08 09:23 ET,2026-10-07,0.9083,-3.4133,6.978,none,0,158.91000366210938,0
2026-09-18 19:00:00-04:00,SOXS,41.8231,41.86,41.59,41.59,0,2026-10-08 22:23 JST,2026-10-08 09:23 ET,2026-10-07,0.9083,-3.4133,6.978,none,0,158.91000366210938,0
2026-09-21 04:00:00-04:00,SOXS,39.93,40.51,38.98,39.1,0,2026-10-08 22:23 JST,2026-10-08 09:23 ET,2026-10-07,0.9083,-3.4133,6.978,none,0,158.91000366210938,0
2026-09-21 05:00:00-04:00,SOXS,39.1,39.12,38.44,38.53,0,2026-10-08 22:23 JST,2026-10-08 09:23 ET,2026-10-07,0.9083,-3.4133,6.978,none,0,158.91000366210938,0
2026-09-21 06:00:00-04:00,SOXS,38.535,38.78,38.4197,38.69,0,2026-10-08 22:23 JST,2026-10-08 09:23 ET,2026-10-07,0.9083,-3.4133,6.978,none,0,158.91000366210938,0
2026-09-21 07:00:00-04:00,SOXS,38.68,39.1,38.425,38.91,0,2026-10-08 22:23 JST,2026-10-08 09:23 ET,2026-10-07,0.9083,-3.4133,6.978,none,0,158.91000366210938,0
2026-09-21 08:00:00-04:00,SOXS,38.92,39.03,38.29,38.7,0,2026-10-08 22:23 JST,2026-10-08 09:23 ET,2026-10-07,0.9083,-3.4133,6.978,none,0,158.91000366210938,0
2026-09-21 09:00:00-04:00,SOXS,38.7011,38.74,38.335,38.72,0,2026-10-08 22:23 JST,2026-10-08 09:23 ET,2026-10-07,0.9083,-3.4133,6.978,none,0,158.91000366210938,0
2026-09-21 09:30:00-04:00,SOXS,38.75,39.5099983215332,37.189998626708984,37.24150085449219,33056746,2026-10-08 22:23 JST,2026-10-08 09:23 ET,2026-10-07,0.9083,-3.4133,6.978,none,0,158.91000366210938,0
2026-09-21 10:30:00-04:00,SOXS,37.2400016784668,37.47894287109375,36.18009948730469,36.18009948730469,13971681,2026-10-08 22:23 JST,2026-10-08 09:23 ET,2026-10-07,0.9083,-3.4133,6.978,none,0,158.91000366210938,0
2026-09-21 11:30:00-04:00,SOXS,36.189998626708984,36.54890060424805,36.05030059814453,36.1150016784668,7591086,2026-10-08 22:23 JST,2026-10-08 09:23 ET,2026-10-07,0.9083,-3.4133,6.978,none,0,158.91000366210938,0
2026-09-21 12:30:00-04:00,SOXS,36.119998931884766,36.470001220703125,35.900699615478516,36.29010009765625,5919165,2026-10-08 22:23 JST,2026-10-08 09:23 ET,2026-10-07,0.9083,-3.4133,6.978,none,0,158.91000366210938,0
2026-09-21 13:30:00-04:00,SOXS,36.290000915527344,36.31999969482422,35.689998626708984,35.755001068115234,5531633,2026-10-08 22:23 JST,2026-10-08 09:23 ET,2026-10-07,0.9083,-3.4133,6.978,none,0,158.91000366210938,0
2026-09-21 14:30:00-04:00,SOXS,35.75,35.869998931884766,35.150001525878906,35.3828010559082,7969126,2026-10-08 22:23 JST,2026-10-08 09:23 ET,2026-10-07,0.9083,-3.4133,6.978,none,0,158.91000366210938,0
2026-09-21 15:30:00-04:00,SOXS,35.38990020751953,35.415000915527344,34.68000030517578,35.33000183105469,8266607,2026-10-08 22:23 JST,2026-10-08 09:23 ET,2026-10-07,0.9083,-3.4133,6.978,none,0,158.91000366210938,0
2026-09-21 16:00:00-04:00,SOXS,34.89359,35.54,34.89359,35.42,0,2026-10-08 22:23 JST,2026-10-08 09:23 ET,2026-10-07,0.9083,-3.4133,6.978,none,0,158.91000366210938,0
2026-09-21 17:00:00-04:00,SOXS,35.4055,35.4546,35.25,35.32,0,2026-10-08 22:23 JST,2026-10-08 09:23 ET,2026-10-07,0.9083,-3.4133,6.978,none,0,158.91000366210938,0
2026-09-21 18:00:00-04:00,SOXS,35.32,35.32,34.94,35.0,0,2026-10-08 22:23 JST,2026-10-08 09:23 ET,2026-10-07,0.9083,-3.4133,6.978,none,0,158.91000366210938,0
2026-09-21 19:00:00-04:00,SOXS,34.99,34.99,34.63,34.6501,0,2026-10-08 22:23 JST,2026-10-08 09:23 ET,2026-10-07,0.9083,-3.4133,6.978,none,0,158.91000366210938,0
2026-09-22 04:00:00-04:00,SOXS,35.59,36.55,34.28,36.52,0,2026-10-08 22:23 JST,2026-10-08 09:23 ET,2026-10-07,0.9083,-3.4133,6.978,none,0,158.91000366210938,0
2026-09-22 05:00:00-04:00,SOXS,36.59,36.59,35.53,35.765,0,2026-10-08 22:23 JST,2026-10-08 09:23 ET,2026-10-07,0.9083,-3.4133,6.978,none,0,158.91000366210938,0
2026-09-22 06:00:00-04:00,SOXS,35.76,35.84,34.81,35.165,0,2026-10-08 22:23 JST,2026-10-08 09:23 ET,2026-10-07,0.9083,-3.4133,6.978,none,0,158.91000366210938,0
2026-09-22 07:00:00-04:00,SOXS,35.17,35.755,35.02,35.755,0,2026-10-08 22:23 JST,2026-10-08 09:23 ET,2026-10-07,0.9083,-3.4133,6.978,none,0,158.91000366210938,0
2026-09-22 08:00:00-04:00,SOXS,35.76,36.25,35.52,35.97,0,2026-10-08 22:23 JST,2026-10-08 09:23 ET,2026-10-07,0.9083,-3.4133,6.978,none,0,158.91000366210938,0
2026-09-22 09:00:00-04:00,SOXS,35.975,36.32,35.91,36.3001,0,2026-10-08 22:23 JST,2026-10-08 09:23 ET,2026-10-07,0.9083,-3.4133,6.978,none,0,158.91000366210938,0
2026-09-22 09:30:00-04:00,SOXS,35.97999954223633,36.0099983215332,33.540000915527344,33.584999084472656,43008128,2026-10-08 22:23 JST,2026-10-08 09:23 ET,2026-10-07,0.9083,-3.4133,6.978,none,0,158.91000366210938,0
2026-09-22 10:30:00-04:00,SOXS,33.58000183105469,34.35499954223633,33.23649978637695,33.810001373291016,12287066,2026-10-08 22:23 JST,2026-10-08 09:23 ET,2026-10-07,0.9083,-3.4133,6.978,none,0,158.91000366210938,0
2026-09-22 11:30:00-04:00,SOXS,33.814998626708984,33.8650016784668,33.33000183105469,33.778499603271484,5275581,2026-10-08 22:23 JST,2026-10-08 09:23 ET,2026-10-07,0.9083,-3.4133,6.978,none,0,158.91000366210938,0
2026-09-22 12:30:00-04:00,SOXS,33.775001525878906,33.775001525878906,33.20000076293945,33.34640121459961,4527114,2026-10-08 22:23 JST,2026-10-08 09:23 ET,2026-10-07,0.9083,-3.4133,6.978,none,0,158.91000366210938,0
2026-09-22 13:30:00-04:00,SOXS,33.3400993347168,33.4900016784668,32.935001373291016,32.95000076293945,5484960,2026-10-08 22:23 JST,2026-10-08 09:23 ET,2026-10-07,0.9083,-3.4133,6.978,none,0,158.91000366210938,0
2026-09-22 14:30:00-04:00,SOXS,32.959999084472656,33.1599006652832,32.779998779296875,32.869998931884766,4746956,2026-10-08 22:23 JST,2026-10-08 09:23 ET,2026-10-07,0.9083,-3.4133,6.978,none,0,158.91000366210938,0
2026-09-22 15:30:00-04:00,SOXS,32.869998931884766,32.880001068115234,32.252899169921875,32.415000915527344,6892916,2026-10-08 22:23 JST,2026-10-08 09:23 ET,2026-10-07,0.9083,-3.4133,6.978,none,0,158.91000366210938,0
2026-09-22 16:00:00-04:00,SOXS,32.42,32.72,32.42,32.68,0,2026-10-08 22:23 JST,2026-10-08 09:23 ET,2026-10-07,0.9083,-3.4133,6.978,none,0,158.91000366210938,0
2026-09-22 17:00:00-04:00,SOXS,32.651,32.74,32.64,32.74,0,2026-10-08 22:23 JST,2026-10-08 09:23 ET,2026-10-07,0.9083,-3.4133,6.978,none,0,158.91000366210938,0
2026-09-22 18:00:00-04:00,SOXS,32.73,32.73,32.32,32.4105,0,2026-10-08 22:23 JST,2026-10-08 09:23 ET,2026-10-07,0.9083,-3.4133,6.978,none,0,158.91000366210938,0
2026-09-22 19:00:00-04:00,SOXS,32.41,32.45,32.2,32.23,0,2026-10-08 22:23 JST,2026-10-08 09:23 ET,2026-10-07,0.9083,-3.4133,6.978,none,0,158.91000366210938,0
2026-09-23 04:00:00-04:00,SOXS,32.93,33.15,32.42,32.88,0,2026-10-08 22:23 JST,2026-10-08 09:23 ET,2026-10-07,0.9083,-3.4133,6.978,none,0,158.91000366210938,0
2026-09-23 05:00:00-04:00,SOXS,32.88,33.18,32.84,32.96,0,2026-10-08 22:23 JST,2026-10-08 09:23 ET,2026-10-07,0.9083,-3.4133,6.978,none,0,158.91000366210938,0
2026-09-23 06:00:00-04:00,SOXS,32.95,33.16,32.9,33.05,0,2026-10-08 22:23 JST,2026-10-08 09:23 ET,2026-10-07,0.9083,-3.4133,6.978,none,0,158.91000366210938,0
2026-09-23 07:00:00-04:00,SOXS,33.04,33.6606,33.01,33.6606,0,2026-10-08 22:23 JST,2026-10-08 09:23 ET,2026-10-07,0.9083,-3.4133,6.978,none,0,158.91000366210938,0
2026-09-23 08:00:00-04:00,SOXS,33.675,33.91,33.57,33.69,0,2026-10-08 22:23 JST,2026-10-08 09:23 ET,2026-10-07,0.9083,-3.4133,6.978,none,0,158.91000366210938,0
2026-09-23 09:00:00-04:00,SOXS,33.68,33.69,33.405,33.5002,0,2026-10-08 22:23 JST,2026-10-08 09:23 ET,2026-10-07,0.9083,-3.4133,6.978,none,0,158.91000366210938,0
2026-09-23 09:30:00-04:00,SOXS,32.869998931884766,35.060001373291016,32.630001068115234,34.77000045776367,40507104,2026-10-08 22:23 JST,2026-10-08 09:23 ET,2026-10-07,0.9083,-3.4133,6.978,none,0,158.91000366210938,0
2026-09-23 10:30:00-04:00,SOXS,34.7599983215332,34.97999954223633,33.630001068115234,33.84989929199219,13963116,2026-10-08 22:23 JST,2026-10-08 09:23 ET,2026-10-07,0.9083,-3.4133,6.978,none,0,158.91000366210938,0
2026-09-23 11:30:00-04:00,SOXS,33.84989929199219,34.41999816894531,33.810001373291016,34.3302001953125,5950116,2026-10-08 22:23 JST,2026-10-08 09:23 ET,2026-10-07,0.9083,-3.4133,6.978,none,0,158.91000366210938,0
2026-09-23 12:30:00-04:00,SOXS,34.34000015258789,34.84000015258789,34.13999938964844,34.480098724365234,6224185,2026-10-08 22:23 JST,2026-10-08 09:23 ET,2026-10-07,0.9083,-3.4133,6.978,none,0,158.91000366210938,0
2026-09-23 13:30:00-04:00,SOXS,34.4900016784668,34.529998779296875,33.790000915527344,33.858699798583984,5508592,2026-10-08 22:23 JST,2026-10-08 09:23 ET,2026-10-07,0.9083,-3.4133,6.978,none,0,158.91000366210938,0
2026-09-23 14:30:00-04:00,SOXS,33.86000061035156,34.029998779296875,33.709999084472656,33.904998779296875,3991899,2026-10-08 22:23 JST,2026-10-08 09:23 ET,2026-10-07,0.9083,-3.4133,6.978,none,0,158.91000366210938,0
2026-09-23 15:30:00-04:00,SOXS,33.900001525878906,34.0099983215332,33.599998474121094,33.63719940185547,4605915,2026-10-08 22:23 JST,2026-10-08 09:23 ET,2026-10-07,0.9083,-3.4133,6.978,none,0,158.91000366210938,0
2026-09-23 16:00:00-04:00,SOXS,33.65,33.76,33.54,33.66,0,2026-10-08 22:23 JST,2026-10-08 09:23 ET,2026-10-07,0.9083,-3.4133,6.978,none,0,158.91000366210938,0
2026-09-23 17:00:00-04:00,SOXS,33.6553,33.74,33.65,33.7,0,2026-10-08 22:23 JST,2026-10-08 09:23 ET,2026-10-07,0.9083,-3.4133,6.978,none,0,158.91000366210938,0
2026-09-23 18:00:00-04:00,SOXS,33.68,33.73,33.43,33.61,0,2026-10-08 22:23 JST,2026-10-08 09:23 ET,2026-10-07,0.9083,-3.4133,6.978,none,0,158.91000366210938,0
2026-09-23 19:00:00-04:00,SOXS,33.62,33.76,33.5601,33.75,0,2026-10-08 22:23 JST,2026-10-08 09:23 ET,2026-10-07,0.9083,-3.4133,6.978,none,0,158.91000366210938,0
2026-09-24 04:00:00-04:00,SOXS,34.64,35.49,33.9,35.46,0,2026-10-08 22:23 JST,2026-10-08 09:23 ET,2026-10-07,0.9083,-3.4133,6.978,none,0,158.91000366210938,0
2026-09-24 05:00:00-04:00,SOXS,35.46,36.12,35.28,35.86,0,2026-10-08 22:23 JST,2026-10-08 09:23 ET,2026-10-07,0.9083,-3.4133,6.978,none,0,158.91000366210938,0
2026-09-24 06:00:00-04:00,SOXS,35.86,36.27,35.79,35.94,0,2026-10-08 22:23 JST,2026-10-08 09:23 ET,2026-10-07,0.9083,-3.4133,6.978,none,0,158.91000366210938,0
2026-09-24 07:00:00-04:00,SOXS,35.9364,35.99,35.3303,35.57,0,2026-10-08 22:23 JST,2026-10-08 09:23 ET,2026-10-07,0.9083,-3.4133,6.978,none,0,158.91000366210938,0
2026-09-24 08:00:00-04:00,SOXS,35.56,35.92,35.3,35.7108,0,2026-10-08 22:23 JST,2026-10-08 09:23 ET,2026-10-07,0.9083,-3.4133,6.978,none,0,158.91000366210938,0
2026-09-24 09:00:00-04:00,SOXS,35.71,36.1,35.61,35.74,0,2026-10-08 22:23 JST,2026-10-08 09:23 ET,2026-10-07,0.9083,-3.4133,6.978,none,0,158.91000366210938,0
2026-09-24 09:30:00-04:00,SOXS,35.45000076293945,35.849998474121094,34.29999923706055,34.81999969482422,39718058,2026-10-08 22:23 JST,2026-10-08 09:23 ET,2026-10-07,0.9083,-3.4133,6.978,none,0,158.91000366210938,0
2026-09-24 10:30:00-04:00,SOXS,34.83000183105469,35.540000915527344,34.68000030517578,35.369998931884766,9069198,2026-10-08 22:23 JST,2026-10-08 09:23 ET,2026-10-07,0.9083,-3.4133,6.978,none,0,158.91000366210938,0
2026-09-24 11:30:00-04:00,SOXS,35.369998931884766,35.435001373291016,34.130001068115234,34.4099006652832,8744088,2026-10-08 22:23 JST,2026-10-08 09:23 ET,2026-10-07,0.9083,-3.4133,6.978,none,0,158.91000366210938,0
2026-09-24 12:30:00-04:00,SOXS,34.40999984741211,34.52000045776367,33.43000030517578,34.025001525878906,10036166,2026-10-08 22:23 JST,2026-10-08 09:23 ET,2026-10-07,0.9083,-3.4133,6.978,none,0,158.91000366210938,0
2026-09-24 13:30:00-04:00,SOXS,33.940101623535156,34.7400016784668,33.88999938964844,34.03499984741211,6112463,2026-10-08 22:23 JST,2026-10-08 09:23 ET,2026-10-07,0.9083,-3.4133,6.978,none,0,158.91000366210938,0
2026-09-24 14:30:00-04:00,SOXS,34.03499984741211,34.220001220703125,33.61000061035156,33.86360168457031,5286824,2026-10-08 22:23 JST,2026-10-08 09:23 ET,2026-10-07,0.9083,-3.4133,6.978,none,0,158.91000366210938,0
2026-09-24 15:30:00-04:00,SOXS,33.869998931884766,33.880001068115234,33.56999969482422,33.63999938964844,3501174,2026-10-08 22:23 JST,2026-10-08 09:23 ET,2026-10-07,0.9083,-3.4133,6.978,none,0,158.91000366210938,0
2026-09-24 16:00:00-04:00,SOXS,33.66,34.0,33.63,33.73,0,2026-10-08 22:23 JST,2026-10-08 09:23 ET,2026-10-07,0.9083,-3.4133,6.978,none,0,158.91000366210938,0
2026-09-24 17:00:00-04:00,SOXS,33.73,33.9,33.7108,33.79,0,2026-10-08 22:23 JST,2026-10-08 09:23 ET,2026-10-07,0.9083,-3.4133,6.978,none,0,158.91000366210938,0
2026-09-24 18:00:00-04:00,SOXS,33.7899,33.88,33.68,33.69,0,2026-10-08 22:23 JST,2026-10-08 09:23 ET,2026-10-07,0.9083,-3.4133,6.978,none,0,158.91000366210938,0
2026-09-24 19:00:00-04:00,SOXS,33.6988,33.9,33.68,33.8977,0,2026-10-08 22:23 JST,2026-10-08 09:23 ET,2026-10-07,0.9083,-3.4133,6.978,none,0,158.91000366210938,0
2026-09-25 04:00:00-04:00,SOXS,32.54,33.15,32.04,32.0688,0,2026-10-08 22:23 JST,2026-10-08 09:23 ET,2026-10-07,0.9083,-3.4133,6.978,none,0,158.91000366210938,0
2026-09-25 05:00:00-04:00,SOXS,32.0615,32.1801,31.86,32.11,0,2026-10-08 22:23 JST,2026-10-08 09:23 ET,2026-10-07,0.9083,-3.4133,6.978,none,0,158.91000366210938,0
2026-09-25 06:00:00-04:00,SOXS,32.11,32.35,32.02,32.23,0,2026-10-08 22:23 JST,2026-10-08 09:23 ET,2026-10-07,0.9083,-3.4133,6.978,none,0,158.91000366210938,0
2026-09-25 07:00:00-04:00,SOXS,32.23,32.4902,31.96,32.04,0,2026-10-08 22:23 JST,2026-10-08 09:23 ET,2026-10-07,0.9083,-3.4133,6.978,none,0,158.91000366210938,0
2026-09-25 08:00:00-04:00,SOXS,32.03,32.33,31.94,32.291,0,2026-10-08 22:23 JST,2026-10-08 09:23 ET,2026-10-07,0.9083,-3.4133,6.978,none,0,158.91000366210938,0
2026-09-25 09:00:00-04:00,SOXS,32.29,32.66,32.25,32.2969,0,2026-10-08 22:23 JST,2026-10-08 09:23 ET,2026-10-07,0.9083,-3.4133,6.978,none,0,158.91000366210938,0
2026-09-25 09:30:00-04:00,SOXS,32.970001220703125,33.38999938964844,32.09000015258789,33.189998626708984,30967237,2026-10-08 22:23 JST,2026-10-08 09:23 ET,2026-10-07,0.9083,-3.4133,6.978,none,0,158.91000366210938,0
2026-09-25 10:30:00-04:00,SOXS,33.189300537109375,33.279998779296875,32.3135986328125,32.709999084472656,8810963,2026-10-08 22:23 JST,2026-10-08 09:23 ET,2026-10-07,0.9083,-3.4133,6.978,none,0,158.91000366210938,0
2026-09-25 11:30:00-04:00,SOXS,32.70000076293945,33.11000061035156,31.899999618530273,32.09000015258789,10743468,2026-10-08 22:23 JST,2026-10-08 09:23 ET,2026-10-07,0.9083,-3.4133,6.978,none,0,158.91000366210938,0
2026-09-25 12:30:00-04:00,SOXS,32.084999084472656,32.34000015258789,31.989999771118164,32.16899871826172,5355007,2026-10-08 22:23 JST,2026-10-08 09:23 ET,2026-10-07,0.9083,-3.4133,6.978,none,0,158.91000366210938,0
2026-09-25 13:30:00-04:00,SOXS,32.15999984741211,32.349998474121094,32.109901428222656,32.26499938964844,3141866,2026-10-08 22:23 JST,2026-10-08 09:23 ET,2026-10-07,0.9083,-3.4133,6.978,none,0,158.91000366210938,0
2026-09-25 14:30:00-04:00,SOXS,32.2599983215332,32.489898681640625,32.18149948120117,32.29999923706055,3572372,2026-10-08 22:23 JST,2026-10-08 09:23 ET,2026-10-07,0.9083,-3.4133,6.978,none,0,158.91000366210938,0
2026-09-25 15:30:00-04:00,SOXS,32.310001373291016,32.619998931884766,32.13999938964844,32.459999084472656,4684468,2026-10-08 22:23 JST,2026-10-08 09:23 ET,2026-10-07,0.9083,-3.4133,6.978,none,0,158.91000366210938,0
2026-09-25 16:00:00-04:00,SOXS,32.46,32.55,32.38,32.38,0,2026-10-08 22:23 JST,2026-10-08 09:23 ET,2026-10-07,0.9083,-3.4133,6.978,none,0,158.91000366210938,0
2026-09-25 17:00:00-04:00,SOXS,32.38,32.459,32.21,32.38,0,2026-10-08 22:23 JST,2026-10-08 09:23 ET,2026-10-07,0.9083,-3.4133,6.978,none,0,158.91000366210938,0
2026-09-25 18:00:00-04:00,SOXS,32.37,32.39,32.3,32.32,0,2026-10-08 22:23 JST,2026-10-08 09:23 ET,2026-10-07,0.9083,-3.4133,6.978,none,0,158.91000366210938,0
2026-09-25 19:00:00-04:00,SOXS,32.31,32.35,32.24,32.33,0,2026-10-08 22:23 JST,2026-10-08 09:23 ET,2026-10-07,0.9083,-3.4133,6.978,none,0,158.91000366210938,0
2026-09-28 04:00:00-04:00,SOXS,34.76,34.9,33.89,34.62,0,2026-10-08 22:23 JST,2026-10-08 09:23 ET,2026-10-07,0.9083,-3.4133,6.978,none,0,158.91000366210938,0
2026-09-28 05:00:00-04:00,SOXS,34.62,35.15,34.55,34.7653,0,2026-10-08 22:23 JST,2026-10-08 09:23 ET,2026-10-07,0.9083,-3.4133,6.978,none,0,158.91000366210938,0
2026-09-28 06:00:00-04:00,SOXS,34.75,34.89,34.55,34.69,0,2026-10-08 22:23 JST,2026-10-08 09:23 ET,2026-10-07,0.9083,-3.4133,6.978,none,0,158.91000366210938,0
2026-09-28 07:00:00-04:00,SOXS,34.67,34.78,34.11,34.14,0,2026-10-08 22:23 JST,2026-10-08 09:23 ET,2026-10-07,0.9083,-3.4133,6.978,none,0,158.91000366210938,0
2026-09-28 08:00:00-04:00,SOXS,34.14,34.36,33.55,33.82,0,2026-10-08 22:23 JST,2026-10-08 09:23 ET,2026-10-07,0.9083,-3.4133,6.978,none,0,158.91000366210938,0
2026-09-28 09:00:00-04:00,SOXS,33.82,33.82,33.2,33.4486,0,2026-10-08 22:23 JST,2026-10-08 09:23 ET,2026-10-07,0.9083,-3.4133,6.978,none,0,158.91000366210938,0
2026-09-28 09:30:00-04:00,SOXS,33.16999816894531,35.09000015258789,32.77000045776367,34.755001068115234,34099126,2026-10-08 22:23 JST,2026-10-08 09:23 ET,2026-10-07,0.9083,-3.4133,6.978,none,0,158.91000366210938,0
2026-09-28 10:30:00-04:00,SOXS,34.759700775146484,35.95000076293945,34.56999969482422,35.46500015258789,13089766,2026-10-08 22:23 JST,2026-10-08 09:23 ET,2026-10-07,0.9083,-3.4133,6.978,none,0,158.91000366210938,0
2026-09-28 11:30:00-04:00,SOXS,35.459999084472656,35.599998474121094,33.95989990234375,34.11000061035156,8811903,2026-10-08 22:23 JST,2026-10-08 09:23 ET,2026-10-07,0.9083,-3.4133,6.978,none,0,158.91000366210938,0
2026-09-28 12:30:00-04:00,SOXS,34.11000061035156,34.869998931884766,34.06100082397461,34.47999954223633,8854821,2026-10-08 22:23 JST,2026-10-08 09:23 ET,2026-10-07,0.9083,-3.4133,6.978,none,0,158.91000366210938,0
2026-09-28 13:30:00-04:00,SOXS,34.48899841308594,34.59619903564453,34.29999923706055,34.52239990234375,2386029,2026-10-08 22:23 JST,2026-10-08 09:23 ET,2026-10-07,0.9083,-3.4133,6.978,none,0,158.91000366210938,0
2026-09-28 14:30:00-04:00,SOXS,34.5099983215332,34.77000045776367,34.224998474121094,34.36000061035156,3668639,2026-10-08 22:23 JST,2026-10-08 09:23 ET,2026-10-07,0.9083,-3.4133,6.978,none,0,158.91000366210938,0
2026-09-28 15:30:00-04:00,SOXS,34.36000061035156,34.70000076293945,34.310001373291016,34.459999084472656,3669316,2026-10-08 22:23 JST,2026-10-08 09:23 ET,2026-10-07,0.9083,-3.4133,6.978,none,0,158.91000366210938,0
2026-09-28 16:00:00-04:00,SOXS,34.45,34.68,34.4,34.61,0,2026-10-08 22:23 JST,2026-10-08 09:23 ET,2026-10-07,0.9083,-3.4133,6.978,none,0,158.91000366210938,0
2026-09-28 17:00:00-04:00,SOXS,34.614,34.614,34.43,34.54,0,2026-10-08 22:23 JST,2026-10-08 09:23 ET,2026-10-07,0.9083,-3.4133,6.978,none,0,158.91000366210938,0
2026-09-28 18:00:00-04:00,SOXS,34.54,34.67,34.35,34.43,0,2026-10-08 22:23 JST,2026-10-08 09:23 ET,2026-10-07,0.9083,-3.4133,6.978,none,0,158.91000366210938,0
2026-09-28 19:00:00-04:00,SOXS,34.43,34.4869,34.21,34.36,0,2026-10-08 22:23 JST,2026-10-08 09:23 ET,2026-10-07,0.9083,-3.4133,6.978,none,0,158.91000366210938,0
2026-09-29 04:00:00-04:00,SOXS,34.31,35.7,33.5,33.72,0,2026-10-08 22:23 JST,2026-10-08 09:23 ET,2026-10-07,0.9083,-3.4133,6.978,none,0,158.91000366210938,0
2026-09-29 05:00:00-04:00,SOXS,33.72,34.21,33.5947,34.18,0,2026-10-08 22:23 JST,2026-10-08 09:23 ET,2026-10-07,0.9083,-3.4133,6.978,none,0,158.91000366210938,0
2026-09-29 06:00:00-04:00,SOXS,34.19,34.28,33.71,33.81,0,2026-10-08 22:23 JST,2026-10-08 09:23 ET,2026-10-07,0.9083,-3.4133,6.978,none,0,158.91000366210938,0
2026-09-29 07:00:00-04:00,SOXS,33.8,33.94,33.28,33.535,0,2026-10-08 22:23 JST,2026-10-08 09:23 ET,2026-10-07,0.9083,-3.4133,6.978,none,0,158.91000366210938,0
2026-09-29 08:00:00-04:00,SOXS,33.53,33.57,33.02,33.3,0,2026-10-08 22:23 JST,2026-10-08 09:23 ET,2026-10-07,0.9083,-3.4133,6.978,none,0,158.91000366210938,0
2026-09-29 09:00:00-04:00,SOXS,33.3,33.5086,33.16,33.1685,0,2026-10-08 22:23 JST,2026-10-08 09:23 ET,2026-10-07,0.9083,-3.4133,6.978,none,0,158.91000366210938,0
2026-09-29 09:30:00-04:00,SOXS,32.81999969482422,33.63999938964844,32.13999938964844,32.25859832763672,34536652,2026-10-08 22:23 JST,2026-10-08 09:23 ET,2026-10-07,0.9083,-3.4133,6.978,none,0,158.91000366210938,0
2026-09-29 10:30:00-04:00,SOXS,32.25979995727539,33.040000915527344,31.959999084472656,32.880001068115234,14121704,2026-10-08 22:23 JST,2026-10-08 09:23 ET,2026-10-07,0.9083,-3.4133,6.978,none,0,158.91000366210938,0
2026-09-29 11:30:00-04:00,SOXS,32.880001068115234,33.02640151977539,32.54999923706055,32.84000015258789,6256752,2026-10-08 22:23 JST,2026-10-08 09:23 ET,2026-10-07,0.9083,-3.4133,6.978,none,0,158.91000366210938,0
2026-09-29 12:30:00-04:00,SOXS,32.84000015258789,33.45000076293945,32.84000015258789,33.0,4803739,2026-10-08 22:23 JST,2026-10-08 09:23 ET,2026-10-07,0.9083,-3.4133,6.978,none,0,158.91000366210938,0
2026-09-29 13:30:00-04:00,SOXS,33.0,33.46989822387695,32.91999816894531,33.029998779296875,4681217,2026-10-08 22:23 JST,2026-10-08 09:23 ET,2026-10-07,0.9083,-3.4133,6.978,none,0,158.91000366210938,0
2026-09-29 14:30:00-04:00,SOXS,33.040000915527344,33.25,32.83000183105469,33.22999954223633,2921023,2026-10-08 22:23 JST,2026-10-08 09:23 ET,2026-10-07,0.9083,-3.4133,6.978,none,0,158.91000366210938,0
2026-09-29 15:30:00-04:00,SOXS,33.25,33.439998626708984,33.13999938964844,33.25,3413233,2026-10-08 22:23 JST,2026-10-08 09:23 ET,2026-10-07,0.9083,-3.4133,6.978,none,0,158.91000366210938,0
2026-09-29 16:00:00-04:00,SOXS,33.26,33.36,32.99,33.11,0,2026-10-08 22:23 JST,2026-10-08 09:23 ET,2026-10-07,0.9083,-3.4133,6.978,none,0,158.91000366210938,0
2026-09-29 17:00:00-04:00,SOXS,33.1271,33.1271,32.97,33.08,0,2026-10-08 22:23 JST,2026-10-08 09:23 ET,2026-10-07,0.9083,-3.4133,6.978,none,0,158.91000366210938,0
2026-09-29 18:00:00-04:00,SOXS,33.085,33.085,32.88,32.9999,0,2026-10-08 22:23 JST,2026-10-08 09:23 ET,2026-10-07,0.9083,-3.4133,6.978,none,0,158.91000366210938,0
2026-09-29 19:00:00-04:00,SOXS,33.0,33.02,32.7877,32.79,0,2026-10-08 22:23 JST,2026-10-08 09:23 ET,2026-10-07,0.9083,-3.4133,6.978,none,0,158.91000366210938,0
2026-09-30 04:00:00-04:00,SOXS,33.26,34.05,33.0,33.23,0,2026-10-08 22:23 JST,2026-10-08 09:23 ET,2026-10-07,0.9083,-3.4133,6.978,none,0,158.91000366210938,0
2026-09-30 05:00:00-04:00,SOXS,33.2301,33.64,33.17,33.45,0,2026-10-08 22:23 JST,2026-10-08 09:23 ET,2026-10-07,0.9083,-3.4133,6.978,none,0,158.91000366210938,0
2026-09-30 06:00:00-04:00,SOXS,33.45,33.78,33.32,33.6432,0,2026-10-08 22:23 JST,2026-10-08 09:23 ET,2026-10-07,0.9083,-3.4133,6.978,none,0,158.91000366210938,0
2026-09-30 07:00:00-04:00,SOXS,33.65,34.08,33.5562,33.82,0,2026-10-08 22:23 JST,2026-10-08 09:23 ET,2026-10-07,0.9083,-3.4133,6.978,none,0,158.91000366210938,0
2026-09-30 08:00:00-04:00,SOXS,33.8,34.18,33.61,33.68,0,2026-10-08 22:23 JST,2026-10-08 09:23 ET,2026-10-07,0.9083,-3.4133,6.978,none,0,158.91000366210938,0
2026-09-30 09:00:00-04:00,SOXS,33.67,33.74,32.6685,32.82,0,2026-10-08 22:23 JST,2026-10-08 09:23 ET,2026-10-07,0.9083,-3.4133,6.978,none,0,158.91000366210938,0
2026-09-30 09:30:00-04:00,SOXS,33.06999969482422,33.58000183105469,32.41999816894531,33.459999084472656,25985915,2026-10-08 22:23 JST,2026-10-08 09:23 ET,2026-10-07,0.9083,-3.4133,6.978,none,0,158.91000366210938,0
2026-09-30 10:30:00-04:00,SOXS,33.459999084472656,33.86000061035156,33.27009963989258,33.357601165771484,6014256,2026-10-08 22:23 JST,2026-10-08 09:23 ET,2026-10-07,0.9083,-3.4133,6.978,none,0,158.91000366210938,0
2026-09-30 11:30:00-04:00,SOXS,33.349998474121094,33.58000183105469,33.231201171875,33.570098876953125,3683418,2026-10-08 22:23 JST,2026-10-08 09:23 ET,2026-10-07,0.9083,-3.4133,6.978,none,0,158.91000366210938,0
2026-09-30 12:30:00-04:00,SOXS,33.57500076293945,33.71500015258789,33.279998779296875,33.5099983215332,3111548,2026-10-08 22:23 JST,2026-10-08 09:23 ET,2026-10-07,0.9083,-3.4133,6.978,none,0,158.91000366210938,0
2026-09-30 13:30:00-04:00,SOXS,33.505001068115234,33.529998779296875,33.08000183105469,33.125,2815621,2026-10-08 22:23 JST,2026-10-08 09:23 ET,2026-10-07,0.9083,-3.4133,6.978,none,0,158.91000366210938,0
2026-09-30 14:30:00-04:00,SOXS,33.11989974975586,33.380001068115234,32.869998931884766,32.93000030517578,3128567,2026-10-08 22:23 JST,2026-10-08 09:23 ET,2026-10-07,0.9083,-3.4133,6.978,none,0,158.91000366210938,0
2026-09-30 15:30:00-04:00,SOXS,32.93000030517578,33.154998779296875,32.630001068115234,33.130001068115234,4381756,2026-10-08 22:23 JST,2026-10-08 09:23 ET,2026-10-07,0.9083,-3.4133,6.978,none,0,158.91000366210938,0
2026-09-30 16:00:00-04:00,SOXS,33.11,33.53,32.65,33.0107,0,2026-10-08 22:23 JST,2026-10-08 09:23 ET,2026-10-07,0.9083,-3.4133,6.978,none,0,158.91000366210938,0
2026-09-30 17:00:00-04:00,SOXS,33.01,33.61,32.9903,33.3147,0,2026-10-08 22:23 JST,2026-10-08 09:23 ET,2026-10-07,0.9083,-3.4133,6.978,none,0,158.91000366210938,0
2026-09-30 18:00:00-04:00,SOXS,33.28,33.36,32.8,32.96,0,2026-10-08 22:23 JST,2026-10-08 09:23 ET,2026-10-07,0.9083,-3.4133,6.978,none,0,158.91000366210938,0
2026-09-30 19:00:00-04:00,SOXS,32.96,33.02,32.7194,32.81,0,2026-10-08 22:23 JST,2026-10-08 09:23 ET,2026-10-07,0.9083,-3.4133,6.978,none,0,158.91000366210938,0
2026-10-01 04:00:00-04:00,SOXS,31.72,32.22,30.02,32.22,0,2026-10-08 22:23 JST,2026-10-08 09:23 ET,2026-10-07,0.9083,-3.4133,6.978,none,0,158.91000366210938,0
2026-10-01 05:00:00-04:00,SOXS,32.22,32.42,31.62,31.7,0,2026-10-08 22:23 JST,2026-10-08 09:23 ET,2026-10-07,0.9083,-3.4133,6.978,none,0,158.91000366210938,0
2026-10-01 06:00:00-04:00,SOXS,31.7,32.4307,31.67,32.01,0,2026-10-08 22:23 JST,2026-10-08 09:23 ET,2026-10-07,0.9083,-3.4133,6.978,none,0,158.91000366210938,0
2026-10-01 07:00:00-04:00,SOXS,32.0,32.72,31.635,32.57,0,2026-10-08 22:23 JST,2026-10-08 09:23 ET,2026-10-07,0.9083,-3.4133,6.978,none,0,158.91000366210938,0
2026-10-01 08:00:00-04:00,SOXS,32.56,32.7,32.18,32.52,0,2026-10-08 22:23 JST,2026-10-08 09:23 ET,2026-10-07,0.9083,-3.4133,6.978,none,0,158.91000366210938,0
2026-10-01 09:00:00-04:00,SOXS,32.5318,33.0,32.44,32.88,0,2026-10-08 22:23 JST,2026-10-08 09:23 ET,2026-10-07,0.9083,-3.4133,6.978,none,0,158.91000366210938,0
2026-10-01 09:30:00-04:00,SOXS,32.94499969482422,33.88999938964844,32.36029815673828,33.314998626708984,41672205,2026-10-08 22:23 JST,2026-10-08 09:23 ET,2026-10-07,0.9083,-3.4133,6.978,none,0,158.91000366210938,0
2026-10-01 10:30:00-04:00,SOXS,33.310001373291016,33.439998626708984,32.52000045776367,32.79499816894531,13948081,2026-10-08 22:23 JST,2026-10-08 09:23 ET,2026-10-07,0.9083,-3.4133,6.978,none,0,158.91000366210938,0
2026-10-01 11:30:00-04:00,SOXS,32.779998779296875,33.24620056152344,32.63999938964844,32.810001373291016,7128529,2026-10-08 22:23 JST,2026-10-08 09:23 ET,2026-10-07,0.9083,-3.4133,6.978,none,0,158.91000366210938,0
2026-10-01 12:30:00-04:00,SOXS,32.810001373291016,32.9900016784668,31.59119987487793,31.659500122070312,7361651,2026-10-08 22:23 JST,2026-10-08 09:23 ET,2026-10-07,0.9083,-3.4133,6.978,none,0,158.91000366210938,0
2026-10-01 13:30:00-04:00,SOXS,31.649999618530273,32.34000015258789,31.100000381469727,31.670000076293945,12184736,2026-10-08 22:23 JST,2026-10-08 09:23 ET,2026-10-07,0.9083,-3.4133,6.978,none,0,158.91000366210938,0
2026-10-01 14:30:00-04:00,SOXS,31.65999984741211,31.90999984741211,31.354999542236328,31.795000076293945,6152744,2026-10-08 22:23 JST,2026-10-08 09:23 ET,2026-10-07,0.9083,-3.4133,6.978,none,0,158.91000366210938,0
2026-10-01 15:30:00-04:00,SOXS,31.790000915527344,31.8799991607666,31.368000030517578,31.739999771118164,3458840,2026-10-08 22:23 JST,2026-10-08 09:23 ET,2026-10-07,0.9083,-3.4133,6.978,none,0,158.91000366210938,0
2026-10-01 16:00:00-04:00,SOXS,31.76,31.81,31.605,31.74,0,2026-10-08 22:23 JST,2026-10-08 09:23 ET,2026-10-07,0.9083,-3.4133,6.978,none,0,158.91000366210938,0
2026-10-01 17:00:00-04:00,SOXS,31.74,31.94,31.7,31.83,0,2026-10-08 22:23 JST,2026-10-08 09:23 ET,2026-10-07,0.9083,-3.4133,6.978,none,0,158.91000366210938,0
2026-10-01 18:00:00-04:00,SOXS,31.845,31.85,31.58,31.59,0,2026-10-08 22:23 JST,2026-10-08 09:23 ET,2026-10-07,0.9083,-3.4133,6.978,none,0,158.91000366210938,0
2026-10-01 19:00:00-04:00,SOXS,31.615,31.64,31.42,31.55,0,2026-10-08 22:23 JST,2026-10-08 09:23 ET,2026-10-07,0.9083,-3.4133,6.978,none,0,158.91000366210938,0
2026-10-02 04:00:00-04:00,SOXS,30.87,31.56,30.3,30.46,0,2026-10-08 22:23 JST,2026-10-08 09:23 ET,2026-10-07,0.9083,-3.4133,6.978,none,0,158.91000366210938,0
2026-10-02 05:00:00-04:00,SOXS,30.46,30.55,30.27,30.3298,0,2026-10-08 22:23 JST,2026-10-08 09:23 ET,2026-10-07,0.9083,-3.4133,6.978,none,0,158.91000366210938,0
2026-10-02 06:00:00-04:00,SOXS,30.325,30.61,30.2,30.44,0,2026-10-08 22:23 JST,2026-10-08 09:23 ET,2026-10-07,0.9083,-3.4133,6.978,none,0,158.91000366210938,0
2026-10-02 07:00:00-04:00,SOXS,30.425,30.525,30.16,30.28,0,2026-10-08 22:23 JST,2026-10-08 09:23 ET,2026-10-07,0.9083,-3.4133,6.978,none,0,158.91000366210938,0
2026-10-02 08:00:00-04:00,SOXS,30.2705,30.56,30.07,30.11,0,2026-10-08 22:23 JST,2026-10-08 09:23 ET,2026-10-07,0.9083,-3.4133,6.978,none,0,158.91000366210938,0
2026-10-02 09:00:00-04:00,SOXS,30.09,30.1064,29.075,29.41,0,2026-10-08 22:23 JST,2026-10-08 09:23 ET,2026-10-07,0.9083,-3.4133,6.978,none,0,158.91000366210938,0
2026-10-02 09:30:00-04:00,SOXS,29.69879913330078,29.875,28.459999084472656,28.58989906311035,50969835,2026-10-08 22:23 JST,2026-10-08 09:23 ET,2026-10-07,0.9083,-3.4133,6.978,none,0,158.91000366210938,0
2026-10-02 10:30:00-04:00,SOXS,28.59000015258789,29.629899978637695,28.579999923706055,29.290000915527344,17680038,2026-10-08 22:23 JST,2026-10-08 09:23 ET,2026-10-07,0.9083,-3.4133,6.978,none,0,158.91000366210938,0
2026-10-02 11:30:00-04:00,SOXS,29.290000915527344,29.440000534057617,28.822999954223633,29.209999084472656,9386071,2026-10-08 22:23 JST,2026-10-08 09:23 ET,2026-10-07,0.9083,-3.4133,6.978,none,0,158.91000366210938,0
2026-10-02 12:30:00-04:00,SOXS,29.209999084472656,29.93000030517578,29.100000381469727,29.93000030517578,7850370,2026-10-08 22:23 JST,2026-10-08 09:23 ET,2026-10-07,0.9083,-3.4133,6.978,none,0,158.91000366210938,0
2026-10-02 13:30:00-04:00,SOXS,29.940000534057617,29.979999542236328,29.570100784301758,29.79010009765625,5075187,2026-10-08 22:23 JST,2026-10-08 09:23 ET,2026-10-07,0.9083,-3.4133,6.978,none,0,158.91000366210938,0
2026-10-02 14:30:00-04:00,SOXS,29.799999237060547,29.899999618530273,29.520000457763672,29.65999984741211,3435877,2026-10-08 22:23 JST,2026-10-08 09:23 ET,2026-10-07,0.9083,-3.4133,6.978,none,0,158.91000366210938,0
2026-10-02 15:30:00-04:00,SOXS,29.65999984741211,29.770000457763672,29.354999542236328,29.709999084472656,4925846,2026-10-08 22:23 JST,2026-10-08 09:23 ET,2026-10-07,0.9083,-3.4133,6.978,none,0,158.91000366210938,0
2026-10-02 16:00:00-04:00,SOXS,29.7138,29.77,29.62,29.67,0,2026-10-08 22:23 JST,2026-10-08 09:23 ET,2026-10-07,0.9083,-3.4133,6.978,none,0,158.91000366210938,0
2026-10-02 17:00:00-04:00,SOXS,29.6704,29.8,29.6704,29.75,0,2026-10-08 22:23 JST,2026-10-08 09:23 ET,2026-10-07,0.9083,-3.4133,6.978,none,0,158.91000366210938,0
2026-10-02 18:00:00-04:00,SOXS,29.75,29.8,29.66,29.66,0,2026-10-08 22:23 JST,2026-10-08 09:23 ET,2026-10-07,0.9083,-3.4133,6.978,none,0,158.91000366210938,0
2026-10-02 19:00:00-04:00,SOXS,29.66,29.68,29.57,29.62,0,2026-10-08 22:23 JST,2026-10-08 09:23 ET,2026-10-07,0.9083,-3.4133,6.978,none,0,158.91000366210938,0
2026-10-05 04:00:00-04:00,SOXS,29.39,29.69,29.23,29.69,0,2026-10-08 22:23 JST,2026-10-08 09:23 ET,2026-10-07,0.9083,-3.4133,6.978,none,0,158.91000366210938,0
2026-10-05 05:00:00-04:00,SOXS,29.7,30.18,29.6107,30.06,0,2026-10-08 22:23 JST,2026-10-08 09:23 ET,2026-10-07,0.9083,-3.4133,6.978,none,0,158.91000366210938,0
2026-10-05 06:00:00-04:00,SOXS,30.07,30.3486,29.99,30.27,0,2026-10-08 22:23 JST,2026-10-08 09:23 ET,2026-10-07,0.9083,-3.4133,6.978,none,0,158.91000366210938,0
2026-10-05 07:00:00-04:00,SOXS,30.27,30.49,30.03,30.14,0,2026-10-08 22:23 JST,2026-10-08 09:23 ET,2026-10-07,0.9083,-3.4133,6.978,none,0,158.91000366210938,0
2026-10-05 08:00:00-04:00,SOXS,30.13,30.495,30.07,30.41,0,2026-10-08 22:23 JST,2026-10-08 09:23 ET,2026-10-07,0.9083,-3.4133,6.978,none,0,158.91000366210938,0
2026-10-05 09:00:00-04:00,SOXS,30.415,30.5572,30.2991,30.35,0,2026-10-08 22:23 JST,2026-10-08 09:23 ET,2026-10-07,0.9083,-3.4133,6.978,none,0,158.91000366210938,0
2026-10-05 09:30:00-04:00,SOXS,30.09000015258789,30.75,29.8799991607666,30.045000076293945,26425841,2026-10-08 22:23 JST,2026-10-08 09:23 ET,2026-10-07,0.9083,-3.4133,6.978,none,0,158.91000366210938,0
2026-10-05 10:30:00-04:00,SOXS,30.049999237060547,30.239900588989258,29.86989974975586,29.972299575805664,6386232,2026-10-08 22:23 JST,2026-10-08 09:23 ET,2026-10-07,0.9083,-3.4133,6.978,none,0,158.91000366210938,0
2026-10-05 11:30:00-04:00,SOXS,29.975000381469727,30.08799934387207,29.8799991607666,30.030000686645508,3875379,2026-10-08 22:23 JST,2026-10-08 09:23 ET,2026-10-07,0.9083,-3.4133,6.978,none,0,158.91000366210938,0
2026-10-05 12:30:00-04:00,SOXS,30.030000686645508,30.03969955444336,29.860000610351562,29.94499969482422,3098037,2026-10-08 22:23 JST,2026-10-08 09:23 ET,2026-10-07,0.9083,-3.4133,6.978,none,0,158.91000366210938,0
2026-10-05 13:30:00-04:00,SOXS,29.94499969482422,29.95639991760254,29.68000030517578,29.690000534057617,3273360,2026-10-08 22:23 JST,2026-10-08 09:23 ET,2026-10-07,0.9083,-3.4133,6.978,none,0,158.91000366210938,0
2026-10-05 14:30:00-04:00,SOXS,29.69499969482422,29.975000381469727,29.621200561523438,29.739999771118164,3491942,2026-10-08 22:23 JST,2026-10-08 09:23 ET,2026-10-07,0.9083,-3.4133,6.978,none,0,158.91000366210938,0
2026-10-05 15:30:00-04:00,SOXS,29.739999771118164,29.774999618530273,29.614999771118164,29.614999771118164,2453059,2026-10-08 22:23 JST,2026-10-08 09:23 ET,2026-10-07,0.9083,-3.4133,6.978,none,0,158.91000366210938,0
2026-10-05 16:00:00-04:00,SOXS,29.62,29.7,29.5,29.51,0,2026-10-08 22:23 JST,2026-10-08 09:23 ET,2026-10-07,0.9083,-3.4133,6.978,none,0,158.91000366210938,0
2026-10-05 17:00:00-04:00,SOXS,29.5002,29.556,29.5,29.535,0,2026-10-08 22:23 JST,2026-10-08 09:23 ET,2026-10-07,0.9083,-3.4133,6.978,none,0,158.91000366210938,0
2026-10-05 18:00:00-04:00,SOXS,29.53,29.54,29.4,29.5,0,2026-10-08 22:23 JST,2026-10-08 09:23 ET,2026-10-07,0.9083,-3.4133,6.978,none,0,158.91000366210938,0
2026-10-05 19:00:00-04:00,SOXS,29.5018,29.51,29.39,29.395,0,2026-10-08 22:23 JST,2026-10-08 09:23 ET,2026-10-07,0.9083,-3.4133,6.978,none,0,158.91000366210938,0
2026-10-06 04:00:00-04:00,SOXS,29.65,29.84,29.42,29.65,0,2026-10-08 22:23 JST,2026-10-08 09:23 ET,2026-10-07,0.9083,-3.4133,6.978,none,0,158.91000366210938,0
2026-10-06 05:00:00-04:00,SOXS,29.67,29.74,29.5,29.6,0,2026-10-08 22:23 JST,2026-10-08 09:23 ET,2026-10-07,0.9083,-3.4133,6.978,none,0,158.91000366210938,0
2026-10-06 06:00:00-04:00,SOXS,29.62,29.65,29.339,29.42,0,2026-10-08 22:23 JST,2026-10-08 09:23 ET,2026-10-07,0.9083,-3.4133,6.978,none,0,158.91000366210938,0
2026-10-06 07:00:00-04:00,SOXS,29.42,29.44,28.93,29.0287,0,2026-10-08 22:23 JST,2026-10-08 09:23 ET,2026-10-07,0.9083,-3.4133,6.978,none,0,158.91000366210938,0
2026-10-06 08:00:00-04:00,SOXS,29.02,29.17,28.9,29.12,0,2026-10-08 22:23 JST,2026-10-08 09:23 ET,2026-10-07,0.9083,-3.4133,6.978,none,0,158.91000366210938,0
2026-10-06 09:00:00-04:00,SOXS,29.11,29.325,29.02,29.06,0,2026-10-08 22:23 JST,2026-10-08 09:23 ET,2026-10-07,0.9083,-3.4133,6.978,none,0,158.91000366210938,0
2026-10-06 09:30:00-04:00,SOXS,29.059999465942383,29.450000762939453,28.6200008392334,29.149999618530273,24910691,2026-10-08 22:23 JST,2026-10-08 09:23 ET,2026-10-07,0.9083,-3.4133,6.978,none,0,158.91000366210938,0
2026-10-06 10:30:00-04:00,SOXS,29.139999389648438,29.270000457763672,28.690000534057617,29.020000457763672,8338772,2026-10-08 22:23 JST,2026-10-08 09:23 ET,2026-10-07,0.9083,-3.4133,6.978,none,0,158.91000366210938,0
2026-10-06 11:30:00-04:00,SOXS,29.024999618530273,29.3799991607666,28.934999465942383,29.229999542236328,5637581,2026-10-08 22:23 JST,2026-10-08 09:23 ET,2026-10-07,0.9083,-3.4133,6.978,none,0,158.91000366210938,0
2026-10-06 12:30:00-04:00,SOXS,29.23900032043457,29.40999984741211,29.070999145507812,29.179000854492188,3608374,2026-10-08 22:23 JST,2026-10-08 09:23 ET,2026-10-07,0.9083,-3.4133,6.978,none,0,158.91000366210938,0
2026-10-06 13:30:00-04:00,SOXS,29.18000030517578,29.239999771118164,28.950000762939453,29.189699172973633,3376470,2026-10-08 22:23 JST,2026-10-08 09:23 ET,2026-10-07,0.9083,-3.4133,6.978,none,0,158.91000366210938,0
2026-10-06 14:30:00-04:00,SOXS,29.181100845336914,29.409900665283203,29.1200008392334,29.389999389648438,3121215,2026-10-08 22:23 JST,2026-10-08 09:23 ET,2026-10-07,0.9083,-3.4133,6.978,none,0,158.91000366210938,0
2026-10-06 15:30:00-04:00,SOXS,29.389999389648438,29.770000457763672,29.389999389648438,29.639999389648438,4714484,2026-10-08 22:23 JST,2026-10-08 09:23 ET,2026-10-07,0.9083,-3.4133,6.978,none,0,158.91000366210938,0
2026-10-06 16:00:00-04:00,SOXS,29.63,29.67,29.58,29.59,0,2026-10-08 22:23 JST,2026-10-08 09:23 ET,2026-10-07,0.9083,-3.4133,6.978,none,0,158.91000366210938,0
2026-10-06 17:00:00-04:00,SOXS,29.58,29.5995,29.4934,29.52,0,2026-10-08 22:23 JST,2026-10-08 09:23 ET,2026-10-07,0.9083,-3.4133,6.978,none,0,158.91000366210938,0
2026-10-06 18:00:00-04:00,SOXS,29.53,29.54,29.49,29.5096,0,2026-10-08 22:23 JST,2026-10-08 09:23 ET,2026-10-07,0.9083,-3.4133,6.978,none,0,158.91000366210938,0
2026-10-06 19:00:00-04:00,SOXS,29.578,29.5785,29.52,29.56,0,2026-10-08 22:23 JST,2026-10-08 09:23 ET,2026-10-07,0.9083,-3.4133,6.978,none,0,158.91000366210938,0
2026-10-07 04:00:00-04:00,SOXS,30.0,30.11,29.5748,30.08,0,2026-10-08 22:23 JST,2026-10-08 09:23 ET,2026-10-07,0.9083,-3.4133,6.978,none,0,158.91000366210938,0
2026-10-07 05:00:00-04:00,SOXS,30.08,30.705,30.01,30.52,0,2026-10-08 22:23 JST,2026-10-08 09:23 ET,2026-10-07,0.9083,-3.4133,6.978,none,0,158.91000366210938,0
2026-10-07 06:00:00-04:00,SOXS,30.52,30.8,30.49,30.631,0,2026-10-08 22:23 JST,2026-10-08 09:23 ET,2026-10-07,0.9083,-3.4133,6.978,none,0,158.91000366210938,0
2026-10-07 07:00:00-04:00,SOXS,30.64,31.34,30.62,31.19,0,2026-10-08 22:23 JST,2026-10-08 09:23 ET,2026-10-07,0.9083,-3.4133,6.978,none,0,158.91000366210938,0
2026-10-07 08:00:00-04:00,SOXS,31.18,31.64,31.0875,31.51,0,2026-10-08 22:23 JST,2026-10-08 09:23 ET,2026-10-07,0.9083,-3.4133,6.978,none,0,158.91000366210938,0
2026-10-07 09:00:00-04:00,SOXS,31.51,31.5603,31.32,31.34,0,2026-10-08 22:23 JST,2026-10-08 09:23 ET,2026-10-07,0.9083,-3.4133,6.978,none,0,158.91000366210938,0
2026-10-07 09:30:00-04:00,SOXS,31.549999237060547,31.969999313354492,30.8700008392334,30.991100311279297,35078182,2026-10-08 22:23 JST,2026-10-08 09:23 ET,2026-10-07,0.9083,-3.4133,6.978,none,0,158.91000366210938,0
2026-10-07 10:30:00-04:00,SOXS,30.990100860595703,31.3799991607666,30.8700008392334,31.239999771118164,7871272,2026-10-08 22:23 JST,2026-10-08 09:23 ET,2026-10-07,0.9083,-3.4133,6.978,none,0,158.91000366210938,0
2026-10-07 11:30:00-04:00,SOXS,31.229999542236328,31.290000915527344,30.959999084472656,31.21769905090332,4975528,2026-10-08 22:23 JST,2026-10-08 09:23 ET,2026-10-07,0.9083,-3.4133,6.978,none,0,158.91000366210938,0
2026-10-07 12:30:00-04:00,SOXS,31.21820068359375,31.248699188232422,30.799999237060547,30.91710090637207,4306765,2026-10-08 22:23 JST,2026-10-08 09:23 ET,2026-10-07,0.9083,-3.4133,6.978,none,0,158.91000366210938,0
2026-10-07 13:30:00-04:00,SOXS,30.920000076293945,31.1200008392334,30.780000686645508,30.893400192260742,3688142,2026-10-08 22:23 JST,2026-10-08 09:23 ET,2026-10-07,0.9083,-3.4133,6.978,none,0,158.91000366210938,0
2026-10-07 14:30:00-04:00,SOXS,30.891300201416016,31.264999389648438,30.8700008392334,30.969999313354492,3465597,2026-10-08 22:23 JST,2026-10-08 09:23 ET,2026-10-07,0.9083,-3.4133,6.978,none,0,158.91000366210938,0
2026-10-07 15:30:00-04:00,SOXS,30.9685001373291,30.9685001373291,30.5,30.639999389648438,6209235,2026-10-08 22:23 JST,2026-10-08 09:23 ET,2026-10-07,0.9083,-3.4133,6.978,none,0,158.91000366210938,0
2026-10-07 16:00:00-04:00,SOXS,30.645,30.65,30.645,30.65,62537,2026-10-08 22:23 JST,2026-10-08 09:23 ET,2026-10-07,0.9083,-3.4133,6.978,none,0,158.91000366210938,0
2026-10-07 19:00:00-04:00,SOXS,30.3285,30.34,30.2719,30.3299,0,2026-10-08 22:23 JST,2026-10-08 09:23 ET,2026-10-07,0.9083,-3.4133,6.978,none,0,158.91000366210938,0
2026-10-08 04:00:00-04:00,SOXS,31.32,32.06,30.49,32.05,0,2026-10-08 22:23 JST,2026-10-08 09:23 ET,2026-10-07,0.9083,-3.4133,6.978,none,0,158.91000366210938,0
2026-10-08 05:00:00-04:00,SOXS,32.05,32.07,31.72,31.98,0,2026-10-08 22:23 JST,2026-10-08 09:23 ET,2026-10-07,0.9083,-3.4133,6.978,none,0,158.91000366210938,0
2026-10-08 06:00:00-04:00,SOXS,31.99,32.68,31.97,32.5,0,2026-10-08 22:23 JST,2026-10-08 09:23 ET,2026-10-07,0.9083,-3.4133,6.978,none,0,158.91000366210938,0
2026-10-08 07:00:00-04:00,SOXS,32.5,32.665,32.24,32.52,0,2026-10-08 22:23 JST,2026-10-08 09:23 ET,2026-10-07,0.9083,-3.4133,6.978,none,0,158.91000366210938,0
2026-10-08 08:00:00-04:00,SOXS,32.515,32.6,32.29,32.37,0,2026-10-08 22:23 JST,2026-10-08 09:23 ET,2026-10-07,0.9083,-3.4133,6.978,none,0,158.91000366210938,0
2026-10-08 09:00:00-04:00,SOXS,32.36,32.3885,32.05,32.11,0,2026-10-08 22:23 JST,2026-10-08 09:23 ET,2026-10-07,0.9083,-3.4133,6.978,none,0,158.91000366210938,0
